deltaMs,gpsLat,gpsLon,speed,rawLatG,rawLongG
49,43.04657874,-89.44435108,0.019763073,-0.042810865,-0.01945682
337,43.04657848,-89.44435072,0.019763073,-0.007706831,-0.010665657
393,43.04657848,-89.44435072,0.019763073,-0.01410747,0.020030553
455,43.04657848,-89.44435072,0.019763073,-0.004458188,0.034004163
513,43.04657848,-89.44435072,0.019763073,-0.011138855,0.082227744
574,43.04657848,-89.44435072,0.019763073,-0.011432568,0.10326708
633,43.04657848,-89.44435072,0.019763073,-0.016695736,0.11910033
691,43.04657848,-89.44435072,0.019763073,-0.005604532,0.12777586
751,43.04657848,-89.44435072,0.019763073,-0.012004548,0.14838882
809,43.04657848,-89.44435072,0.019763073,4.64E-04,0.14979893
866,43.04657848,-89.44435072,0.019763073,0.005964793,0.14898439
923,43.04657848,-89.44435072,0.019763073,-0.01644245,0.14294623
984,43.04657848,-89.44435072,0.019763073,-0.011113872,0.142119
1044,43.04657848,-89.44435072,0.019763073,-0.006038794,0.1543239
1101,43.04657848,-89.44435072,0.019763073,-0.008557866,0.15497875
1161,43.04657848,-89.44435072,0.019763073,-0.008409079,0.15129389
1218,43.04657848,-89.44435072,0.019763073,-0.014177087,0.1497871
1279,43.04657857,-89.44434958,0.036431238,-0.018015938,0.16017444
1338,43.04657857,-89.44434958,0.036431238,-0.028488878,0.16383384
1396,43.04657857,-89.44434958,0.036431238,-0.024910172,0.17352082
1453,43.04657857,-89.44434958,0.036431238,-0.01946335,0.16258943
1509,43.04657857,-89.44434958,0.036431238,-0.010211457,0.15339193
1566,43.04657857,-89.44434958,0.036431238,-0.014943892,0.15951346
1622,43.04657857,-89.44434958,0.036431238,-0.02532876,0.14434087
1677,43.04657857,-89.44434958,0.036431238,-0.022701394,0.17878439
1732,43.04657857,-89.44434958,0.036431238,-0.033676937,0.17693557
1791,43.04657857,-89.44434958,0.036431238,-0.015584943,0.1746706
1848,43.04657857,-89.44434958,0.036431238,-0.020345502,0.19790407
1904,43.04657857,-89.44434958,0.036431238,-0.008789302,0.18906301
1962,43.04657857,-89.44434958,0.036431238,-0.025064584,0.1598237
2018,43.04657857,-89.44434958,0.036431238,-0.026358522,0.20690022
2075,43.04657857,-89.44434958,0.036431238,-0.021453971,0.16849412
2135,43.04657857,-89.44434958,0.036431238,-0.039612822,0.13807428
2194,43.04657857,-89.44434958,0.036431238,-0.02512996,0.24520083
2250,43.04657857,-89.44434958,0.036431238,-0.04658127,0.22413835
2312,43.04657901,-89.4443495,0.173635963,-0.019828912,0.19952191
2371,43.04657901,-89.4443495,0.173635963,-0.049672052,0.1594863
2426,43.04657901,-89.4443495,0.173635963,-0.05614269,0.14117587
2487,43.04657901,-89.4443495,0.173635963,-0.030025527,0.20253024
2544,43.04657901,-89.4443495,0.173635963,-0.029365622,0.16798413
2600,43.04657901,-89.4443495,0.173635963,-6.52E-04,0.16674227
2656,43.04657901,-89.4443495,0.173635963,0.02825752,0.17354746
2712,43.04657901,-89.4443495,0.173635963,0.034851573,0.14067073
2770,43.04657901,-89.4443495,0.173635963,-0.007475935,0.12637256
2834,43.04657901,-89.4443495,0.173635963,0.004919271,0.12119076
2892,43.04657901,-89.4443495,0.173635963,-0.007797191,0.12652008
2951,43.04657901,-89.4443495,0.173635963,-0.028073289,0.0737079
3009,43.04657901,-89.4443495,0.173635963,0.019057497,0.07259904
3071,43.04657901,-89.4443495,0.173635963,0.040342867,0.08785227
3131,43.04657901,-89.4443495,0.173635963,0.01148291,0.055502545
3192,43.04657901,-89.4443495,0.173635963,0.024059035,0.08201865
3249,43.04657901,-89.4443495,0.173635963,-0.019688593,0.083341226
3308,43.04658214,-89.44437027,0.55052643,0.048372753,0.05696401
3367,43.04658214,-89.44437027,0.55052643,0.006298296,0.02410769
3425,43.04658214,-89.44437027,0.55052643,0.045628812,0.04067311
3483,43.04658214,-89.44437027,0.55052643,0.061446644,-0.008696518
3543,43.04658214,-89.44437027,0.55052643,0.10535753,-0.1130262
3604,43.04658214,-89.44437027,0.55052643,0.09158909,-0.10486846
3667,43.04658214,-89.44437027,0.55052643,0.11354192,-0.095935546
3731,43.04658214,-89.44437027,0.55052643,0.17300026,-0.14942674
3788,43.04658214,-89.44437027,0.55052643,0.14768757,-0.054608233
3849,43.04658214,-89.44437027,0.55052643,0.088618904,-0.09829871
3908,43.04658214,-89.44437027,0.55052643,0.13673559,-0.11027742
3971,43.04658214,-89.44437027,0.55052643,0.09344376,-0.110152364
4032,43.04658214,-89.44437027,0.55052643,0.115640834,-0.1403356
4098,43.04658214,-89.44437027,0.55052643,0.14045702,-0.067928284
4161,43.04658214,-89.44437027,0.55052643,0.12542672,-0.10113396
4224,43.04658214,-89.44437027,0.55052643,0.1529524,-0.066217676
4292,43.04658781,-89.4444164,1.27710188,0.09530373,-0.003804257
4350,43.04658781,-89.4444164,1.27710188,0.20132689,0.030262262
4409,43.04658781,-89.4444164,1.27710188,0.15327433,-0.030742778
4467,43.04658781,-89.4444164,1.27710188,0.13470398,-0.001844412
4527,43.04658781,-89.4444164,1.27710188,0.16793728,0.03393967
4590,43.04658781,-89.4444164,1.27710188,0.13544582,0.041248605
4652,43.04658781,-89.4444164,1.27710188,0.1178771,0.029777603
4712,43.04658781,-89.4444164,1.27710188,0.15612926,0.059910778
4769,43.04658781,-89.4444164,1.27710188,0.11750462,0.041846734
4833,43.04658781,-89.4444164,1.27710188,0.14188926,0.046713125
4890,43.04658781,-89.4444164,1.27710188,0.16365702,-0.033986196
4948,43.04658781,-89.4444164,1.27710188,0.11509431,0.11979585
5008,43.04658781,-89.4444164,1.27710188,0.19599712,0.10086034
5072,43.04658781,-89.4444164,1.27710188,0.14863588,0.1186686
5135,43.04658781,-89.4444164,1.27710188,0.073055506,0.023864541
5204,43.04658781,-89.4444164,1.27710188,0.47222036,0.024456067
5264,43.04660031,-89.44447466,2.090432576,0.38032725,-0.10038728
5322,43.04660031,-89.44447466,2.090432576,0.20009643,0.024311272
5388,43.04660031,-89.44447466,2.090432576,0.1922283,-0.11472637
5450,43.04660031,-89.44447466,2.090432576,0.25024688,-0.054163445
5506,43.04660031,-89.44447466,2.090432576,0.19022831,-0.09527491
5564,43.04660031,-89.44447466,2.090432576,0.17577398,-0.12707843
5621,43.04660031,-89.44447466,2.090432576,0.18411314,-0.03770847
5682,43.04660031,-89.44447466,2.090432576,0.19732308,-0.017199662
5742,43.04660031,-89.44447466,2.090432576,0.13134073,0.003390017
5806,43.04660031,-89.44447466,2.090432576,0.3172381,-0.10278361
5863,43.04660031,-89.44447466,2.090432576,0.3704131,-0.022691423
5919,43.04660031,-89.44447466,2.090432576,0.26061958,-0.12147659
5977,43.04660031,-89.44447466,2.090432576,0.29811502,-0.004689571
6033,43.04660031,-89.44447466,2.090432576,0.27966857,-0.00773687
6089,43.04660031,-89.44447466,2.090432576,0.27580097,-0.05488372
6151,43.04660031,-89.44447466,2.090432576,0.27959314,-0.036370505
6210,43.04660031,-89.44447466,2.090432576,0.11486715,0.03648494
6276,43.04661462,-89.44452252,2.696753175,0.2338623,-0.016004236
6332,43.04661462,-89.44452252,2.696753175,0.22754033,0.05387225
6389,43.04661462,-89.44452252,2.696753175,0.193741,0.062852964
6449,43.04661462,-89.44452252,2.696753175,0.06038857,-0.10794741
6505,43.04661462,-89.44452252,2.696753175,0.16742122,-0.007412722
6561,43.04661462,-89.44452252,2.696753175,0.20501307,-0.097860254
6617,43.04661462,-89.44452252,2.696753175,0.22812113,-0.01130159
6672,43.04661462,-89.44452252,2.696753175,0.24781647,-0.040171877
6735,43.04661462,-89.44452252,2.696753175,0.30477843,0.011861123
6794,43.04661462,-89.44452252,2.696753175,0.1838232,0.015256652
6856,43.04661462,-89.44452252,2.696753175,0.06981555,-0.031927288
6912,43.04661462,-89.44452252,2.696753175,0.14113764,0.083920866
6973,43.04661462,-89.44452252,2.696753175,0.14185582,0.012260675
7035,43.04661462,-89.44452252,2.696753175,0.19470198,-0.023145849
7097,43.04661462,-89.44452252,2.696753175,0.26458794,-0.026901796
7156,43.04661462,-89.44452252,2.696753175,0.18593985,9.22E-04
7213,43.04661462,-89.44452252,2.696753175,0.23990342,-0.056283507
7274,43.04663531,-89.44455844,3.058179278,0.18647107,-0.062287636
7339,43.04663531,-89.44455844,3.058179278,0.16336393,0.01971871
7396,43.04663531,-89.44455844,3.058179278,0.06933504,0.044903565
7451,43.04663531,-89.44455844,3.058179278,0.06278059,0.006221725
7509,43.04663531,-89.44455844,3.058179278,0.0390295,0.003224017
7572,43.04663531,-89.44455844,3.058179278,0.14244685,0.01528914
7631,43.04663531,-89.44455844,3.058179278,0.08206375,0.011446682
7695,43.04663531,-89.44455844,3.058179278,0.05396714,-0.01857314
7753,43.04663531,-89.44455844,3.058179278,0.017853655,-0.01792627
7814,43.04663531,-89.44455844,3.058179278,0.00478946,-0.035965335
7875,43.04663531,-89.44455844,3.058179278,0.04207579,-0.04951265
7933,43.04663531,-89.44455844,3.058179278,-0.046458263,0.005237308
7992,43.04663531,-89.44455844,3.058179278,-0.012034714,0.039133936
8049,43.04663531,-89.44455844,3.058179278,-0.005108669,0.003354356
8109,43.04663531,-89.44455844,3.058179278,0.044182166,0.00548975
8167,43.04663531,-89.44455844,3.058179278,0.09983922,-0.009354775
8225,43.04663531,-89.44455844,3.058179278,-0.050842196,-0.11951776
8285,43.04666195,-89.44457702,3.23145889,0.06267062,-0.052603167
8340,43.04666195,-89.44457702,3.23145889,-0.06343525,-0.004925314
8397,43.04666195,-89.44457702,3.23145889,-0.079087436,-0.064631134
8456,43.04666195,-89.44457702,3.23145889,0.047142867,0.011378871
8515,43.04666195,-89.44457702,3.23145889,0.060184546,0.03677695
8572,43.04666195,-89.44457702,3.23145889,0.14991634,0.11058667
8630,43.04666195,-89.44457702,3.23145889,-0.03422797,0.05780504
8686,43.04666195,-89.44457702,3.23145889,0.062444303,0.1526637
8741,43.04666195,-89.44457702,3.23145889,-0.113634706,0.2049847
8803,43.04666195,-89.44457702,3.23145889,-0.12280046,0.13168882
8861,43.04666195,-89.44457702,3.23145889,0.001666863,0.08502471
8919,43.04666195,-89.44457702,3.23145889,0.06230224,-0.031031623
8980,43.04666195,-89.44457702,3.23145889,0.13161238,0.011418152
9037,43.04666195,-89.44457702,3.23145889,-0.055062495,0.06986976
9097,43.04666195,-89.44457702,3.23145889,-0.024705097,0.093537316
9157,43.04666195,-89.44457702,3.23145889,0.021940311,0.14537042
9215,43.04666195,-89.44457702,3.23145889,-0.1257583,0.06104273
9272,43.04670377,-89.44457756,3.399079077,-0.041298587,0.04663279
9329,43.04670377,-89.44457756,3.399079077,0.00670871,-0.001938014
9386,43.04670377,-89.44457756,3.399079077,-0.036827944,0.047276106
9443,43.04670377,-89.44457756,3.399079077,-0.01849869,0.03416815
9504,43.04670377,-89.44457756,3.399079077,0.038601685,0.024436966
9565,43.04670377,-89.44457756,3.399079077,0.016950008,0.015127298
9625,43.04670377,-89.44457756,3.399079077,-0.001397323,0.036208298
9683,43.04670377,-89.44457756,3.399079077,0.03934981,0.08335307
9747,43.04670377,-89.44457756,3.399079077,0.047005713,0.012544706
9806,43.04670377,-89.44457756,3.399079077,0.07543648,0.08589193
9866,43.04670377,-89.44457756,3.399079077,0.02896411,0.023353474
9922,43.04670377,-89.44457756,3.399079077,3.52E-04,0.015056764
9979,43.04670377,-89.44457756,3.399079077,0.012256353,-0.04760553
10039,43.04670377,-89.44457756,3.399079077,0.08413988,-0.045764048
10103,43.04670377,-89.44457756,3.399079077,0.021130437,-0.055450816
10162,43.04670377,-89.44457756,3.399079077,-0.027082315,-0.002317565
10223,43.04670377,-89.44457756,3.399079077,-8.92E-04,-0.08674327
10281,43.04675185,-89.44456186,3.599590726,-0.035780545,-0.1324151
10363,43.04675185,-89.44456186,3.599590726,-0.008083301,-0.063365355
10420,43.04675185,-89.44456186,3.599590726,0.010219818,-0.086694226
10481,43.04675185,-89.44456186,3.599590726,0.004828603,-0.119492605
10539,43.04675185,-89.44456186,3.599590726,0.006959097,-0.06710447
10603,43.04675185,-89.44456186,3.599590726,-0.004942768,-0.106740914
10661,43.04675185,-89.44456186,3.599590726,0.013522,-0.06555549
10720,43.04675185,-89.44456186,3.599590726,0.04408005,-0.09662266
10778,43.04675185,-89.44456186,3.599590726,0.02519443,-0.09708014
10834,43.04675185,-89.44456186,3.599590726,0.007948131,-0.14177717
10895,43.04675185,-89.44456186,3.599590726,0.06227327,-0.12572822
10954,43.04675185,-89.44456186,3.599590726,-0.052466657,-0.114756495
11015,43.04675185,-89.44456186,3.599590726,0.010828463,-0.10183076
11074,43.04675185,-89.44456186,3.599590726,-0.019932788,-0.07288087
11132,43.04675185,-89.44456186,3.599590726,0.07652661,-0.08546318
11193,43.04675185,-89.44456186,3.599590726,-0.049855184,-0.14184348
11250,43.04675185,-89.44456186,3.599590726,-0.1080055,-0.1516605
11313,43.04680116,-89.44453701,3.818318431,-0.07014144,-0.11776335
11371,43.04680116,-89.44453701,3.818318431,0.15318032,-0.13579488
11433,43.04680116,-89.44453701,3.818318431,-0.06741322,-0.13039687
11490,43.04680116,-89.44453701,3.818318431,-0.16755952,-0.047326237
11547,43.04680116,-89.44453701,3.818318431,-0.15021585,-0.18209513
11603,43.04680116,-89.44453701,3.818318431,-0.08141798,-0.09180211
11662,43.04680116,-89.44453701,3.818318431,-0.047444843,-0.13747586
11721,43.04680116,-89.44453701,3.818318431,0.056060944,-0.19723712
11781,43.04680116,-89.44453701,3.818318431,-0.096644424,-0.23670018
11841,43.04680116,-89.44453701,3.818318431,0.056616228,-0.077868715
11898,43.04680116,-89.44453701,3.818318431,-0.044650566,-0.057728156
11958,43.04680116,-89.44453701,3.818318431,-0.07553675,-0.09325878
12017,43.04680116,-89.44453701,3.818318431,-0.096763454,-0.08134894
12075,43.04680116,-89.44453701,3.818318431,-0.10140109,-0.09061537
12137,43.04680116,-89.44453701,3.818318431,-0.18513478,-0.075594105
12197,43.04680116,-89.44453701,3.818318431,-0.071402624,-0.10109834
12259,43.04680116,-89.44453701,3.818318431,-0.11578387,-0.031079577
12319,43.04686605,-89.44450542,3.623141518,-0.06507413,-0.10949624
12379,43.04686605,-89.44450542,3.623141518,0.025532713,-0.08074619
12440,43.04686605,-89.44450542,3.623141518,-0.092249624,-0.109886974
12497,43.04686605,-89.44450542,3.623141518,0.042757772,-0.09695991
12555,43.04686605,-89.44450542,3.623141518,0.008432288,-0.122200035
12613,43.04686605,-89.44450542,3.623141518,-0.12308814,-0.08918577
12669,43.04686605,-89.44450542,3.623141518,-0.12471757,0.014763936
12728,43.04686605,-89.44450542,3.623141518,-0.13270335,-0.1102506
12787,43.04686605,-89.44450542,3.623141518,1.17E-04,0.016651245
12848,43.04686605,-89.44450542,3.623141518,-0.052337736,-0.049782176
12907,43.04686605,-89.44450542,3.623141518,-0.04268426,-0.0496276
12972,43.04686605,-89.44450542,3.623141518,-0.06283975,0.029573452
13035,43.04686605,-89.44450542,3.623141518,0.085380234,-0.060792197
13095,43.04686605,-89.44450542,3.623141518,-0.075066365,0.011119518
13158,43.04686605,-89.44450542,3.623141518,-0.086739846,-0.09889954
13217,43.04686605,-89.44450542,3.623141518,-0.056407005,0.009881443
13281,43.04692589,-89.44447837,4.078670639,-0.05175085,-0.001788815
13338,43.04692589,-89.44447837,4.078670639,-0.068106696,-0.018083593
13396,43.04692589,-89.44447837,4.078670639,0.008652766,-0.011807623
13457,43.04692589,-89.44447837,4.078670639,0.07495553,-0.1246181
13516,43.04692589,-89.44447837,4.078670639,-0.049193807,-0.001462989
13573,43.04692589,-89.44447837,4.078670639,-0.014020531,0.001296132
13629,43.04692589,-89.44447837,4.078670639,-0.122887455,-0.075481124
13690,43.04692589,-89.44447837,4.078670639,-0.099057935,-0.100411296
13747,43.04692589,-89.44447837,4.078670639,-0.12735538,0.011626395
13809,43.04692589,-89.44447837,4.078670639,-0.09764979,-0.047228448
13867,43.04692589,-89.44447837,4.078670639,-0.075499706,-0.06386388
13926,43.04692589,-89.44447837,4.078670639,-0.040675502,-0.09243401
13987,43.04692589,-89.44447837,4.078670639,0.08561177,-0.024523512
14046,43.04692589,-89.44447837,4.078670639,-0.011483417,-0.08651264
14106,43.04692589,-89.44447837,4.078670639,0.024781927,-0.16980429
14165,43.04692589,-89.44447837,4.078670639,-0.08061514,-0.104409665
14224,43.04692589,-89.44447837,4.078670639,-0.009808079,-0.19485523
14286,43.04698904,-89.44445589,4.626719939,-0.011335329,0.02314425
14342,43.04698904,-89.44445589,4.626719939,0.07372393,-0.089830905
14398,43.04698904,-89.44445589,4.626719939,0.0779741,-0.098897114
14455,43.04698904,-89.44445589,4.626719939,0.020702906,0.013493295
14519,43.04698904,-89.44445589,4.626719939,0.074570894,-0.17494178
14584,43.04698904,-89.44445589,4.626719939,0.12246982,-0.15376154
14641,43.04698904,-89.44445589,4.626719939,0.18716154,-0.09834572
14699,43.04698904,-89.44445589,4.626719939,0.21525595,-0.10879727
14763,43.04698904,-89.44445589,4.626719939,0.108791605,-0.11669618
14820,43.04698904,-89.44445589,4.626719939,0.25153145,-0.18344899
14883,43.04698904,-89.44445589,4.626719939,0.11554706,-0.12766026
14947,43.04698904,-89.44445589,4.626719939,0.26317194,-0.089346215
15006,43.04698904,-89.44445589,4.626719939,0.26841238,-0.11966866
15066,43.04698904,-89.44445589,4.626719939,0.08028786,-0.21937427
15135,43.04698904,-89.44445589,4.626719939,0.14852794,-0.16757904
15194,43.04698904,-89.44445589,4.626719939,0.09688031,-0.090175025
15257,43.04698904,-89.44445589,4.626719939,0.19267668,-0.11322751
15326,43.04707576,-89.44441959,4.4128848,0.1362474,-0.08917263
15391,43.04707576,-89.44441959,4.4128848,0.22932847,-0.124629885
15450,43.04707576,-89.44441959,4.4128848,0.12993081,0.010254616
15509,43.04707576,-89.44441959,4.4128848,0.066600904,-0.18871209
15569,43.04707576,-89.44441959,4.4128848,0.12608883,-0.17012426
15627,43.04707576,-89.44441959,4.4128848,0.14440785,-0.06508733
15686,43.04707576,-89.44441959,4.4128848,0.15872546,-0.046418834
15751,43.04707576,-89.44441959,4.4128848,0.20519178,-0.04966791
15812,43.04707576,-89.44441959,4.4128848,0.15477097,-0.07665238
15873,43.04707576,-89.44441959,4.4128848,0.14804088,-6.39E-04
15932,43.04707576,-89.44441959,4.4128848,0.18290137,-0.038178183
15994,43.04707576,-89.44441959,4.4128848,0.22503626,-0.10393797
16052,43.04707576,-89.44441959,4.4128848,0.26968193,-0.07536412
16111,43.04707576,-89.44441959,4.4128848,0.15173927,-0.054010015
16170,43.04707576,-89.44441959,4.4128848,0.24526615,-0.036178272
16236,43.04707576,-89.44441959,4.4128848,0.22469996,-0.08987267
16294,43.0471446,-89.44439645,4.881147819,0.18569963,-0.10217871
16350,43.0471446,-89.44439645,4.881147819,0.10311794,-0.04864801
16409,43.0471446,-89.44439645,4.881147819,0.1263577,-0.09014835
16469,43.0471446,-89.44439645,4.881147819,0.13636325,-0.04277969
16534,43.0471446,-89.44439645,4.881147819,0.1252501,-0.059960548
16598,43.0471446,-89.44439645,4.881147819,0.20804425,-0.014750415
16660,43.0471446,-89.44439645,4.881147819,0.26964536,-0.06519014
16720,43.0471446,-89.44439645,4.881147819,0.2845298,-0.09449006
16778,43.0471446,-89.44439645,4.881147819,0.2026778,-0.10409734
16834,43.0471446,-89.44439645,4.881147819,0.08868471,0.016331295
16896,43.0471446,-89.44439645,4.881147819,-0.008661228,-0.02261737
16954,43.0471446,-89.44439645,4.881147819,0.24090746,0.094918616
17013,43.0471446,-89.44439645,4.881147819,0.22717966,-0.005506318
17071,43.0471446,-89.44439645,4.881147819,0.35082737,0.018110234
17131,43.0471446,-89.44439645,4.881147819,0.29914576,0.10800129
17196,43.0471446,-89.44439645,4.881147819,0.17397083,0.103500135
17270,43.04719977,-89.44435858,5.289325212,0.17702001,0.045624025
17326,43.04719977,-89.44435858,5.289325212,0.15166794,0.059528492
17386,43.04719977,-89.44435858,5.289325212,0.19832042,0.19022872
17445,43.04719977,-89.44435858,5.289325212,0.16282474,0.19020306
17513,43.04719977,-89.44435858,5.289325212,0.23365083,0.09580706
17574,43.04719977,-89.44435858,5.289325212,0.27640536,0.10354121
17633,43.04719977,-89.44435858,5.289325212,0.27620456,0.047842354
17697,43.04719977,-89.44435858,5.289325212,0.3000008,0.0551113
17758,43.04719977,-89.44435858,5.289325212,0.22581156,0.087271735
17817,43.04719977,-89.44435858,5.289325212,0.20285128,0.06647821
17877,43.04719977,-89.44435858,5.289325212,0.24202895,0.0585038
17933,43.04719977,-89.44435858,5.289325212,0.24718438,0.087638944
17990,43.04719977,-89.44435858,5.289325212,0.20756301,0.075848304
18047,43.04719977,-89.44435858,5.289325212,0.1411238,0.051348597
18107,43.04719977,-89.44435858,5.289325212,0.19322169,0.049692884
18166,43.04719977,-89.44435858,5.289325212,0.16440994,-0.022129226
18223,43.04719977,-89.44435858,5.289325212,0.15894309,-0.01712711
18284,43.04737432,-89.44415774,6.217668041,0.10586132,0.04411229
18340,43.04737432,-89.44415774,6.217668041,0.13520183,0.0631859
18396,43.04737432,-89.44415774,6.217668041,0.1364257,0.021397563
18453,43.04737432,-89.44415774,6.217668041,0.08089351,-0.005496083
18511,43.04737432,-89.44415774,6.217668041,0.12436965,0.024215516
18572,43.04737432,-89.44415774,6.217668041,0.012330809,0.036055528
18630,43.04737432,-89.44415774,6.217668041,0.053668693,6.50E-04
18689,43.04737432,-89.44415774,6.217668041,0.051704798,-0.012576675
18746,43.04737432,-89.44415774,6.217668041,0.05414721,0.037812088
18806,43.04737432,-89.44415774,6.217668041,0.012385371,-0.006613882
18867,43.04737432,-89.44415774,6.217668041,-0.03909183,0.024557699
18924,43.04737432,-89.44415774,6.217668041,-0.008962567,-0.002097485
18981,43.04737432,-89.44415774,6.217668041,0.033716924,0.03276961
19042,43.04737432,-89.44415774,6.217668041,0.038651895,0.0215239
19102,43.04737432,-89.44415774,6.217668041,0.032579698,-0.028181603
19163,43.04737432,-89.44415774,6.217668041,0.07844268,-0.037000116
19220,43.04737432,-89.44415774,6.217668041,-0.072477445,-0.045883257
19276,43.0473681,-89.44405933,7.152526942,-0.006514389,0.008883565
19334,43.0473681,-89.44405933,7.152526942,-0.038784117,-3.11E-04
19391,43.0473681,-89.44405933,7.152526942,-0.059136298,0.02563302
19449,43.0473681,-89.44405933,7.152526942,-0.045926154,0.019014651
19516,43.0473681,-89.44405933,7.152526942,-0.083981715,-0.047646422
19577,43.0473681,-89.44405933,7.152526942,-0.023180556,-0.055149484
19636,43.0473681,-89.44405933,7.152526942,-0.034563527,0.032207545
19697,43.0473681,-89.44405933,7.152526942,-0.12556623,0.056432545
19756,43.0473681,-89.44405933,7.152526942,0.10436986,0.012563442
19823,43.0473681,-89.44405933,7.152526942,-0.002120566,-0.069197714
19886,43.0473681,-89.44405933,7.152526942,0.004357099,-0.058429345
19944,43.0473681,-89.44405933,7.152526942,0.051680997,-0.05839078
20006,43.0473681,-89.44405933,7.152526942,0.01836174,-0.09191891
20069,43.0473681,-89.44405933,7.152526942,0.08880819,-0.060706753
20135,43.0473681,-89.44405933,7.152526942,0.14683408,-0.04951493
20197,43.0473681,-89.44405933,7.152526942,0.024544228,-0.003921147
20255,43.0473681,-89.44405933,7.152526942,0.011618572,-0.082921
20316,43.04735831,-89.44395383,7.921966986,-0.11146127,-0.106352605
20374,43.04735831,-89.44395383,7.921966986,0.0028006,-0.0945316
20431,43.04735831,-89.44395383,7.921966986,0.061535217,-0.06837289
20489,43.04735831,-89.44395383,7.921966986,-0.012123529,-0.05625196
20547,43.04735831,-89.44395383,7.921966986,0.03893495,-0.095069975
20604,43.04735831,-89.44395383,7.921966986,0.004826764,-0.02706934
20663,43.04735831,-89.44395383,7.921966986,0.020027438,-0.029519064
20726,43.04735831,-89.44395383,7.921966986,-0.021091608,-0.04907132
20787,43.04735831,-89.44395383,7.921966986,-0.018236661,-0.06851248
20846,43.04735831,-89.44395383,7.921966986,0.043605734,-0.058851924
20902,43.04735831,-89.44395383,7.921966986,0.01655952,-0.061438754
20962,43.04735831,-89.44395383,7.921966986,0.03187276,-0.08349105
21018,43.04735831,-89.44395383,7.921966986,0.057119265,-0.010929229
21078,43.04735831,-89.44395383,7.921966986,0.04951366,-0.050735354
21136,43.04735831,-89.44395383,7.921966986,-0.015049575,-0.010853054
21198,43.04735831,-89.44395383,7.921966986,0.013571138,-0.07189361
21255,43.04735831,-89.44395383,7.921966986,-0.051305506,-0.08634132
21312,43.04734133,-89.44384537,8.449680207,0.015877455,-0.018612016
21395,43.04734133,-89.44384537,8.449680207,-0.001048791,-0.06754499
21459,43.04734133,-89.44384537,8.449680207,-0.05621337,-0.025695503
21519,43.04734133,-89.44384537,8.449680207,0.30674323,0.07409666
21578,43.04734133,-89.44384537,8.449680207,-0.2155084,-0.14548008
21640,43.04734133,-89.44384537,8.449680207,-0.013429018,-0.05896288
21698,43.04734133,-89.44384537,8.449680207,-0.014126894,-0.029630154
21759,43.04734133,-89.44384537,8.449680207,-0.057252392,-0.002312799
21823,43.04734133,-89.44384537,8.449680207,0.23137918,-0.14117147
21881,43.04734133,-89.44384537,8.449680207,-0.24518386,-0.09876943
21947,43.04734133,-89.44384537,8.449680207,-0.15898387,-0.018214813
22011,43.04734133,-89.44384537,8.449680207,-0.061532147,-0.08709567
22068,43.04734133,-89.44384537,8.449680207,0.13605513,0.023446001
22130,43.04734133,-89.44384537,8.449680207,0.050516237,-0.040509008
22192,43.04734133,-89.44384537,8.449680207,0.04485672,-0.044561554
22249,43.04734133,-89.44384537,8.449680207,-0.006048997,-0.043100186
22306,43.04731649,-89.44373818,8.838599323,-0.005095685,-0.08432695
22362,43.04731649,-89.44373818,8.838599323,0.14575985,-0.031703714
22418,43.04731649,-89.44373818,8.838599323,-0.007892075,0.002013072
22482,43.04731649,-89.44373818,8.838599323,0.11295119,-0.042215083
22542,43.04731649,-89.44373818,8.838599323,0.084034905,-0.010740644
22604,43.04731649,-89.44373818,8.838599323,0.008119591,-0.02574029
22663,43.04731649,-89.44373818,8.838599323,-0.015970038,-0.05479441
22725,43.04731649,-89.44373818,8.838599323,-0.25020903,-0.041541208
22789,43.04731649,-89.44373818,8.838599323,-0.16934906,-0.06132363
22847,43.04731649,-89.44373818,8.838599323,-0.0180001,0.005910023
22908,43.04731649,-89.44373818,8.838599323,0.041338515,-0.04675875
22968,43.04731649,-89.44373818,8.838599323,0.017209612,-0.06297882
23034,43.04731649,-89.44373818,8.838599323,0.040333986,-0.0905818
23092,43.04731649,-89.44373818,8.838599323,-0.13024284,-0.06911248
23149,43.04731649,-89.44373818,8.838599323,-0.11828739,-0.012571055
23207,43.04731649,-89.44373818,8.838599323,-0.051035266,-0.05180283
23266,43.04728209,-89.44362498,9.26716411,0.001837004,-0.04324076
23327,43.04728209,-89.44362498,9.26716411,-0.041985754,0.016250333
23385,43.04728209,-89.44362498,9.26716411,0.008100207,-0.007955406
23443,43.04728209,-89.44362498,9.26716411,0.06353959,-0.047168884
23500,43.04728209,-89.44362498,9.26716411,0.065742664,-0.04381984
23560,43.04728209,-89.44362498,9.26716411,0.009846915,-0.060126085
23622,43.04728209,-89.44362498,9.26716411,0.02123401,-0.002070909
23679,43.04728209,-89.44362498,9.26716411,0.09428702,-0.017325995
23736,43.04728209,-89.44362498,9.26716411,0.055824175,0.001563246
23791,43.04728209,-89.44362498,9.26716411,-0.11211977,-0.077411175
23850,43.04728209,-89.44362498,9.26716411,-0.003063801,-0.014915573
23916,43.04728209,-89.44362498,9.26716411,-0.037871663,-0.063090764
23978,43.04728209,-89.44362498,9.26716411,-0.14288935,0.030648189
24039,43.04728209,-89.44362498,9.26716411,0.112307824,0.021498453
24105,43.04728209,-89.44362498,9.26716411,-0.013027722,-0.073514774
24165,43.04728209,-89.44362498,9.26716411,-0.052811284,-0.045754395
24223,43.04728209,-89.44362498,9.26716411,-6.22E-04,-0.004461117
24288,43.04724282,-89.44350875,9.775551152,-0.02910881,-0.037084874
24344,43.04724282,-89.44350875,9.775551152,0.005395807,-0.03173016
24405,43.04724282,-89.44350875,9.775551152,0.00335938,-0.06348586
24463,43.04724282,-89.44350875,9.775551152,0.022755828,-0.06264234
24521,43.04724282,-89.44350875,9.775551152,0.035562143,-0.053219646
24589,43.04724282,-89.44350875,9.775551152,-0.09245113,-0.15298678
24649,43.04724282,-89.44350875,9.775551152,-0.013735462,-0.108699955
24711,43.04724282,-89.44350875,9.775551152,-0.04986827,-0.09736018
24775,43.04724282,-89.44350875,9.775551152,-0.008075235,-0.05488512
24832,43.04724282,-89.44350875,9.775551152,-0.024990818,-0.110039726
24892,43.04724282,-89.44350875,9.775551152,0.08859729,-0.024960097
24952,43.04724282,-89.44350875,9.775551152,-0.020723827,-0.07655625
25015,43.04724282,-89.44350875,9.775551152,-0.001912152,-0.06480364
25075,43.04724282,-89.44350875,9.775551152,0.02075795,-0.063215874
25131,43.04724282,-89.44350875,9.775551152,-0.011533024,-0.13075314
25190,43.04724282,-89.44350875,9.775551152,0.039123114,-0.069156475
25249,43.04724282,-89.44350875,9.775551152,0.002996068,-0.08016736
25309,43.04720013,-89.44338967,10.10263538,7.53E-04,-0.09964311
25370,43.04720013,-89.44338967,10.10263538,-0.07632159,-0.21344006
25426,43.04720013,-89.44338967,10.10263538,-0.10894095,-0.14740048
25486,43.04720013,-89.44338967,10.10263538,-0.109173045,-0.17060442
25543,43.04720013,-89.44338967,10.10263538,-0.06557438,-0.19302583
25606,43.04720013,-89.44338967,10.10263538,-0.078103215,-0.182336
25663,43.04720013,-89.44338967,10.10263538,0.00212706,-0.17064984
25725,43.04720013,-89.44338967,10.10263538,0.001614561,-0.11453037
25784,43.04720013,-89.44338967,10.10263538,0.060194425,-0.16519614
25842,43.04720013,-89.44338967,10.10263538,-0.038405288,-0.16607268
25903,43.04720013,-89.44338967,10.10263538,0.0724219,-0.15060113
25966,43.04720013,-89.44338967,10.10263538,0.042667005,-0.2007056
26027,43.04720013,-89.44338967,10.10263538,-0.07569888,-0.3345842
26087,43.04720013,-89.44338967,10.10263538,0.006559392,-0.17185368
26145,43.04720013,-89.44338967,10.10263538,-0.07293868,-0.16457023
26205,43.04720013,-89.44338967,10.10263538,-0.08471388,-0.24882413
26269,43.04715768,-89.44327661,9.907993123,0.032097057,-0.24156858
26326,43.04715768,-89.44327661,9.907993123,-0.09181317,-0.29585576
26385,43.04715768,-89.44327661,9.907993123,0.05195907,-0.26666525
26441,43.04715768,-89.44327661,9.907993123,6.57E-04,-0.14074749
26500,43.04715768,-89.44327661,9.907993123,0.007954937,-0.18836226
26565,43.04715768,-89.44327661,9.907993123,0.010012358,-0.24661767
26626,43.04715768,-89.44327661,9.907993123,0.021891763,-0.22802623
26684,43.04715768,-89.44327661,9.907993123,0.010487547,-0.27340057
26743,43.04715768,-89.44327661,9.907993123,-0.015438795,-0.20896344
26803,43.04715768,-89.44327661,9.907993123,-0.04665989,-0.31353617
26863,43.04715768,-89.44327661,9.907993123,-0.062134027,-0.26070613
26920,43.04715768,-89.44327661,9.907993123,0.029426262,-0.28040704
26977,43.04715768,-89.44327661,9.907993123,-0.03330327,-0.2278182
27040,43.04715768,-89.44327661,9.907993123,0.026639227,-0.2345091
27101,43.04715768,-89.44327661,9.907993123,0.043362442,-0.29001033
27158,43.04715768,-89.44327661,9.907993123,-0.11008729,-0.28245726
27215,43.04715768,-89.44327661,9.907993123,-0.08031626,-0.21204808
27275,43.04712245,-89.44318169,9.000725248,-0.060883395,-0.2176525
27334,43.04712245,-89.44318169,9.000725248,0.049288034,-0.30650276
27390,43.04712245,-89.44318169,9.000725248,-0.03915953,-0.22291945
27450,43.04712245,-89.44318169,9.000725248,-0.05149098,-0.25632304
27508,43.04712245,-89.44318169,9.000725248,-0.011571593,-0.29235825
27570,43.04712245,-89.44318169,9.000725248,-0.09105694,-0.20860766
27637,43.04712245,-89.44318169,9.000725248,-0.1211752,-0.19374877
27694,43.04712245,-89.44318169,9.000725248,0.029405138,-0.16139846
27753,43.04712245,-89.44318169,9.000725248,0.12088281,-0.1598437
27817,43.04712245,-89.44318169,9.000725248,0.026970286,-0.14238878
27880,43.04712245,-89.44318169,9.000725248,-0.049328543,-0.18445106
27939,43.04712245,-89.44318169,9.000725248,-0.057419203,0.043692466
28000,43.04712245,-89.44318169,9.000725248,0.073215894,-0.017070105
28058,43.04712245,-89.44318169,9.000725248,-0.056272853,-0.06024716
28116,43.04712245,-89.44318169,9.000725248,0.045428947,-0.03616376
28176,43.04712245,-89.44318169,9.000725248,-0.042512078,0.029988287
28235,43.04712245,-89.44318169,9.000725248,0.0358462,-0.03719182
28292,43.04709621,-89.44310682,7.682693374,0.11771833,0.046430197
28348,43.04709621,-89.44310682,7.682693374,-0.14401004,-0.001846318
28405,43.04709621,-89.44310682,7.682693374,-0.092906415,-0.06497562
28464,43.04709621,-89.44310682,7.682693374,0.14293098,0.073792785
28523,43.04709621,-89.44310682,7.682693374,0.1635555,0.051324975
28585,43.04709621,-89.44310682,7.682693374,0.29520336,0.101471186
28644,43.04709621,-89.44310682,7.682693374,0.26087412,0.07057704
28701,43.04709621,-89.44310682,7.682693374,0.08133597,0.06943123
28762,43.04709621,-89.44310682,7.682693374,0.05551723,0.07202328
28825,43.04709621,-89.44310682,7.682693374,-0.05224175,0.052398946
28885,43.04709621,-89.44310682,7.682693374,0.107703924,0.07362872
28945,43.04709621,-89.44310682,7.682693374,0.03831649,0.087123945
29002,43.04709621,-89.44310682,7.682693374,0.2006304,-0.035639554
29061,43.04709621,-89.44310682,7.682693374,0.21205533,-0.013931765
29121,43.04709621,-89.44310682,7.682693374,0.26209784,0.009144781
29190,43.04709621,-89.44310682,7.682693374,0.35651168,-0.036137152
29250,43.04709621,-89.44310682,7.682693374,0.1546366,-0.023806311
29314,43.04706881,-89.44304458,7.020180256,0.1904234,0.001703694
29370,43.04706881,-89.44304458,7.020180256,0.15053292,0.07252913
29427,43.04706881,-89.44304458,7.020180256,0.09709391,-0.032927137
29486,43.04706881,-89.44304458,7.020180256,0.097603455,-0.006330792
29545,43.04706881,-89.44304458,7.020180256,0.15116328,0.050268956
29604,43.04706881,-89.44304458,7.020180256,0.2918185,0.035347376
29664,43.04706881,-89.44304458,7.020180256,0.2439327,0.09046008
29723,43.04706881,-89.44304458,7.020180256,0.39649898,0.11375826
29787,43.04706881,-89.44304458,7.020180256,0.30410025,0.0403059
29849,43.04706881,-89.44304458,7.020180256,0.15620975,0.009480704
29907,43.04706881,-89.44304458,7.020180256,0.14171824,0.029901493
29965,43.04706881,-89.44304458,7.020180256,0.21274397,0.073036805
30023,43.04706881,-89.44304458,7.020180256,0.28916627,0.06665537
30081,43.04706881,-89.44304458,7.020180256,0.20285644,0.08407448
30139,43.04706881,-89.44304458,7.020180256,0.30921924,0.007751606
30194,43.04706881,-89.44304458,7.020180256,0.33074158,0.114610866
30253,43.04706881,-89.44304458,7.020180256,0.18844399,-0.016627125
30312,43.04702743,-89.44299769,6.809479446,0.13449065,-0.061945785
30372,43.04702743,-89.44299769,6.809479446,0.1340421,0.110522784
30428,43.04702743,-89.44299769,6.809479446,-0.018342214,-0.002848625
30488,43.04702743,-89.44299769,6.809479446,0.14545985,0.06467207
30547,43.04702743,-89.44299769,6.809479446,0.15345839,-0.07295623
30606,43.04702743,-89.44299769,6.809479446,0.20025855,0.042578515
30665,43.04702743,-89.44299769,6.809479446,0.1055723,-0.04056627
30727,43.04702743,-89.44299769,6.809479446,0.06895045,0.13360015
30788,43.04702743,-89.44299769,6.809479446,0.026183555,-0.038143717
30847,43.04702743,-89.44299769,6.809479446,-0.041086826,-0.04828995
30911,43.04702743,-89.44299769,6.809479446,0.07187351,-0.095517665
30969,43.04702743,-89.44299769,6.809479446,0.14367874,-0.114616096
31027,43.04702743,-89.44299769,6.809479446,0.08273719,-0.045960072
31085,43.04702743,-89.44299769,6.809479446,0.05099288,-0.047349103
31143,43.04702743,-89.44299769,6.809479446,-0.007956899,0.016904226
31207,43.04702743,-89.44299769,6.809479446,-0.016806353,-0.016643865
31271,43.04697163,-89.44297511,6.918385536,0.029590674,-0.002852937
31329,43.04697163,-89.44297511,6.918385536,0.014036801,0.020811414
31388,43.04697163,-89.44297511,6.918385536,0.046703547,0.006102407
31448,43.04697163,-89.44297511,6.918385536,-0.011607845,-0.028816728
31507,43.04697163,-89.44297511,6.918385536,0.033456527,-0.001398876
31574,43.04697163,-89.44297511,6.918385536,-0.03968093,-0.01554939
31634,43.04697163,-89.44297511,6.918385536,-0.12288552,-0.06653947
31692,43.04697163,-89.44297511,6.918385536,5.94E-04,-0.036456477
31752,43.04697163,-89.44297511,6.918385536,0.008875135,-0.09456825
31811,43.04697163,-89.44297511,6.918385536,0.056021888,-0.029843066
31877,43.04697163,-89.44297511,6.918385536,0.128862,-0.02574387
31939,43.04697163,-89.44297511,6.918385536,0.007114937,-0.02542811
31998,43.04697163,-89.44297511,6.918385536,0.023044245,-0.068266295
32058,43.04697163,-89.44297511,6.918385536,0.06030074,-0.015185769
32117,43.04697163,-89.44297511,6.918385536,-0.14883986,0.001647491
32178,43.04697163,-89.44297511,6.918385536,0.036826972,-0.105413765
32233,43.04697163,-89.44297511,6.918385536,-0.033568684,-0.024244022
32292,43.04690747,-89.4429732,7.143086833,0.029127356,-0.075941
32350,43.04690747,-89.4429732,7.143086833,0.007276629,0.009445051
32405,43.04690747,-89.4429732,7.143086833,0.017963503,-0.030402403
32460,43.04690747,-89.4429732,7.143086833,-0.023599785,-0.02004005
32518,43.04690747,-89.4429732,7.143086833,0.07699734,-0.08747858
32583,43.04690747,-89.4429732,7.143086833,0.078194596,-0.027083647
32639,43.04690747,-89.4429732,7.143086833,0.09937917,-0.069620356
32698,43.04690747,-89.4429732,7.143086833,0.04742264,-0.04480769
32759,43.04690747,-89.4429732,7.143086833,0.103641875,-0.053117808
32818,43.04690747,-89.4429732,7.143086833,0.017765561,-0.02163371
32879,43.04690747,-89.4429732,7.143086833,0.07408144,-0.03600359
32939,43.04690747,-89.4429732,7.143086833,0.06406952,-0.05882243
32999,43.04690747,-89.4429732,7.143086833,0.061066695,-0.020370932
33058,43.04690747,-89.4429732,7.143086833,0.090492085,-0.012202148
33121,43.04690747,-89.4429732,7.143086833,0.09991269,-0.07589043
33188,43.04690747,-89.4429732,7.143086833,0.06500784,-0.08180099
33252,43.04690747,-89.4429732,7.143086833,0.105571344,-0.117172346
33316,43.04684065,-89.4429798,7.42892995,0.1312826,-0.072977275
33371,43.04684065,-89.4429798,7.42892995,0.09941646,-0.09595347
33426,43.04684065,-89.4429798,7.42892995,0.13193189,-0.04942783
33481,43.04684065,-89.4429798,7.42892995,0.11781811,-0.063195705
33536,43.04684065,-89.4429798,7.42892995,0.10095931,-0.04610005
33592,43.04684065,-89.4429798,7.42892995,0.07146475,-0.09716872
33647,43.04684065,-89.4429798,7.42892995,0.044664457,-0.06029433
33702,43.04684065,-89.4429798,7.42892995,0.01075658,-0.09420404
33756,43.04684065,-89.4429798,7.42892995,0.026369514,-0.050249636
33811,43.04684065,-89.4429798,7.42892995,0.16036598,-0.057965945
33866,43.04684065,-89.4429798,7.42892995,0.07555867,-0.07648344
33921,43.04684065,-89.4429798,7.42892995,0.124237515,9.34E-04
33975,43.04684065,-89.4429798,7.42892995,0.07555499,-0.04066803
34031,43.04684065,-89.4429798,7.42892995,0.035477612,-0.035716474
34089,43.04684065,-89.4429798,7.42892995,0.09784361,-0.030403389
34145,43.04684065,-89.4429798,7.42892995,0.13872017,-0.017089587
34201,43.04684065,-89.4429798,7.42892995,0.088923566,-0.004564497
34255,43.04684065,-89.4429798,7.42892995,0.055218212,-0.05402277
34319,43.04677238,-89.44300577,7.638911238,0.004193179,-0.008552142
34416,43.04677238,-89.44300577,7.638911238,0.07779713,0.021322364
34477,43.04677238,-89.44300577,7.638911238,0.1708035,-0.013056619
34535,43.04677238,-89.44300577,7.638911238,0.169085,-0.004220676
34596,43.04677238,-89.44300577,7.638911238,0.11959716,-0.007555878
34660,43.04677238,-89.44300577,7.638911238,0.10852998,-0.002954916
34715,43.04677238,-89.44300577,7.638911238,0.13687876,-0.035531227
34778,43.04677238,-89.44300577,7.638911238,0.1298237,0.03111898
34838,43.04677238,-89.44300577,7.638911238,0.11246527,0.052071027
34903,43.04677238,-89.44300577,7.638911238,0.1574541,0.008760862
34960,43.04677238,-89.44300577,7.638911238,0.13433729,0.028185956
35020,43.04677238,-89.44300577,7.638911238,0.100803375,-0.053202856
35081,43.04677238,-89.44300577,7.638911238,0.046888072,0.024773747
35143,43.04677238,-89.44300577,7.638911238,0.0738294,-0.004461998
35209,43.04677238,-89.44300577,7.638911238,0.046253446,-0.013410037
35266,43.04670282,-89.44304803,8.104340929,0.04606701,0.022661265
35323,43.04670282,-89.44304803,8.104340929,0.05584605,-0.009646409
35382,43.04670282,-89.44304803,8.104340929,-0.022316523,-0.04033991
35443,43.04670282,-89.44304803,8.104340929,0.054556496,0.037370127
35503,43.04670282,-89.44304803,8.104340929,0.015534602,0.004450633
35562,43.04670282,-89.44304803,8.104340929,-0.001865048,-0.022416968
35621,43.04670282,-89.44304803,8.104340929,0.099610776,0.0604889
35678,43.04670282,-89.44304803,8.104340929,0.017194318,0.02444282
35741,43.04670282,-89.44304803,8.104340929,-0.016275758,-0.011426298
35803,43.04670282,-89.44304803,8.104340929,0.10536944,0.013902164
35864,43.04670282,-89.44304803,8.104340929,0.122299835,0.01968532
35921,43.04670282,-89.44304803,8.104340929,0.06767527,-0.048900355
35990,43.04670282,-89.44304803,8.104340929,0.03604883,0.039964028
36047,43.04670282,-89.44304803,8.104340929,-0.0341218,-0.045935288
36110,43.04670282,-89.44304803,8.104340929,-0.03707828,-0.08345344
36171,43.04670282,-89.44304803,8.104340929,0.04978709,-0.04425407
36230,43.04670282,-89.44304803,8.104340929,0.14765249,0.013689806
36291,43.04663366,-89.44311264,8.748621022,0.0173628,-1.17E-04
36347,43.04663366,-89.44311264,8.748621022,-0.029800082,0.008764035
36406,43.04663366,-89.44311264,8.748621022,-0.037466984,-0.04210367
36475,43.04663366,-89.44311264,8.748621022,0.033238195,-0.09095256
36531,43.04663366,-89.44311264,8.748621022,0.06944048,-0.032236997
36594,43.04663366,-89.44311264,8.748621022,0.08029678,0.07543607
36653,43.04663366,-89.44311264,8.748621022,-0.051268477,-0.037664704
36714,43.04663366,-89.44311264,8.748621022,-0.07439314,-0.04704198
36772,43.04663366,-89.44311264,8.748621022,-0.0670725,-0.067111574
36837,43.04663366,-89.44311264,8.748621022,0.03964186,-0.058763754
36895,43.04663366,-89.44311264,8.748621022,0.046309162,-0.045863546
36954,43.04663366,-89.44311264,8.748621022,0.049118634,-0.028499901
37024,43.04663366,-89.44311264,8.748621022,0.041126378,-0.07315643
37087,43.04663366,-89.44311264,8.748621022,0.02161309,-0.089004375
37153,43.04663366,-89.44311264,8.748621022,0.055855174,-0.003352793
37213,43.04663366,-89.44311264,8.748621022,0.003479439,-0.029709855
37287,43.04656503,-89.44319336,9.363802359,0.056647796,-0.09716441
37350,43.04656503,-89.44319336,9.363802359,0.06561945,-0.12462183
37410,43.04656503,-89.44319336,9.363802359,0.011028809,-0.100356646
37473,43.04656503,-89.44319336,9.363802359,-0.024259936,-0.12778497
37530,43.04656503,-89.44319336,9.363802359,-0.013940434,-0.08679925
37594,43.04656503,-89.44319336,9.363802359,-0.021100268,-0.09397982
37653,43.04656503,-89.44319336,9.363802359,-0.02362076,-0.070723936
37711,43.04656503,-89.44319336,9.363802359,-0.019574,-0.114472814
37777,43.04656503,-89.44319336,9.363802359,-0.02654734,-0.11757528
37838,43.04656503,-89.44319336,9.363802359,-0.070121564,-0.07317347
37896,43.04656503,-89.44319336,9.363802359,-0.06805866,-0.08428416
37955,43.04656503,-89.44319336,9.363802359,-0.016870001,-0.108009316
38020,43.04656503,-89.44319336,9.363802359,-0.046304323,-0.0711513
38074,43.04656503,-89.44319336,9.363802359,5.60E-04,-0.090263
38133,43.04656503,-89.44319336,9.363802359,-0.030004643,-0.08634636
38191,43.04656503,-89.44319336,9.363802359,-0.115161255,-0.08640875
38249,43.04656503,-89.44319336,9.363802359,0.07409634,-0.027212493
38310,43.04650049,-89.44328117,9.695907453,0.09571695,-0.077870615
38368,43.04650049,-89.44328117,9.695907453,0.014679764,-0.08559721
38427,43.04650049,-89.44328117,9.695907453,0.013994097,-0.08768229
38484,43.04650049,-89.44328117,9.695907453,-0.16464786,-0.08907303
38542,43.04650049,-89.44328117,9.695907453,0.030930426,-0.109657
38602,43.04650049,-89.44328117,9.695907453,-0.015103496,-0.06461987
38663,43.04650049,-89.44328117,9.695907453,-0.089489855,0.002281662
38722,43.04650049,-89.44328117,9.695907453,-0.016228834,-0.004798592
38782,43.04650049,-89.44328117,9.695907453,-0.04214279,-0.022454793
38839,43.04650049,-89.44328117,9.695907453,0.020378934,-0.015724357
38904,43.04650049,-89.44328117,9.695907453,0.024523722,-0.0373527
38964,43.04650049,-89.44328117,9.695907453,-0.13874994,-0.10566794
39028,43.04650049,-89.44328117,9.695907453,-0.0846619,-0.096015766
39086,43.04650049,-89.44328117,9.695907453,-0.034931928,-0.011465885
39148,43.04650049,-89.44328117,9.695907453,-0.06801315,-0.062273435
39212,43.04650049,-89.44328117,9.695907453,-0.06413855,-0.05237321
39281,43.04644041,-89.44337212,9.965606987,0.0315678,0.04954581
39340,43.04644041,-89.44337212,9.965606987,-0.058685757,0.018447263
39402,43.04644041,-89.44337212,9.965606987,-0.10316695,-0.07312674
39458,43.04644041,-89.44337212,9.965606987,-0.13115092,-0.031030344
39518,43.04644041,-89.44337212,9.965606987,-0.073634304,-0.022385336
39575,43.04644041,-89.44337212,9.965606987,0.05035468,-0.086326055
39632,43.04644041,-89.44337212,9.965606987,0.0653611,0.028260846
39695,43.04644041,-89.44337212,9.965606987,0.13238794,0.004774728
39753,43.04644041,-89.44337212,9.965606987,-0.15536755,-0.15375292
39812,43.04644041,-89.44337212,9.965606987,0.052757382,-0.07300698
39870,43.04644041,-89.44337212,9.965606987,-0.08413163,-0.03220067
39932,43.04644041,-89.44337212,9.965606987,-0.009088963,-0.11271454
39992,43.04644041,-89.44337212,9.965606987,0.105758764,-0.044966023
40055,43.04644041,-89.44337212,9.965606987,-0.04517593,-0.07070839
40116,43.04644041,-89.44337212,9.965606987,-0.06156637,-0.017830608
40176,43.04644041,-89.44337212,9.965606987,-0.025622122,-0.023406072
40233,43.04644041,-89.44337212,9.965606987,0.06751234,0.033704977
40295,43.04637861,-89.44346727,10.24525508,-0.068051055,-0.055087086
40352,43.04637861,-89.44346727,10.24525508,-0.03928592,-0.056010075
40409,43.04637861,-89.44346727,10.24525508,-0.12556618,-0.06994813
40473,43.04637861,-89.44346727,10.24525508,-0.044553068,0.019304842
40533,43.04637861,-89.44346727,10.24525508,-0.008365482,-0.07447027
40594,43.04637861,-89.44346727,10.24525508,-0.05031173,-0.050293133
40659,43.04637861,-89.44346727,10.24525508,0.02027255,0.02164124
40718,43.04637861,-89.44346727,10.24525508,-0.003265766,-0.011947987
40775,43.04637861,-89.44346727,10.24525508,0.008447859,-0.026392914
40836,43.04637861,-89.44346727,10.24525508,-0.04527159,-0.033286337
40895,43.04637861,-89.44346727,10.24525508,-0.043728665,-0.06741271
40953,43.04637861,-89.44346727,10.24525508,-0.098711014,-0.058744684
41012,43.04637861,-89.44346727,10.24525508,-0.03731315,-0.036766138
41074,43.04637861,-89.44346727,10.24525508,-0.021168016,-0.019147018
41133,43.04637861,-89.44346727,10.24525508,-0.059145667,-0.092318416
41195,43.04637861,-89.44346727,10.24525508,-0.011164944,-0.10476714
41268,43.04631491,-89.44356576,10.48754955,-0.013320974,-0.099853896
41324,43.04631491,-89.44356576,10.48754955,-0.01110327,-0.15666814
41382,43.04631491,-89.44356576,10.48754955,-0.108979754,-0.014426352
41441,43.04631491,-89.44356576,10.48754955,-0.102302544,-0.03910025
41500,43.04631491,-89.44356576,10.48754955,-0.045238458,0.100177325
41561,43.04631491,-89.44356576,10.48754955,-0.120563075,-0.016422978
41619,43.04631491,-89.44356576,10.48754955,-0.12387453,-0.051217485
41677,43.04631491,-89.44356576,10.48754955,-0.09815178,-0.09574811
41735,43.04631491,-89.44356576,10.48754955,-0.15415241,-0.07800468
41791,43.04631491,-89.44356576,10.48754955,-0.08267512,-0.08836243
41848,43.04631491,-89.44356576,10.48754955,-0.013814441,-0.019882726
41905,43.04631491,-89.44356576,10.48754955,-0.10426567,-0.011529445
41962,43.04631491,-89.44356576,10.48754955,-0.032177046,-0.024764929
42024,43.04631491,-89.44356576,10.48754955,-0.10679306,0.013635139
42084,43.04631491,-89.44356576,10.48754955,-0.07494086,-0.05246251
42147,43.04631491,-89.44356576,10.48754955,-0.10939382,-3.70E-04
42204,43.04631491,-89.44356576,10.48754955,-0.13760898,0.0503052
42266,43.04631491,-89.44356576,10.48754955,-0.05446731,-0.052888177
42324,43.04624898,-89.44366337,10.69891133,-0.053433597,0.011700483
42381,43.04624898,-89.44366337,10.69891133,-0.19000855,-0.009630461
42441,43.04624898,-89.44366337,10.69891133,-0.17593375,-0.121335536
42501,43.04624898,-89.44366337,10.69891133,-0.14989221,0.030024348
42563,43.04624898,-89.44366337,10.69891133,-0.046264254,-0.009829984
42621,43.04624898,-89.44366337,10.69891133,-0.15164945,2.99E-04
42681,43.04624898,-89.44366337,10.69891133,-0.055059187,0.010680464
42739,43.04624898,-89.44366337,10.69891133,-0.083631136,0.06855707
42805,43.04624898,-89.44366337,10.69891133,-0.037589885,0.010860858
42868,43.04624898,-89.44366337,10.69891133,-0.1376518,-0.03479037
42926,43.04624898,-89.44366337,10.69891133,-0.054931886,-0.049719494
42982,43.04624898,-89.44366337,10.69891133,-0.01460048,0.027341511
43041,43.04624898,-89.44366337,10.69891133,-0.077475555,0.051294614
43099,43.04624898,-89.44366337,10.69891133,-0.19591042,0.02767884
43158,43.04624898,-89.44366337,10.69891133,-0.10927735,0.03659535
43216,43.04624898,-89.44366337,10.69891133,-0.002498114,0.013785577
43272,43.04617768,-89.44376323,10.98698329,-0.12252435,-0.012741162
43327,43.04617768,-89.44376323,10.98698329,-0.16626443,-0.07095146
43387,43.04617768,-89.44376323,10.98698329,-0.051759362,-0.06358592
43447,43.04617768,-89.44376323,10.98698329,-0.06913348,-0.004516488
43509,43.04617768,-89.44376323,10.98698329,-0.16372947,0.044399038
43573,43.04617768,-89.44376323,10.98698329,-0.11633792,-0.032622725
43632,43.04617768,-89.44376323,10.98698329,-0.044557467,0.073089354
43689,43.04617768,-89.44376323,10.98698329,-1.24E-04,-0.054543424
43748,43.04617768,-89.44376323,10.98698329,-0.090948485,-0.05439572
43807,43.04617768,-89.44376323,10.98698329,-0.12647265,-0.051712457
43864,43.04617768,-89.44376323,10.98698329,-0.08767282,-0.07496592
43928,43.04617768,-89.44376323,10.98698329,0.010610866,-0.026388623
43988,43.04617768,-89.44376323,10.98698329,-0.008451191,-0.030609587
44047,43.04617768,-89.44376323,10.98698329,-0.085528344,0.007677041
44110,43.04617768,-89.44376323,10.98698329,-0.0948382,-0.005441256
44170,43.04617768,-89.44376323,10.98698329,-0.023956353,-0.007526974
44236,43.04617768,-89.44376323,10.98698329,-0.17376861,-0.032694064
44298,43.04610091,-89.44385634,11.3115118,0.018856026,-0.07677289
44356,43.04610091,-89.44385634,11.3115118,0.018162958,-0.05737963
44420,43.04610091,-89.44385634,11.3115118,0.02410469,-0.06890844
44478,43.04610091,-89.44385634,11.3115118,-0.15469724,-0.06656157
44538,43.04610091,-89.44385634,11.3115118,0.07796518,-0.006471538
44605,43.04610091,-89.44385634,11.3115118,-0.14402755,0.034364898
44665,43.04610091,-89.44385634,11.3115118,-0.08143915,0.04819481
44725,43.04610091,-89.44385634,11.3115118,-0.035722148,-0.012571535
44794,43.04610091,-89.44385634,11.3115118,-0.10589283,-0.026957829
44853,43.04610091,-89.44385634,11.3115118,-0.13419883,-0.018507486
44920,43.04610091,-89.44385634,11.3115118,-0.009335556,0.033372127
44981,43.04610091,-89.44385634,11.3115118,-0.07684611,0.00656851
45047,43.04610091,-89.44385634,11.3115118,-0.107317924,-0.013558679
45109,43.04610091,-89.44385634,11.3115118,-0.022862388,0.028354792
45168,43.04610091,-89.44385634,11.3115118,0.055576608,0.017930308
45226,43.04610091,-89.44385634,11.3115118,-0.06896391,-0.08099383
45291,43.04602084,-89.44394751,11.63965442,4.13E-04,0.021008592
45347,43.04602084,-89.44394751,11.63965442,8.33E-04,-0.028313642
45404,43.04602084,-89.44394751,11.63965442,0.04808513,-0.028391492
45466,43.04602084,-89.44394751,11.63965442,0.012443787,5.75E-04
45523,43.04602084,-89.44394751,11.63965442,-0.068068445,-0.035171635
45582,43.04602084,-89.44394751,11.63965442,-0.05098678,-0.07599543
45641,43.04602084,-89.44394751,11.63965442,-0.001241781,-0.034956425
45708,43.04602084,-89.44394751,11.63965442,0.005449703,-0.05148412
45768,43.04602084,-89.44394751,11.63965442,-0.048436385,0.013055839
45828,43.04602084,-89.44394751,11.63965442,-0.003506749,-0.027255088
45886,43.04602084,-89.44394751,11.63965442,-0.08156848,-0.025385568
45944,43.04602084,-89.44394751,11.63965442,-0.040842686,-0.035230458
46004,43.04602084,-89.44394751,11.63965442,-0.006970524,-0.083233885
46062,43.04602084,-89.44394751,11.63965442,-0.06974571,-0.07404714
46128,43.04602084,-89.44394751,11.63965442,-0.031522997,0.047643907
46191,43.04602084,-89.44394751,11.63965442,-0.02557449,-0.021912776
46245,43.04602084,-89.44394751,11.63965442,-0.024660919,-0.004543307
46307,43.04593449,-89.4440411,11.90990044,-0.00773427,-0.014721011
46361,43.04593449,-89.4440411,11.90990044,-0.028988473,-0.053775378
46417,43.04593449,-89.4440411,11.90990044,-0.001198986,-0.044366177
46474,43.04593449,-89.4440411,11.90990044,-0.020010341,0.042369947
46531,43.04593449,-89.4440411,11.90990044,-0.056103118,-0.025558703
46591,43.04593449,-89.4440411,11.90990044,0.071270294,3.53E-05
46653,43.04593449,-89.4440411,11.90990044,-0.011408044,-0.11651471
46724,43.04593449,-89.4440411,11.90990044,-5.50E-04,0.003365028
46787,43.04593449,-89.4440411,11.90990044,0.09375413,-0.04352206
46850,43.04593449,-89.4440411,11.90990044,0.02567562,-0.080207154
46908,43.04593449,-89.4440411,11.90990044,-0.090736344,0.02894169
46965,43.04593449,-89.4440411,11.90990044,-0.046571136,-0.012906831
47025,43.04593449,-89.4440411,11.90990044,0.004721456,-0.011428566
47084,43.04593449,-89.4440411,11.90990044,0.033401996,0.009031236
47143,43.04593449,-89.4440411,11.90990044,-0.07764441,-0.0942256
47201,43.04593449,-89.4440411,11.90990044,-0.008015472,0.024671596
47259,43.04584832,-89.44413398,12.12520395,-0.24085115,-0.034815636
47316,43.04584832,-89.44413398,12.12520395,-0.029456992,-0.08434787
47374,43.04584832,-89.44413398,12.12520395,0.067884445,-0.029410338
47433,43.04584832,-89.44413398,12.12520395,0.046529006,-0.027338438
47492,43.04584832,-89.44413398,12.12520395,-0.03809853,-0.016179793
47551,43.04584832,-89.44413398,12.12520395,-0.042594627,-0.08387494
47613,43.04584832,-89.44413398,12.12520395,-0.01435212,-0.035647344
47678,43.04584832,-89.44413398,12.12520395,-0.07474899,0.06663495
47741,43.04584832,-89.44413398,12.12520395,-0.06891254,-0.064700104
47798,43.04584832,-89.44413398,12.12520395,-0.15459566,-0.081434675
47857,43.04584832,-89.44413398,12.12520395,-0.107994415,-0.012980865
47916,43.04584832,-89.44413398,12.12520395,-0.04379598,-0.030889336
47973,43.04584832,-89.44413398,12.12520395,-0.0462117,-0.05618807
48035,43.04584832,-89.44413398,12.12520395,-0.113478854,-0.055846877
48093,43.04584832,-89.44413398,12.12520395,-0.056073397,-0.04687237
48154,43.04584832,-89.44413398,12.12520395,-0.10195745,-0.06446093
48219,43.04584832,-89.44413398,12.12520395,-0.07360308,-0.043707307
48278,43.04576092,-89.44422741,12.25449287,-0.07513075,-0.05875514
48337,43.04576092,-89.44422741,12.25449287,-0.040834952,-0.015740925
48398,43.04576092,-89.44422741,12.25449287,0.016293453,-0.024958616
48460,43.04576092,-89.44422741,12.25449287,-0.013428811,-0.03403383
48523,43.04576092,-89.44422741,12.25449287,-0.042233244,0.021321187
48589,43.04576092,-89.44422741,12.25449287,0.001828861,-0.033577897
48646,43.04576092,-89.44422741,12.25449287,0.01701841,0.02248645
48704,43.04576092,-89.44422741,12.25449287,0.029384999,-0.06413596
48767,43.04576092,-89.44422741,12.25449287,-0.03217681,-0.0806288
48827,43.04576092,-89.44422741,12.25449287,-0.003119837,-0.046282314
48888,43.04576092,-89.44422741,12.25449287,-0.018600235,0.004650783
48948,43.04576092,-89.44422741,12.25449287,0.06331467,0.02587363
49014,43.04576092,-89.44422741,12.25449287,0.04688233,-0.002689471
49070,43.04576092,-89.44422741,12.25449287,-0.008908693,-0.06350937
49129,43.04576092,-89.44422741,12.25449287,-0.05494817,-0.07994721
49192,43.04576092,-89.44422741,12.25449287,-0.011186226,-0.036269452
49253,43.04576092,-89.44422741,12.25449287,-0.020814817,-0.032287087
49321,43.04567018,-89.44431438,12.31895434,0.035616137,-0.02077533
49376,43.04567018,-89.44431438,12.31895434,-0.04243496,-0.07900885
49433,43.04567018,-89.44431438,12.31895434,0.013129217,-0.059693824
49491,43.04567018,-89.44431438,12.31895434,-0.03479689,-0.030191611
49551,43.04567018,-89.44431438,12.31895434,0.035813972,-0.053314194
49614,43.04567018,-89.44431438,12.31895434,0.04497674,-0.049002714
49677,43.04567018,-89.44431438,12.31895434,0.028367504,-0.07030075
49735,43.04567018,-89.44431438,12.31895434,-0.057354107,-0.01937725
49796,43.04567018,-89.44431438,12.31895434,-0.03727086,-0.053814862
49855,43.04567018,-89.44431438,12.31895434,0.12233227,-0.005711341
49916,43.04567018,-89.44431438,12.31895434,-0.006750634,-0.040647153
49976,43.04567018,-89.44431438,12.31895434,0.076361,-0.038176827
50035,43.04567018,-89.44431438,12.31895434,-0.05402636,-0.038280785
50091,43.04567018,-89.44431438,12.31895434,0.05905734,-0.0407663
50149,43.04567018,-89.44431438,12.31895434,0.03930486,-0.025028734
50207,43.04567018,-89.44431438,12.31895434,-0.02156198,-0.0575117
50262,43.04558082,-89.44439285,12.24404442,0.051930603,-0.041333154
50321,43.04558082,-89.44439285,12.24404442,0.015797688,-0.019080002
50376,43.04558082,-89.44439285,12.24404442,0.042669594,-0.0355444
50433,43.04558082,-89.44439285,12.24404442,-0.043114822,-0.098358005
50490,43.04558082,-89.44439285,12.24404442,-0.032189116,-0.039177112
50549,43.04558082,-89.44439285,12.24404442,-0.06376879,-0.011449492
50610,43.04558082,-89.44439285,12.24404442,-0.043821055,-0.03647294
50670,43.04558082,-89.44439285,12.24404442,-0.035625383,-0.024832575
50729,43.04558082,-89.44439285,12.24404442,-0.037125673,-0.038037334
50794,43.04558082,-89.44439285,12.24404442,-0.043549057,-0.025515296
50858,43.04558082,-89.44439285,12.24404442,0.007578283,-0.049705505
50920,43.04558082,-89.44439285,12.24404442,-0.002822074,-0.05702409
50981,43.04558082,-89.44439285,12.24404442,-0.011849399,-0.041507274
51048,43.04558082,-89.44439285,12.24404442,-0.010717935,-0.082452245
51108,43.04558082,-89.44439285,12.24404442,0.053518668,-0.044949144
51176,43.04558082,-89.44439285,12.24404442,0.029527035,-0.027098924
51237,43.04558082,-89.44439285,12.24404442,-0.029753102,-0.010126415
51296,43.04549033,-89.44447109,12.10395267,0.010016901,-0.034686517
51353,43.04549033,-89.44447109,12.10395267,0.002168217,-0.04168424
51410,43.04549033,-89.44447109,12.10395267,0.045191344,-0.041354924
51471,43.04549033,-89.44447109,12.10395267,0.012575789,-0.06359938
51532,43.04549033,-89.44447109,12.10395267,0.034073386,-0.07200078
51593,43.04549033,-89.44447109,12.10395267,0.009859758,-0.054870218
51651,43.04549033,-89.44447109,12.10395267,0.052859973,-0.03406616
51712,43.04549033,-89.44447109,12.10395267,0.017057864,-0.020273574
51770,43.04549033,-89.44447109,12.10395267,0.01054043,-0.039968584
51827,43.04549033,-89.44447109,12.10395267,0.03449208,-0.055661194
51894,43.04549033,-89.44447109,12.10395267,0.001740217,-0.04139521
51956,43.04549033,-89.44447109,12.10395267,-0.06120683,-0.09715114
52020,43.04549033,-89.44447109,12.10395267,-0.010045861,-0.111903235
52079,43.04549033,-89.44447109,12.10395267,0.02102963,-0.0609718
52139,43.04549033,-89.44447109,12.10395267,0.064382836,-0.05484737
52201,43.04549033,-89.44447109,12.10395267,0.012438904,-0.083879426
52270,43.04539933,-89.44454566,11.87279335,0.008170724,-0.0760351
52326,43.04539933,-89.44454566,11.87279335,-0.017042508,-0.0473314
52384,43.04539933,-89.44454566,11.87279335,0.034461714,-0.061950594
52442,43.04539933,-89.44454566,11.87279335,0.036496043,-0.05106584
52498,43.04539933,-89.44454566,11.87279335,0.027803207,-0.027177226
52555,43.04539933,-89.44454566,11.87279335,0.055131905,-0.050973207
52619,43.04539933,-89.44454566,11.87279335,-0.04300606,-0.035336506
52681,43.04539933,-89.44454566,11.87279335,-0.020782962,-0.052606523
52745,43.04539933,-89.44454566,11.87279335,0.11711045,-0.069890596
52807,43.04539933,-89.44454566,11.87279335,0.09086233,-0.031308107
52864,43.04539933,-89.44454566,11.87279335,0.03780013,-0.026284553
52922,43.04539933,-89.44454566,11.87279335,0.03981803,-0.01470079
52981,43.04539933,-89.44454566,11.87279335,0.07248844,-0.06789421
53039,43.04539933,-89.44454566,11.87279335,0.04430717,-0.06547052
53102,43.04539933,-89.44454566,11.87279335,0.12352784,-0.04718488
53162,43.04539933,-89.44454566,11.87279335,0.066021755,-0.06444462
53226,43.04539933,-89.44454566,11.87279335,0.05375455,0.015535742
53287,43.04531099,-89.44461371,11.54594965,-0.036093425,-0.001577894
53343,43.04531099,-89.44461371,11.54594965,0.027932629,-0.020529881
53402,43.04531099,-89.44461371,11.54594965,-0.02017285,-0.024633836
53460,43.04531099,-89.44461371,11.54594965,0.045122925,-0.05834937
53518,43.04531099,-89.44461371,11.54594965,0.09934242,-0.02332845
53577,43.04531099,-89.44461371,11.54594965,-0.065054625,-0.032007776
53635,43.04531099,-89.44461371,11.54594965,-0.06347362,-0.054854635
53692,43.04531099,-89.44461371,11.54594965,-0.036742587,-0.033426806
53749,43.04531099,-89.44461371,11.54594965,-0.032711834,-0.057644702
53811,43.04531099,-89.44461371,11.54594965,0.077967405,-0.049503025
53869,43.04531099,-89.44461371,11.54594965,0.13586053,-0.028624179
53931,43.04531099,-89.44461371,11.54594965,0.042512782,-0.03555602
53996,43.04531099,-89.44461371,11.54594965,-0.014741131,-0.038507327
54056,43.04531099,-89.44461371,11.54594965,0.03529476,-0.047062356
54120,43.04531099,-89.44461371,11.54594965,0.03851181,-0.048128154
54184,43.04531099,-89.44461371,11.54594965,0.007543224,0.002276376
54246,43.04531099,-89.44461371,11.54594965,0.017660134,-0.061318405
54306,43.04522735,-89.44467754,11.14144918,-0.033132255,-0.042094037
54362,43.04522735,-89.44467754,11.14144918,0.049588166,-0.009029261
54424,43.04522735,-89.44467754,11.14144918,0.087002784,-0.04466638
54486,43.04522735,-89.44467754,11.14144918,0.045946345,-0.016103027
54545,43.04522735,-89.44467754,11.14144918,0.0246962,-0.050979123
54603,43.04522735,-89.44467754,11.14144918,0.08927541,0.014287551
54663,43.04522735,-89.44467754,11.14144918,0.07959,-0.05493977
54722,43.04522735,-89.44467754,11.14144918,0.046353806,-0.046766438
54783,43.04522735,-89.44467754,11.14144918,0.054901667,-0.013690853
54844,43.04522735,-89.44467754,11.14144918,0.012813877,-0.037731115
54909,43.04522735,-89.44467754,11.14144918,0.07993214,-0.064368755
54970,43.04522735,-89.44467754,11.14144918,0.039239038,-0.036783088
55028,43.04522735,-89.44467754,11.14144918,0.01297531,-0.027160043
55087,43.04522735,-89.44467754,11.14144918,0.069973074,-0.058849156
55144,43.04522735,-89.44467754,11.14144918,-0.011372777,-0.004304147
55205,43.04522735,-89.44467754,11.14144918,0.060322836,-0.072253436
55268,43.04514798,-89.44474038,10.68851216,-0.004364616,-0.07204055
55325,43.04514798,-89.44474038,10.68851216,0.038855266,-0.09626097
55382,43.04514798,-89.44474038,10.68851216,0.06765031,-0.049324844
55442,43.04514798,-89.44474038,10.68851216,-0.014561982,-0.07570865
55504,43.04514798,-89.44474038,10.68851216,0.043983486,-0.033259537
55563,43.04514798,-89.44474038,10.68851216,-0.048216693,-0.078799196
55621,43.04514798,-89.44474038,10.68851216,-0.042894207,-0.11042095
55683,43.04514798,-89.44474038,10.68851216,0.009849105,-0.07542405
55741,43.04514798,-89.44474038,10.68851216,-0.003453695,-0.11613289
55797,43.04514798,-89.44474038,10.68851216,0.07496488,-0.08801593
55855,43.04514798,-89.44474038,10.68851216,-0.040064704,-0.122031614
55912,43.04514798,-89.44474038,10.68851216,0.03890023,-0.10556207
55971,43.04514798,-89.44474038,10.68851216,0.029533708,-0.12564205
56029,43.04514798,-89.44474038,10.68851216,0.033368234,-0.13007097
56088,43.04514798,-89.44474038,10.68851216,0.026963072,-0.11889514
56148,43.04514798,-89.44474038,10.68851216,0.06484982,-0.16133739
56207,43.04514798,-89.44474038,10.68851216,0.015492257,-0.14539881
56270,43.04507583,-89.44479903,9.98258171,0.020887807,-0.13363665
56326,43.04507583,-89.44479903,9.98258171,0.022726934,-0.14565593
56384,43.04507583,-89.44479903,9.98258171,0.03340872,-0.11155028
56445,43.04507583,-89.44479903,9.98258171,0.03316726,-0.14331438
56501,43.04507583,-89.44479903,9.98258171,0.005186372,-0.14393538
56562,43.04507583,-89.44479903,9.98258171,0.038628925,-0.13718915
56620,43.04507583,-89.44479903,9.98258171,0.011002125,-0.118770845
56679,43.04507583,-89.44479903,9.98258171,-0.027272042,-0.12619466
56739,43.04507583,-89.44479903,9.98258171,0.06873637,-0.15703782
56795,43.04507583,-89.44479903,9.98258171,-0.022418125,-0.104058534
56855,43.04507583,-89.44479903,9.98258171,0.011833547,-0.10946923
56913,43.04507583,-89.44479903,9.98258171,0.040503602,-0.11744866
56970,43.04507583,-89.44479903,9.98258171,0.025885014,-0.13477208
57032,43.04507583,-89.44479903,9.98258171,-0.018160218,-0.1347344
57089,43.04507583,-89.44479903,9.98258171,-0.01047009,-0.10292262
57150,43.04507583,-89.44479903,9.98258171,-0.01831568,-0.13767345
57211,43.04507583,-89.44479903,9.98258171,0.015595425,-0.11005935
57269,43.04501015,-89.44485092,8.898918685,0.042962395,-0.13845587
57325,43.04501015,-89.44485092,8.898918685,0.063731484,-0.10240751
57383,43.04501015,-89.44485092,8.898918685,0.046490982,-0.15735887
57442,43.04501015,-89.44485092,8.898918685,0.006573932,-0.1392461
57501,43.04501015,-89.44485092,8.898918685,0.021327252,-0.15472548
57561,43.04501015,-89.44485092,8.898918685,-0.006833018,-0.17637524
57621,43.04501015,-89.44485092,8.898918685,0.021634927,-0.10675565
57679,43.04501015,-89.44485092,8.898918685,0.04752642,-0.13441591
57741,43.04501015,-89.44485092,8.898918685,0.043927733,-0.12679261
57798,43.04501015,-89.44485092,8.898918685,0.023545349,-0.086042784
57857,43.04501015,-89.44485092,8.898918685,-0.036510605,-0.1132817
57917,43.04501015,-89.44485092,8.898918685,-0.06091039,-0.11840737
57978,43.04501015,-89.44485092,8.898918685,0.1640979,-0.24184857
58038,43.04501015,-89.44485092,8.898918685,0.122996,-0.14749962
58096,43.04501015,-89.44485092,8.898918685,0.052952938,-0.096736
58153,43.04501015,-89.44485092,8.898918685,0.0874706,-0.13161485
58210,43.04501015,-89.44485092,8.898918685,0.07761366,-0.1523289
58272,43.04495813,-89.44489141,7.489189087,0.09932404,-0.112166636
58329,43.04495813,-89.44489141,7.489189087,0.06230064,-0.13613282
58389,43.04495813,-89.44489141,7.489189087,0.06282667,-0.057340603
58451,43.04495813,-89.44489141,7.489189087,0.11875119,-0.0831026
58514,43.04495813,-89.44489141,7.489189087,0.14465836,-0.12996583
58572,43.04495813,-89.44489141,7.489189087,-0.005593315,-0.14847043
58631,43.04495813,-89.44489141,7.489189087,0.07128021,-0.1033194
58686,43.04495813,-89.44489141,7.489189087,0.048145603,-0.08717203
58742,43.04495813,-89.44489141,7.489189087,0.036093086,-0.11349868
58801,43.04495813,-89.44489141,7.489189087,0.10106146,0.006280101
58866,43.04495813,-89.44489141,7.489189087,0.0746019,0.008924861
58926,43.04495813,-89.44489141,7.489189087,0.040956557,0.058498926
58987,43.04495813,-89.44489141,7.489189087,0.13024546,0.016470645
59048,43.04495813,-89.44489141,7.489189087,0.1149522,0.07301569
59112,43.04495813,-89.44489141,7.489189087,0.05724923,0.02194553
59169,43.04495813,-89.44489141,7.489189087,0.07189202,0.001659412
59225,43.04495813,-89.44489141,7.489189087,0.03460087,0.026136681
59286,43.04492262,-89.44492171,5.986113607,0.02063109,0.03875599
59342,43.04492262,-89.44492171,5.986113607,0.020320052,0.004688375
59402,43.04492262,-89.44492171,5.986113607,0.055827335,0.07450001
59458,43.04492262,-89.44492171,5.986113607,7.69E-04,0.039895754
59520,43.04492262,-89.44492171,5.986113607,0.0855028,0.118718676
59580,43.04492262,-89.44492171,5.986113607,0.009063341,-0.006625732
59639,43.04492262,-89.44492171,5.986113607,0.005656571,0.11994732
59702,43.04492262,-89.44492171,5.986113607,0.021673499,0.05520312
59763,43.04492262,-89.44492171,5.986113607,0.07362089,0.088532925
59824,43.04492262,-89.44492171,5.986113607,0.13813172,0.12552515
59881,43.04492262,-89.44492171,5.986113607,0.11249938,0.061774872
59942,43.04492262,-89.44492171,5.986113607,0.10816839,0.16641286
60003,43.04492262,-89.44492171,5.986113607,0.12419078,0.104081824
60063,43.04492262,-89.44492171,5.986113607,0.11760367,0.14074059
60124,43.04492262,-89.44492171,5.986113607,0.14744434,0.098972
60191,43.04492262,-89.44492171,5.986113607,0.1625518,0.13552818
60250,43.04492262,-89.44492171,5.986113607,0.11847025,0.10589012
60311,43.04490278,-89.44495914,5.137470567,0.15073398,0.09392374
60370,43.04490278,-89.44495914,5.137470567,0.10508448,0.086211495
60428,43.04490278,-89.44495914,5.137470567,0.10782782,0.080090985
60486,43.04490278,-89.44495914,5.137470567,0.12047229,0.10052171
60543,43.04490278,-89.44495914,5.137470567,0.090701714,0.08171311
60610,43.04490278,-89.44495914,5.137470567,0.14254059,0.08442153
60667,43.04490278,-89.44495914,5.137470567,0.1373331,0.13853934
60726,43.04490278,-89.44495914,5.137470567,0.18415007,0.085318975
60787,43.04490278,-89.44495914,5.137470567,0.14340582,0.15356025
60850,43.04490278,-89.44495914,5.137470567,0.12744354,0.027856188
60908,43.04490278,-89.44495914,5.137470567,0.14833349,0.10784405
60965,43.04490278,-89.44495914,5.137470567,0.16182426,0.10988938
61026,43.04490278,-89.44495914,5.137470567,0.16412754,0.045915883
61091,43.04490278,-89.44495914,5.137470567,0.12817477,0.1382439
61152,43.04490278,-89.44495914,5.137470567,0.15216681,0.012382359
61215,43.04490278,-89.44495914,5.137470567,0.101639815,0.17627734
61279,43.04488932,-89.44501095,4.942348482,0.22687471,-0.04353455
61340,43.04488932,-89.44501095,4.942348482,0.18605728,-0.0165557
61401,43.04488932,-89.44501095,4.942348482,0.15445502,0.16728228
61464,43.04488932,-89.44501095,4.942348482,0.17174119,0.1340512
61523,43.04488932,-89.44501095,4.942348482,0.1875978,0.051876884
61587,43.04488932,-89.44501095,4.942348482,0.24597134,-0.106492944
61644,43.04488932,-89.44501095,4.942348482,0.23860534,-0.09171033
61706,43.04488932,-89.44501095,4.942348482,0.10938243,-0.009635407
61768,43.04488932,-89.44501095,4.942348482,0.20326743,0.061590053
61831,43.04488932,-89.44501095,4.942348482,0.13306321,0.089181975
61894,43.04488932,-89.44501095,4.942348482,0.16316752,0.04989855
61952,43.04488932,-89.44501095,4.942348482,0.19322138,-0.03958565
62015,43.04488932,-89.44501095,4.942348482,0.15111575,-0.004784406
62077,43.04488932,-89.44501095,4.942348482,0.103751436,0.029975718
62145,43.04488932,-89.44501095,4.942348482,0.08425659,0.10226527
62203,43.04488932,-89.44501095,4.942348482,0.17523386,-0.090481825
62262,43.04488932,-89.44501095,4.942348482,0.1570694,-0.11268185
62322,43.04489509,-89.44507508,5.124083139,0.22001155,0.1197849
62381,43.04489509,-89.44507508,5.124083139,0.16462384,-0.010641006
62441,43.04489509,-89.44507508,5.124083139,0.1781247,-0.035157476
62502,43.04489509,-89.44507508,5.124083139,0.13787909,0.085562676
62561,43.04489509,-89.44507508,5.124083139,0.12180122,-0.07015461
62622,43.04489509,-89.44507508,5.124083139,-0.048149973,-0.05563981
62687,43.04489509,-89.44507508,5.124083139,-0.027581522,0.036917426
62746,43.04489509,-89.44507508,5.124083139,-0.025467161,0.12129005
62806,43.04489509,-89.44507508,5.124083139,-0.06846511,-0.07352881
62872,43.04489509,-89.44507508,5.124083139,0.08473992,0.028920261
62937,43.04489509,-89.44507508,5.124083139,0.12913679,0.015179288
63000,43.04489509,-89.44507508,5.124083139,0.048944656,0.06535704
63060,43.04489509,-89.44507508,5.124083139,0.07936643,-0.069950305
63122,43.04489509,-89.44507508,5.124083139,-0.017131496,0.032937102
63182,43.04489509,-89.44507508,5.124083139,-0.030560408,-0.003353287
63242,43.04489509,-89.44507508,5.124083139,-0.14322348,-0.020894347
63302,43.04492394,-89.44513663,5.602217255,-0.086579554,0.019996345
63363,43.04492394,-89.44513663,5.602217255,-0.036618225,0.07255695
63429,43.04492394,-89.44513663,5.602217255,0.01833485,0.039594095
63486,43.04492394,-89.44513663,5.602217255,-0.03580464,0.045742027
63547,43.04492394,-89.44513663,5.602217255,-0.09772495,0.006151867
63607,43.04492394,-89.44513663,5.602217255,-0.11834061,-7.33E-04
63673,43.04492394,-89.44513663,5.602217255,-0.13347286,0.034006197
63732,43.04492394,-89.44513663,5.602217255,-0.09850866,0.019169422
63789,43.04492394,-89.44513663,5.602217255,-0.10389828,0.001454223
63848,43.04492394,-89.44513663,5.602217255,-0.045281205,-0.003716089
63910,43.04492394,-89.44513663,5.602217255,-0.05198238,0.01796003
63968,43.04492394,-89.44513663,5.602217255,-0.078481674,0.05910112
64034,43.04492394,-89.44513663,5.602217255,-0.056712933,0.020042067
64095,43.04492394,-89.44513663,5.602217255,-0.08228464,0.012109407
64151,43.04492394,-89.44513663,5.602217255,-0.07541489,0.001066027
64206,43.04492394,-89.44513663,5.602217255,-0.05159999,0.02206064
64263,43.04496444,-89.44519881,6.316738259,-0.063276954,-0.00332015
64321,43.04496444,-89.44519881,6.316738259,-0.05543216,0.02576421
64383,43.04496444,-89.44519881,6.316738259,-0.036376916,0.009876045
64444,43.04496444,-89.44519881,6.316738259,-0.03590643,0.01660379
64508,43.04496444,-89.44519881,6.316738259,-0.01976156,0.033479773
64565,43.04496444,-89.44519881,6.316738259,-0.025939884,0.019468438
64627,43.04496444,-89.44519881,6.316738259,-0.007765157,0.027504334
64691,43.04496444,-89.44519881,6.316738259,-0.009490478,0.013777017
64749,43.04496444,-89.44519881,6.316738259,-0.051739,6.77E-04
64808,43.04496444,-89.44519881,6.316738259,-0.108268484,0.018074755
64876,43.04496444,-89.44519881,6.316738259,-0.09492251,0.002720247
64930,43.04496444,-89.44519881,6.316738259,-0.084643826,-0.00247877
64986,43.04496444,-89.44519881,6.316738259,-0.085611895,0.03037916
65042,43.04496444,-89.44519881,6.316738259,-0.08298362,0.019506596
65100,43.04496444,-89.44519881,6.316738259,-0.031201929,0.05088402
65156,43.04496444,-89.44519881,6.316738259,-0.11874688,-0.036231723
65211,43.04496444,-89.44519881,6.316738259,-0.09844982,0.022147093
65267,43.04501628,-89.44526741,7.161029894,-0.11306727,0.01990135
65363,43.04501628,-89.44526741,7.161029894,-0.061034907,0.030055597
65418,43.04501628,-89.44526741,7.161029894,-0.037191227,-0.0065348
65472,43.04501628,-89.44526741,7.161029894,-0.054048352,0.016746072
65529,43.04501628,-89.44526741,7.161029894,-0.057962712,0.05172673
65584,43.04501628,-89.44526741,7.161029894,-0.064376764,-0.013204611
65639,43.04501628,-89.44526741,7.161029894,-0.08498162,0.021814011
65694,43.04501628,-89.44526741,7.161029894,-0.08126529,0.035753544
65749,43.04501628,-89.44526741,7.161029894,-0.07842733,0.041013345
65803,43.04501628,-89.44526741,7.161029894,-0.051520806,0.005677495
65859,43.04501628,-89.44526741,7.161029894,-0.06340353,-0.011856851
65914,43.04501628,-89.44526741,7.161029894,-0.09075802,-0.016441666
65967,43.04501628,-89.44526741,7.161029894,-0.12175193,0.011871217
66024,43.04501628,-89.44526741,7.161029894,-0.06329802,0.02576563
66078,43.04501628,-89.44526741,7.161029894,-0.047314905,0.013566006
66133,43.04501628,-89.44526741,7.161029894,-0.06714638,0.010800787
66187,43.04501628,-89.44526741,7.161029894,-0.057738036,0.016829776
66240,43.04501628,-89.44526741,7.161029894,-0.056575153,0.021568011
66295,43.04507474,-89.44534656,8.093868684,-0.051913317,0.009155873
66349,43.04507474,-89.44534656,8.093868684,-0.04470454,-0.010567172
66404,43.04507474,-89.44534656,8.093868684,-0.019923242,0.015109345
66460,43.04507474,-89.44534656,8.093868684,-0.074227646,-0.010508304
66515,43.04507474,-89.44534656,8.093868684,-0.045536246,-0.006357159
66569,43.04507474,-89.44534656,8.093868684,-0.015027541,-0.03796456
66623,43.04507474,-89.44534656,8.093868684,0.038279604,-0.015951721
66677,43.04507474,-89.44534656,8.093868684,-0.00134126,-0.028389566
66731,43.04507474,-89.44534656,8.093868684,-0.08185138,-0.009457914
66786,43.04507474,-89.44534656,8.093868684,-0.108779505,-0.012097448
66840,43.04507474,-89.44534656,8.093868684,-0.036811948,-0.02315651
66895,43.04507474,-89.44534656,8.093868684,-0.001205306,-0.005190541
66951,43.04507474,-89.44534656,8.093868684,-0.004691758,-0.023544952
67009,43.04507474,-89.44534656,8.093868684,-8.46E-04,-0.075188056
67070,43.04507474,-89.44534656,8.093868684,-0.06784776,-0.109929524
67126,43.04507474,-89.44534656,8.093868684,-0.036783665,-0.15550563
67189,43.04507474,-89.44534656,8.093868684,-0.06806398,-0.16765007
67247,43.04507474,-89.44534656,8.093868684,-0.04876266,-0.20158891
67305,43.0451388,-89.44543573,9.01446597,-0.06725336,-0.17537774
67361,43.0451388,-89.44543573,9.01446597,-0.044625197,-0.1896047
67418,43.0451388,-89.44543573,9.01446597,-0.001988516,-0.20180619
67474,43.0451388,-89.44543573,9.01446597,-0.03141639,-0.15568031
67530,43.0451388,-89.44543573,9.01446597,-0.054976888,-0.1725599
67584,43.0451388,-89.44543573,9.01446597,-0.033607893,-0.16343787
67640,43.0451388,-89.44543573,9.01446597,-0.0653911,-0.17531843
67697,43.0451388,-89.44543573,9.01446597,0.007877739,-0.17081839
67754,43.0451388,-89.44543573,9.01446597,-0.026386809,-0.15526617
67811,43.0451388,-89.44543573,9.01446597,-0.03624335,-0.16152361
67866,43.0451388,-89.44543573,9.01446597,-0.008487463,-0.18020085
67921,43.0451388,-89.44543573,9.01446597,-0.005302081,-0.14426921
67978,43.0451388,-89.44543573,9.01446597,-0.033754397,-0.12728629
68032,43.0451388,-89.44543573,9.01446597,-0.04477761,-0.11769609
68095,43.0451388,-89.44543573,9.01446597,-0.05708462,-0.11312388
68149,43.0451388,-89.44543573,9.01446597,-0.03340167,-0.11538948
68204,43.0451388,-89.44543573,9.01446597,-0.053626254,-0.108710654
68266,43.045204,-89.44552176,9.245771028,-0.013221319,-0.11981067
68325,43.045204,-89.44552176,9.245771028,-0.023116056,-0.114126004
68383,43.045204,-89.44552176,9.245771028,-0.009685504,-0.089840986
68439,43.045204,-89.44552176,9.245771028,-0.0381366,-0.108248875
68494,43.045204,-89.44552176,9.245771028,-0.011855074,-0.10855182
68549,43.045204,-89.44552176,9.245771028,-0.03320762,-0.14841466
68605,43.045204,-89.44552176,9.245771028,-0.084210694,-0.12201865
68660,43.045204,-89.44552176,9.245771028,-0.03801115,-0.109860405
68716,43.045204,-89.44552176,9.245771028,-0.07959,-0.13046584
68771,43.045204,-89.44552176,9.245771028,-0.032688547,-0.12841825
68826,43.045204,-89.44552176,9.245771028,-0.082291864,-0.14787349
68881,43.045204,-89.44552176,9.245771028,-0.080300115,-0.12683642
68940,43.045204,-89.44552176,9.245771028,0.005260423,-0.10575251
68994,43.045204,-89.44552176,9.245771028,-0.056438774,-0.109523475
69049,43.045204,-89.44552176,9.245771028,-0.03452354,-0.11682909
69104,43.045204,-89.44552176,9.245771028,-0.047463696,-0.14451931
69162,43.045204,-89.44552176,9.245771028,-0.045696214,-0.12641895
69219,43.045204,-89.44552176,9.245771028,-0.019609626,-0.14236319
69287,43.04526623,-89.44560004,9.176798402,-0.039734207,-0.16746372
69342,43.04526623,-89.44560004,9.176798402,-0.04346099,-0.1263543
69399,43.04526623,-89.44560004,9.176798402,-0.02920106,-0.15256529
69454,43.04526623,-89.44560004,9.176798402,-0.029203366,-0.1323567
69511,43.04526623,-89.44560004,9.176798402,-0.03766994,-0.13439684
69569,43.04526623,-89.44560004,9.176798402,-0.02265112,-0.12769935
69625,43.04526623,-89.44560004,9.176798402,-0.027378954,-0.117917895
69682,43.04526623,-89.44560004,9.176798402,-0.026506724,-0.11559413
69742,43.04526623,-89.44560004,9.176798402,-0.045764767,-0.13291197
69805,43.04526623,-89.44560004,9.176798402,-0.018710105,-0.14668784
69864,43.04526623,-89.44560004,9.176798402,-0.030854281,-0.12757011
69924,43.04526623,-89.44560004,9.176798402,-0.017206747,-0.12974954
69982,43.04526623,-89.44560004,9.176798402,-0.017662548,-0.14054336
70039,43.04526623,-89.44560004,9.176798402,-0.040293027,-0.12264133
70098,43.04526623,-89.44560004,9.176798402,-0.041224442,-0.12288758
70160,43.04526623,-89.44560004,9.176798402,-0.022786831,-0.10047098
70220,43.04526623,-89.44560004,9.176798402,-0.023825888,-0.11281305
70288,43.04532443,-89.44567103,8.792371308,-0.005298521,-0.10894844
70346,43.04532443,-89.44567103,8.792371308,-0.007779869,-0.11413725
70406,43.04532443,-89.44567103,8.792371308,-0.026720043,-0.12244991
70463,43.04532443,-89.44567103,8.792371308,-0.050866388,-0.13091391
70522,43.04532443,-89.44567103,8.792371308,-0.049428895,-0.1468565
70577,43.04532443,-89.44567103,8.792371308,-0.03682551,-0.1164655
70635,43.04532443,-89.44567103,8.792371308,0.003309463,-0.11736884
70690,43.04532443,-89.44567103,8.792371308,-0.025457272,-0.12396758
70745,43.04532443,-89.44567103,8.792371308,-0.009929379,-0.12040053
70801,43.04532443,-89.44567103,8.792371308,-0.023944587,-0.15739793
70857,43.04532443,-89.44567103,8.792371308,-0.013663312,-0.1263096
70912,43.04532443,-89.44567103,8.792371308,-0.024362003,-0.12672509
70971,43.04532443,-89.44567103,8.792371308,-0.025600309,-0.14249904
71026,43.04532443,-89.44567103,8.792371308,0.011473796,-0.13128346
71081,43.04532443,-89.44567103,8.792371308,-0.012426777,-0.12382531
71138,43.04532443,-89.44567103,8.792371308,0.008215885,-0.13213044
71195,43.04532443,-89.44567103,8.792371308,0.012002947,-0.1232259
71252,43.04537477,-89.44573484,8.117004892,0.022205716,-0.11889124
71307,43.04537477,-89.44573484,8.117004892,0.01608902,-0.11585701
71365,43.04537477,-89.44573484,8.117004892,-2.52E-04,-0.13422447
71423,43.04537477,-89.44573484,8.117004892,0.021127893,-0.10137383
71482,43.04537477,-89.44573484,8.117004892,0.014079943,-0.11909737
71540,43.04537477,-89.44573484,8.117004892,8.80E-04,-0.13313507
71605,43.04537477,-89.44573484,8.117004892,0.019566078,-0.11718693
71665,43.04537477,-89.44573484,8.117004892,0.046016335,-0.13161762
71723,43.04537477,-89.44573484,8.117004892,0.07292127,-0.11366563
71782,43.04537477,-89.44573484,8.117004892,0.09961221,-0.1000038
71842,43.04537477,-89.44573484,8.117004892,0.11794509,-0.09022682
71900,43.04537477,-89.44573484,8.117004892,0.12430913,-0.10706062
71959,43.04537477,-89.44573484,8.117004892,0.10384795,-0.11192204
72018,43.04537477,-89.44573484,8.117004892,0.07313136,-0.11029511
72078,43.04537477,-89.44573484,8.117004892,0.051727325,-0.11067392
72140,43.04537477,-89.44573484,8.117004892,0.063988954,-0.091235444
72205,43.04537477,-89.44573484,8.117004892,0.122329965,-0.08349795
72269,43.04542046,-89.44578844,7.277835572,0.1204463,-0.07611571
72325,43.04542046,-89.44578844,7.277835572,0.108523816,-0.07071729
72383,43.04542046,-89.44578844,7.277835572,0.10324229,-0.070500955
72439,43.04542046,-89.44578844,7.277835572,0.051685773,-0.033182897
72499,43.04542046,-89.44578844,7.277835572,0.07144746,-0.028720563
72560,43.04542046,-89.44578844,7.277835572,0.072625525,-0.02428865
72620,43.04542046,-89.44578844,7.277835572,0.08292939,-0.05902338
72681,43.04542046,-89.44578844,7.277835572,0.13394906,-0.020082006
72742,43.04542046,-89.44578844,7.277835572,0.118647814,-0.03742347
72802,43.04542046,-89.44578844,7.277835572,0.08432079,-0.042478092
72862,43.04542046,-89.44578844,7.277835572,0.096775845,-0.05439894
72923,43.04542046,-89.44578844,7.277835572,0.07971277,-0.057100795
72981,43.04542046,-89.44578844,7.277835572,0.018217234,-0.06756749
73039,43.04542046,-89.44578844,7.277835572,0.058794115,-0.042091813
73096,43.04542046,-89.44578844,7.277835572,0.066242635,-0.049818184
73155,43.04542046,-89.44578844,7.277835572,0.12927724,-0.070726745
73213,43.04542046,-89.44578844,7.277835572,0.1003436,-0.08006944
73280,43.04546402,-89.44582343,6.490243557,0.16007368,-0.0695005
73337,43.04546402,-89.44582343,6.490243557,0.062963925,-0.023135511
73395,43.04546402,-89.44582343,6.490243557,0.056679834,0.009383903
73456,43.04546402,-89.44582343,6.490243557,0.07308753,0.15548913
73516,43.04546402,-89.44582343,6.490243557,0.053183816,0.10100513
73576,43.04546402,-89.44582343,6.490243557,0.065992005,0.11097236
73634,43.04546402,-89.44582343,6.490243557,0.0516896,0.060143694
73694,43.04546402,-89.44582343,6.490243557,0.13894685,0.086642556
73752,43.04546402,-89.44582343,6.490243557,0.13164276,0.06864365
73813,43.04546402,-89.44582343,6.490243557,0.15261388,0.04779059
73870,43.04546402,-89.44582343,6.490243557,0.14749575,0.078816295
73929,43.04546402,-89.44582343,6.490243557,0.11461308,0.15390219
73987,43.04546402,-89.44582343,6.490243557,0.088359885,0.08185662
74047,43.04546402,-89.44582343,6.490243557,0.09068092,0.12951466
74107,43.04546402,-89.44582343,6.490243557,0.11610287,0.09777963
74165,43.04546402,-89.44582343,6.490243557,0.15392777,0.090746656
74225,43.04546402,-89.44582343,6.490243557,0.15556112,0.092942856
74285,43.04550962,-89.44584251,6.231034829,0.18225119,0.024648372
74342,43.04550962,-89.44584251,6.231034829,0.14427318,0.13081737
74401,43.04550962,-89.44584251,6.231034829,0.12698138,0.050826322
74462,43.04550962,-89.44584251,6.231034829,0.10585174,0.11705354
74519,43.04550962,-89.44584251,6.231034829,0.14038107,0.046002436
74581,43.04550962,-89.44584251,6.231034829,0.12242678,0.055184834
74639,43.04550962,-89.44584251,6.231034829,0.16003196,0.07379889
74697,43.04550962,-89.44584251,6.231034829,0.15908755,0.043750174
74756,43.04550962,-89.44584251,6.231034829,0.19764021,0.081642255
74812,43.04550962,-89.44584251,6.231034829,0.16336456,0.08729637
74874,43.04550962,-89.44584251,6.231034829,0.11854397,0.009253854
74934,43.04550962,-89.44584251,6.231034829,0.14203104,0.078466244
74991,43.04550962,-89.44584251,6.231034829,0.064987436,0.05548376
75049,43.04550962,-89.44584251,6.231034829,0.09633359,0.055505052
75105,43.04550962,-89.44584251,6.231034829,0.14328161,0.06502577
75162,43.04550962,-89.44584251,6.231034829,0.18823285,0.032613944
75218,43.04550962,-89.44584251,6.231034829,0.19783567,0.0681341
75277,43.04556106,-89.44584438,6.512841173,0.14771363,0.06874162
75334,43.04556106,-89.44584438,6.512841173,0.20965917,0.04564101
75391,43.04556106,-89.44584438,6.512841173,0.13810155,0.03998195
75448,43.04556106,-89.44584438,6.512841173,0.13719553,0.08094785
75506,43.04556106,-89.44584438,6.512841173,0.10311574,0.031739227
75562,43.04556106,-89.44584438,6.512841173,0.09160697,0.012747472
75620,43.04556106,-89.44584438,6.512841173,0.029965397,0.044080086
75677,43.04556106,-89.44584438,6.512841173,0.02288561,-0.017683607
75735,43.04556106,-89.44584438,6.512841173,0.02589317,0.052914925
75790,43.04556106,-89.44584438,6.512841173,9.98E-04,0.02404485
75846,43.04556106,-89.44584438,6.512841173,0.05730567,0.026388353
75904,43.04556106,-89.44584438,6.512841173,0.027010633,0.023288129
75960,43.04556106,-89.44584438,6.512841173,0.006669487,0.017206103
76016,43.04556106,-89.44584438,6.512841173,-0.021804582,0.001983045
76072,43.04556106,-89.44584438,6.512841173,-0.090786085,0.017023057
76128,43.04556106,-89.44584438,6.512841173,0.018252,-0.002769687
76197,43.04556106,-89.44584438,6.512841173,-0.012244668,0.02569804
76252,43.04562329,-89.44582031,7.097096222,0.034038574,0.038012024
76306,43.04562329,-89.44582031,7.097096222,-0.038693037,0.061961252
76364,43.04562329,-89.44582031,7.097096222,-0.046299815,0.026027944
76421,43.04562329,-89.44582031,7.097096222,-0.11714457,0.049100425
76478,43.04562329,-89.44582031,7.097096222,-0.06275849,-0.064781465
76539,43.04562329,-89.44582031,7.097096222,-0.09723169,-0.07993879
76598,43.04562329,-89.44582031,7.097096222,0.015142244,-0.035382714
76664,43.04562329,-89.44582031,7.097096222,-0.073931076,0.017815134
76722,43.04562329,-89.44582031,7.097096222,-0.056494784,-0.072780766
76778,43.04562329,-89.44582031,7.097096222,0.027422117,-0.05770122
76834,43.04562329,-89.44582031,7.097096222,-0.12752049,0.06758699
76895,43.04562329,-89.44582031,7.097096222,-0.06873585,-0.04132559
76952,43.04562329,-89.44582031,7.097096222,-0.101623416,-0.06245471
77010,43.04562329,-89.44582031,7.097096222,-0.10319382,-0.03707616
77067,43.04562329,-89.44582031,7.097096222,-0.032603625,-0.09543795
77127,43.04562329,-89.44582031,7.097096222,-0.08145427,-0.014338948
77185,43.04562329,-89.44582031,7.097096222,-0.047522705,-0.071748115
77243,43.04562329,-89.44582031,7.097096222,-0.040379237,0.003076177
77302,43.04568982,-89.44578324,7.665041409,-0.051649563,-0.013703232
77424,43.04568982,-89.44578324,7.665041409,-0.013837271,-0.06310635
77479,43.04568982,-89.44578324,7.665041409,-0.020412734,-0.08944505
77534,43.04568982,-89.44578324,7.665041409,-0.061223604,-0.029138697
77588,43.04568982,-89.44578324,7.665041409,-0.1380642,-0.025832294
77642,43.04568982,-89.44578324,7.665041409,-0.20719336,-0.011009464
77697,43.04568982,-89.44578324,7.665041409,0.09461781,-0.009106373
77753,43.04568982,-89.44578324,7.665041409,-0.18231237,-0.035099577
77809,43.04568982,-89.44578324,7.665041409,-0.05652815,-0.014197497
77866,43.04568982,-89.44578324,7.665041409,0.019750062,0.017119208
77922,43.04568982,-89.44578324,7.665041409,-0.06968679,0.06596723
77978,43.04568982,-89.44578324,7.665041409,-0.04063097,-0.06695453
78034,43.04568982,-89.44578324,7.665041409,-0.08566621,0.041917972
78092,43.04568982,-89.44578324,7.665041409,-0.06938722,0.05015615
78149,43.04568982,-89.44578324,7.665041409,-0.096125655,-0.015848622
78206,43.04568982,-89.44578324,7.665041409,-0.121206224,-0.06857406
78267,43.04575962,-89.44574341,8.126222493,-0.04319953,-0.04435287
78324,43.04575962,-89.44574341,8.126222493,-0.1020456,-0.015652567
78381,43.04575962,-89.44574341,8.126222493,-0.040688615,0.00131337
78440,43.04575962,-89.44574341,8.126222493,-0.010263967,-0.005807812
78497,43.04575962,-89.44574341,8.126222493,-0.10387865,-0.001598961
78561,43.04575962,-89.44574341,8.126222493,-0.028542804,-0.040889557
78617,43.04575962,-89.44574341,8.126222493,-0.08792849,-0.06663536
78679,43.04575962,-89.44574341,8.126222493,-0.06824835,0.001387743
78737,43.04575962,-89.44574341,8.126222493,-0.100308195,-0.024175035
78797,43.04575962,-89.44574341,8.126222493,-0.0907702,-0.024604013
78854,43.04575962,-89.44574341,8.126222493,-0.13596916,-0.07111989
78914,43.04575962,-89.44574341,8.126222493,-0.12582815,-0.057360016
78973,43.04575962,-89.44574341,8.126222493,-0.18529198,-0.001462258
79033,43.04575962,-89.44574341,8.126222493,-0.04964152,-0.037135936
79091,43.04575962,-89.44574341,8.126222493,-0.07746351,-0.060311913
79147,43.04575962,-89.44574341,8.126222493,-0.0797619,-0.027592221
79205,43.04575962,-89.44574341,8.126222493,-0.06218118,-0.037354898
79264,43.04583269,-89.44570448,8.513338018,-0.111222744,-0.04891901
79318,43.04583269,-89.44570448,8.513338018,-0.05490062,-0.06440708
79376,43.04583269,-89.44570448,8.513338018,-0.056560706,-0.044827107
79432,43.04583269,-89.44570448,8.513338018,-0.06138767,-0.01969301
79489,43.04583269,-89.44570448,8.513338018,-0.06525931,-0.023461094
79548,43.04583269,-89.44570448,8.513338018,-0.07643477,-0.052780256
79603,43.04583269,-89.44570448,8.513338018,-0.085566744,-0.047376476
79658,43.04583269,-89.44570448,8.513338018,-0.09700189,-0.0389296
79719,43.04583269,-89.44570448,8.513338018,-0.12495469,-0.07768026
79777,43.04583269,-89.44570448,8.513338018,-0.08588718,-0.051176835
79839,43.04583269,-89.44570448,8.513338018,-0.067269556,-0.003340217
79903,43.04583269,-89.44570448,8.513338018,-0.08681517,0.037357703
79965,43.04583269,-89.44570448,8.513338018,-0.045453608,-0.019343054
80027,43.04583269,-89.44570448,8.513338018,-0.06462835,-0.027472995
80091,43.04583269,-89.44570448,8.513338018,-0.048794102,-0.002155233
80154,43.04583269,-89.44570448,8.513338018,-0.047628667,-0.0662438
80216,43.04583269,-89.44570448,8.513338018,-0.019841768,-0.04238078
80273,43.04590981,-89.4456687,8.835908847,-0.12545277,-0.005352979
80333,43.04590981,-89.4456687,8.835908847,-0.037062176,-0.08556458
80392,43.04590981,-89.4456687,8.835908847,-0.01596521,-0.033779994
80452,43.04590981,-89.4456687,8.835908847,-0.014799949,-0.032014202
80517,43.04590981,-89.4456687,8.835908847,-0.02866683,0.001999652
80579,43.04590981,-89.4456687,8.835908847,-0.09420234,0.001812786
80638,43.04590981,-89.4456687,8.835908847,-0.14771983,-0.029697856
80700,43.04590981,-89.4456687,8.835908847,-0.060631998,-0.06407866
80761,43.04590981,-89.4456687,8.835908847,-0.046745673,-0.025195966
80819,43.04590981,-89.4456687,8.835908847,-0.028781408,-0.036710713
80879,43.04590981,-89.4456687,8.835908847,-0.053815443,0.002944336
80938,43.04590981,-89.4456687,8.835908847,-0.043952577,-0.022264428
80995,43.04590981,-89.4456687,8.835908847,-0.04294646,-0.019748358
81056,43.04590981,-89.4456687,8.835908847,-0.030143771,-0.032190796
81112,43.04590981,-89.4456687,8.835908847,-0.007051917,-1.68E-04
81170,43.04590981,-89.4456687,8.835908847,-0.062185526,-0.032829624
81228,43.04590981,-89.4456687,8.835908847,-0.115884304,-0.14538683
81293,43.04599233,-89.44563594,9.135644506,-0.07793703,-0.039239977
81351,43.04599233,-89.44563594,9.135644506,-0.07141044,-0.0340986
81412,43.04599233,-89.44563594,9.135644506,0.024589965,-0.055399057
81472,43.04599233,-89.44563594,9.135644506,-0.043672238,-0.0373885
81529,43.04599233,-89.44563594,9.135644506,-0.07600391,0.022877138
81590,43.04599233,-89.44563594,9.135644506,-0.041086227,-0.018507376
81653,43.04599233,-89.44563594,9.135644506,-0.11563558,-0.025829464
81717,43.04599233,-89.44563594,9.135644506,-0.017202405,-0.059886448
81776,43.04599233,-89.44563594,9.135644506,-0.03882409,-0.056503177
81842,43.04599233,-89.44563594,9.135644506,-0.07184498,-0.04411056
81902,43.04599233,-89.44563594,9.135644506,-0.07766015,-0.07468863
81963,43.04599233,-89.44563594,9.135644506,-0.034191426,-0.006341599
82026,43.04599233,-89.44563594,9.135644506,-0.092080556,-0.047197312
82086,43.04599233,-89.44563594,9.135644506,-0.06605633,-0.049074735
82146,43.04599233,-89.44563594,9.135644506,-0.024856413,-0.06325783
82210,43.04599233,-89.44563594,9.135644506,-0.06422348,0.045769285
82267,43.04607862,-89.44560455,9.422031921,-0.14386846,-0.025249865
82322,43.04607862,-89.44560455,9.422031921,-0.11488245,-0.090060316
82380,43.04607862,-89.44560455,9.422031921,-0.10068679,-0.008909482
82437,43.04607862,-89.44560455,9.422031921,-0.05456226,-0.016799545
82498,43.04607862,-89.44560455,9.422031921,-0.028481072,-0.06089608
82557,43.04607862,-89.44560455,9.422031921,-0.03244368,-0.05062825
82618,43.04607862,-89.44560455,9.422031921,-0.09583355,-0.06779195
82677,43.04607862,-89.44560455,9.422031921,-0.09113309,-0.001827421
82736,43.04607862,-89.44560455,9.422031921,0.0997152,0.07942176
82793,43.04607862,-89.44560455,9.422031921,-0.119509675,-0.049525842
82851,43.04607862,-89.44560455,9.422031921,-0.072678804,-0.002978198
82908,43.04607862,-89.44560455,9.422031921,-0.04926536,-0.08386112
82967,43.04607862,-89.44560455,9.422031921,-0.14361766,-0.09656929
83033,43.04607862,-89.44560455,9.422031921,0.26287737,-0.15617709
83095,43.04607862,-89.44560455,9.422031921,-0.29689738,-0.05001067
83154,43.04607862,-89.44560455,9.422031921,0.2656106,0.26424122
83210,43.04607862,-89.44560455,9.422031921,-0.5527106,-0.11047519
83270,43.04616599,-89.44557813,9.605808569,-0.18318364,-0.04946291
83326,43.04616599,-89.44557813,9.605808569,0.20973699,-0.03105163
83383,43.04616599,-89.44557813,9.605808569,-0.46494108,-0.28297752
83442,43.04616599,-89.44557813,9.605808569,0.33257413,0.08633625
83505,43.04616599,-89.44557813,9.605808569,-0.40889582,-0.049714606
83565,43.04616599,-89.44557813,9.605808569,-0.16843644,-0.2150123
83623,43.04616599,-89.44557813,9.605808569,0.20432004,-0.1385987
83684,43.04616599,-89.44557813,9.605808569,-0.055673484,-0.1025694
83747,43.04616599,-89.44557813,9.605808569,-0.052906726,-0.018579537
83807,43.04616599,-89.44557813,9.605808569,-0.2641797,-0.05956823
83868,43.04616599,-89.44557813,9.605808569,-0.017551973,0.018008795
83925,43.04616599,-89.44557813,9.605808569,-0.05775082,-0.07323944
83983,43.04616599,-89.44557813,9.605808569,-0.05792401,-0.111606486
84040,43.04616599,-89.44557813,9.605808569,-0.013037673,-0.09105327
84097,43.04616599,-89.44557813,9.605808569,-0.23127748,-0.037539553
84156,43.04616599,-89.44557813,9.605808569,-0.01605917,-0.033512566
84217,43.04616599,-89.44557813,9.605808569,-0.060652554,-0.12619324
84278,43.04625316,-89.44555269,9.526860996,-0.050419148,-0.13372663
84337,43.04625316,-89.44555269,9.526860996,-0.004372621,-0.13167082
84396,43.04625316,-89.44555269,9.526860996,-0.022344897,-0.1586427
84454,43.04625316,-89.44555269,9.526860996,-0.03305819,-0.11468972
84511,43.04625316,-89.44555269,9.526860996,-0.05694118,-0.14449228
84569,43.04625316,-89.44555269,9.526860996,-0.06088077,-0.14509283
84633,43.04625316,-89.44555269,9.526860996,-0.047926664,-0.12510778
84691,43.04625316,-89.44555269,9.526860996,0.002563456,-0.106463015
84749,43.04625316,-89.44555269,9.526860996,-0.0479337,-0.1456475
84811,43.04625316,-89.44555269,9.526860996,-0.031037565,-0.14768505
84871,43.04625316,-89.44555269,9.526860996,-0.049766887,-0.13419881
84931,43.04625316,-89.44555269,9.526860996,-0.02073705,-0.14808646
84988,43.04625316,-89.44555269,9.526860996,-0.02535269,-0.13385943
85052,43.04625316,-89.44555269,9.526860996,-0.013570186,-0.10321938
85112,43.04625316,-89.44555269,9.526860996,-0.01789567,-0.14039925
85175,43.04625316,-89.44555269,9.526860996,-0.021660723,-0.10678051
85237,43.04625316,-89.44555269,9.526860996,0.005960829,-0.1449173
85297,43.04633198,-89.44553412,9.076926305,-0.027178597,-0.15618002
85357,43.04633198,-89.44553412,9.076926305,-0.008666685,-0.12659149
85418,43.04633198,-89.44553412,9.076926305,-0.028146276,-0.14110368
85476,43.04633198,-89.44553412,9.076926305,0.022091629,-0.15485801
85537,43.04633198,-89.44553412,9.076926305,0.002047374,-0.09639118
85600,43.04633198,-89.44553412,9.076926305,0.025689416,-0.1607192
85659,43.04633198,-89.44553412,9.076926305,0.011679822,-0.14877628
85721,43.04633198,-89.44553412,9.076926305,0.024262812,-0.15456009
85779,43.04633198,-89.44553412,9.076926305,0.015357456,-0.13558379
85835,43.04633198,-89.44553412,9.076926305,0.035653327,-0.099522725
85896,43.04633198,-89.44553412,9.076926305,0.044111647,-0.12144252
85960,43.04633198,-89.44553412,9.076926305,0.036518764,-0.12190957
86018,43.04633198,-89.44553412,9.076926305,0.043632723,-0.12658516
86076,43.04633198,-89.44553412,9.076926305,0.020752786,-0.1358322
86138,43.04633198,-89.44553412,9.076926305,0.046715923,-0.13199565
86208,43.04633198,-89.44553412,9.076926305,0.06515513,-0.13211976
86265,43.04639931,-89.44551787,8.261051222,0.1046256,-0.13514085
86322,43.04639931,-89.44551787,8.261051222,0.10188415,-0.13308038
86382,43.04639931,-89.44551787,8.261051222,0.085767455,-0.120642595
86443,43.04639931,-89.44551787,8.261051222,0.15561353,-0.024983382
86502,43.04639931,-89.44551787,8.261051222,0.028249482,-0.18366323
86558,43.04639931,-89.44551787,8.261051222,0.12902232,-0.07741449
86614,43.04639931,-89.44551787,8.261051222,0.08312072,-0.09117464
86670,43.04639931,-89.44551787,8.261051222,0.055298656,-0.111697756
86726,43.04639931,-89.44551787,8.261051222,0.11605767,-0.14168938
86787,43.04639931,-89.44551787,8.261051222,0.16325895,-0.011664681
86851,43.04639931,-89.44551787,8.261051222,0.16918142,-0.061491206
86911,43.04639931,-89.44551787,8.261051222,0.04617345,-0.047990385
86969,43.04639931,-89.44551787,8.261051222,0.120056435,-0.065831594
87031,43.04639931,-89.44551787,8.261051222,0.12515771,-0.1611601
87092,43.04639931,-89.44551787,8.261051222,0.15880738,-0.08925067
87151,43.04639931,-89.44551787,8.261051222,0.25857213,-0.07657306
87208,43.04639931,-89.44551787,8.261051222,0.27980816,-0.094339415
87267,43.04645404,-89.44549692,7.345260456,0.2642293,-0.003444301
87326,43.04645404,-89.44549692,7.345260456,0.19398957,-1.43E-04
87384,43.04645404,-89.44549692,7.345260456,0.11356381,0.046390098
87442,43.04645404,-89.44549692,7.345260456,0.07046691,0.084133886
87507,43.04645404,-89.44549692,7.345260456,0.14200692,0.07005954
87567,43.04645404,-89.44549692,7.345260456,0.16965221,0.06759221
87625,43.04645404,-89.44549692,7.345260456,0.2270536,-0.066916384
87689,43.04645404,-89.44549692,7.345260456,0.15728672,-0.016915435
87744,43.04645404,-89.44549692,7.345260456,0.32184365,0.015611784
87800,43.04645404,-89.44549692,7.345260456,-0.06041445,0.009573365
87866,43.04645404,-89.44549692,7.345260456,0.10578213,0.09986778
87925,43.04645404,-89.44549692,7.345260456,0.15305214,0.1472286
87984,43.04645404,-89.44549692,7.345260456,0.14931929,0.07397638
88040,43.04645404,-89.44549692,7.345260456,0.13504677,-0.028984338
88099,43.04645404,-89.44549692,7.345260456,0.26749724,0.097576484
88165,43.04645404,-89.44549692,7.345260456,-0.027523799,0.034683574
88223,43.04645404,-89.44549692,7.345260456,0.02370826,-0.008801792
88281,43.04649864,-89.44546063,6.880301949,0.22227322,0.04529872
88337,43.04649864,-89.44546063,6.880301949,0.39111736,-0.093980506
88397,43.04649864,-89.44546063,6.880301949,0.20232181,0.034855485
88458,43.04649864,-89.44546063,6.880301949,0.19591829,0.07331113
88518,43.04649864,-89.44546063,6.880301949,0.12467471,0.011542204
88581,43.04649864,-89.44546063,6.880301949,-0.01911119,0.011392736
88643,43.04649864,-89.44546063,6.880301949,0.0912111,0.046398092
88701,43.04649864,-89.44546063,6.880301949,0.25814807,0.10347247
88759,43.04649864,-89.44546063,6.880301949,0.07726288,-0.002382102
88822,43.04649864,-89.44546063,6.880301949,0.15591976,-0.006774475
88879,43.04649864,-89.44546063,6.880301949,0.13260941,0.023720156
88943,43.04649864,-89.44546063,6.880301949,0.23565876,-0.022834191
89005,43.04649864,-89.44546063,6.880301949,0.21926284,-0.117084876
89062,43.04649864,-89.44546063,6.880301949,0.1628684,-0.0311534
89123,43.04649864,-89.44546063,6.880301949,0.25393093,0.08452418
89190,43.04649864,-89.44546063,6.880301949,0.20425333,0.046310242
89253,43.04649864,-89.44546063,6.880301949,0.10976983,-0.01607111
89313,43.04653231,-89.44539984,6.755143831,0.2022097,0.012896884
89371,43.04653231,-89.44539984,6.755143831,0.033296082,-0.08089254
89426,43.04653231,-89.44539984,6.755143831,0.20138954,-0.00660465
89487,43.04653231,-89.44539984,6.755143831,0.22088352,-0.016838387
89544,43.04653231,-89.44539984,6.755143831,0.16157508,-0.003799846
89604,43.04653231,-89.44539984,6.755143831,0.30358702,-0.001736911
89662,43.04653231,-89.44539984,6.755143831,0.13592169,0.002056912
89726,43.04653231,-89.44539984,6.755143831,0.07639681,-0.06084915
89787,43.04653231,-89.44539984,6.755143831,0.2191306,0.005231
89845,43.04653231,-89.44539984,6.755143831,-0.014018872,0.049545158
89912,43.04653231,-89.44539984,6.755143831,0.20115107,0.034760997
89970,43.04653231,-89.44539984,6.755143831,0.04453434,-0.02778891
90037,43.04653231,-89.44539984,6.755143831,0.06562103,-0.025083367
90101,43.04653231,-89.44539984,6.755143831,0.09830896,-0.005759742
90164,43.04653231,-89.44539984,6.755143831,0.09720818,-0.012475459
90222,43.04653231,-89.44539984,6.755143831,0.13825795,-0.04050673
90280,43.04654966,-89.44532336,6.821111125,0.12735933,-0.025397094
90337,43.04654966,-89.44532336,6.821111125,0.05604539,-0.04390502
90393,43.04654966,-89.44532336,6.821111125,0.021817673,-0.10687236
90453,43.04654966,-89.44532336,6.821111125,0.024218425,-0.07804867
90516,43.04654966,-89.44532336,6.821111125,0.07269237,-0.02312849
90578,43.04654966,-89.44532336,6.821111125,-0.002904051,0.03450943
90638,43.04654966,-89.44532336,6.821111125,-0.004106259,0.021533044
90700,43.04654966,-89.44532336,6.821111125,0.025906768,0.10530369
90755,43.04654966,-89.44532336,6.821111125,-0.028394883,0.01885495
90812,43.04654966,-89.44532336,6.821111125,0.006543367,-0.040424876
90869,43.04654966,-89.44532336,6.821111125,-0.016897077,-0.010140516
90928,43.04654966,-89.44532336,6.821111125,-0.024860384,0.021519737
90988,43.04654966,-89.44532336,6.821111125,0.06550388,0.04358138
91046,43.04654966,-89.44532336,6.821111125,0.00325787,0.049087066
91105,43.04654966,-89.44532336,6.821111125,0.003642274,0.024105763
91167,43.04654966,-89.44532336,6.821111125,2.51E-04,0.021175785
91226,43.04654966,-89.44532336,6.821111125,0.012456783,0.07828599
91290,43.04655341,-89.44523505,7.078354503,-0.033704545,-0.007856987
91348,43.04655341,-89.44523505,7.078354503,0.033949498,0.023325576
91416,43.04655341,-89.44523505,7.078354503,0.021181013,0.06575282
91475,43.04655341,-89.44523505,7.078354503,-0.020199731,0.026129276
91533,43.04655341,-89.44523505,7.078354503,-0.071892254,-0.03919047
91595,43.04655341,-89.44523505,7.078354503,-0.048409756,-0.04677607
91659,43.04655341,-89.44523505,7.078354503,-0.11082596,0.014885203
91721,43.04655341,-89.44523505,7.078354503,-0.0785314,-0.011581704
91783,43.04655341,-89.44523505,7.078354503,-0.07385962,0.006228032
91843,43.04655341,-89.44523505,7.078354503,-0.006147597,-0.035993904
91899,43.04655341,-89.44523505,7.078354503,-0.04601351,-0.004934218
91958,43.04655341,-89.44523505,7.078354503,-0.07563497,-0.021262825
92016,43.04655341,-89.44523505,7.078354503,-0.02190266,-0.013368775
92073,43.04655341,-89.44523505,7.078354503,-0.05630258,-0.019365102
92133,43.04655341,-89.44523505,7.078354503,-0.06934808,-0.040914033
92199,43.04655341,-89.44523505,7.078354503,-0.07961197,-0.05585836
92258,43.04655341,-89.44523505,7.078354503,-0.018730305,-0.029167121
92319,43.04654822,-89.44513983,7.568518058,-0.09380208,-0.07928664
92375,43.04654822,-89.44513983,7.568518058,-0.0723152,-0.033779792
92430,43.04654822,-89.44513983,7.568518058,-0.082182154,-0.062354892
92485,43.04654822,-89.44513983,7.568518058,0.063787535,-0.035905927
92540,43.04654822,-89.44513983,7.568518058,-0.059789225,-0.035603136
92602,43.04654822,-89.44513983,7.568518058,-0.014798561,-0.056159534
92664,43.04654822,-89.44513983,7.568518058,-0.016761642,-0.017501924
92728,43.04654822,-89.44513983,7.568518058,-0.0354394,-0.046609607
92788,43.04654822,-89.44513983,7.568518058,-0.021326002,-0.042973153
92845,43.04654822,-89.44513983,7.568518058,-0.08266124,-0.04299896
92907,43.04654822,-89.44513983,7.568518058,-0.089919984,-0.020853642
92965,43.04654822,-89.44513983,7.568518058,0.037510727,-0.061653677
93025,43.04654822,-89.44513983,7.568518058,-0.09850878,-0.17098044
93091,43.04654822,-89.44513983,7.568518058,-0.12838629,0.10014689
93152,43.04654822,-89.44513983,7.568518058,0.069415204,-0.048028816
93215,43.04654822,-89.44513983,7.568518058,0.12339807,-0.22755058
93274,43.04654226,-89.44504025,7.971361765,-0.103955425,-0.14420699
93335,43.04654226,-89.44504025,7.971361765,-0.06048197,-0.2640187
93402,43.04654226,-89.44504025,7.971361765,0.019216359,-0.11249378
93462,43.04654226,-89.44504025,7.971361765,-0.08417052,-0.168319
93518,43.04654226,-89.44504025,7.971361765,-0.14939614,-0.17400143
93576,43.04654226,-89.44504025,7.971361765,0.15802161,-0.16306676
93634,43.04654226,-89.44504025,7.971361765,-0.09079222,-0.12992121
93691,43.04654226,-89.44504025,7.971361765,-0.016493076,-0.11228458
93746,43.04654226,-89.44504025,7.971361765,-0.024423873,-0.124048434
93800,43.04654226,-89.44504025,7.971361765,-0.06685968,-0.120889075
93855,43.04654226,-89.44504025,7.971361765,0.034430064,-0.11778745
93910,43.04654226,-89.44504025,7.971361765,-0.04921613,-0.19191216
93966,43.04654226,-89.44504025,7.971361765,-0.037519272,-0.16917649
94022,43.04654226,-89.44504025,7.971361765,-0.07370621,-0.13970731
94078,43.04654226,-89.44504025,7.971361765,-0.10741944,-0.1783152
94133,43.04654226,-89.44504025,7.971361765,-0.061230518,-0.19033304
94192,43.04654226,-89.44504025,7.971361765,-0.041501295,-0.17215826
94247,43.04654226,-89.44504025,7.971361765,-0.054222256,-0.1788183
94303,43.04653325,-89.44494108,7.899747639,-0.058852986,-0.21772487
94358,43.04653325,-89.44494108,7.899747639,-0.018897556,-0.14972997
94415,43.04653325,-89.44494108,7.899747639,-0.04162666,-0.18950616
94479,43.04653325,-89.44494108,7.899747639,-0.09711814,-0.19496788
94537,43.04653325,-89.44494108,7.899747639,-0.053431984,-0.20507675
94594,43.04653325,-89.44494108,7.899747639,-0.11856174,-0.16230565
94655,43.04653325,-89.44494108,7.899747639,-0.05758012,-0.23617223
94713,43.04653325,-89.44494108,7.899747639,-0.05171906,-0.16598925
94772,43.04653325,-89.44494108,7.899747639,-0.051057804,-0.22449459
94830,43.04653325,-89.44494108,7.899747639,-0.058070727,-0.18958443
94892,43.04653325,-89.44494108,7.899747639,-0.014840732,-0.18708532
94952,43.04653325,-89.44494108,7.899747639,-0.17465931,-0.11810448
95010,43.04653325,-89.44494108,7.899747639,0.04232817,-0.066579536
95071,43.04653325,-89.44494108,7.899747639,-0.017139377,-0.05418086
95129,43.04653325,-89.44494108,7.899747639,-0.20064366,-0.24034423
95188,43.04653325,-89.44494108,7.899747639,-0.18040475,-0.2868245
95250,43.04653325,-89.44494108,7.899747639,-0.13281964,-0.13112332
95311,43.04652322,-89.44485571,7.313510197,-0.13572098,-0.20070767
95368,43.04652322,-89.44485571,7.313510197,-0.066296145,-0.180852
95426,43.04652322,-89.44485571,7.313510197,-0.26156342,-0.31868464
95486,43.04652322,-89.44485571,7.313510197,-0.023168558,-0.20489205
95546,43.04652322,-89.44485571,7.313510197,-0.030942066,-0.23253411
95608,43.04652322,-89.44485571,7.313510197,-0.06352049,-0.05489554
95666,43.04652322,-89.44485571,7.313510197,-0.10820551,-0.21465226
95727,43.04652322,-89.44485571,7.313510197,-0.08360959,-0.19263907
95791,43.04652322,-89.44485571,7.313510197,-0.11176615,-0.18322533
95850,43.04652322,-89.44485571,7.313510197,-0.15193896,-0.20468663
95910,43.04652322,-89.44485571,7.313510197,-0.09858144,-0.14587587
95970,43.04652322,-89.44485571,7.313510197,-0.12330058,-0.08236254
96032,43.04652322,-89.44485571,7.313510197,-0.1172287,-0.040980324
96091,43.04652322,-89.44485571,7.313510197,-0.11346659,-0.022577912
96147,43.04652322,-89.44485571,7.313510197,-0.13614182,-0.010781208
96211,43.04652322,-89.44485571,7.313510197,-0.113294706,-0.02775561
96269,43.04652052,-89.44478681,6.295392571,-0.1524861,-4.91E-04
96324,43.04652052,-89.44478681,6.295392571,-0.19218758,-0.02369978
96380,43.04652052,-89.44478681,6.295392571,-0.18889643,-0.07346867
96442,43.04652052,-89.44478681,6.295392571,-0.22782217,-0.04708626
96504,43.04652052,-89.44478681,6.295392571,-0.1862044,0.021191932
96564,43.04652052,-89.44478681,6.295392571,-0.20876466,-0.041286517
96624,43.04652052,-89.44478681,6.295392571,-0.24230325,-0.06305079
96685,43.04652052,-89.44478681,6.295392571,-0.19175526,-0.007058339
96746,43.04652052,-89.44478681,6.295392571,-0.18370846,-0.043772668
96811,43.04652052,-89.44478681,6.295392571,-0.15280387,-0.05748903
96872,43.04652052,-89.44478681,6.295392571,-0.1416008,0.013105149
96933,43.04652052,-89.44478681,6.295392571,-0.116378285,0.006612457
96992,43.04652052,-89.44478681,6.295392571,-0.1465937,-0.044082627
97051,43.04652052,-89.44478681,6.295392571,-0.14798684,-0.053290445
97110,43.04652052,-89.44478681,6.295392571,-0.15448639,-0.022141065
97170,43.04652052,-89.44478681,6.295392571,-0.24965781,-0.09751445
97227,43.04652052,-89.44478681,6.295392571,-0.23090653,-0.04885676
97289,43.04652377,-89.44473246,5.60026487,-0.17655909,-0.035934012
97345,43.04652377,-89.44473246,5.60026487,-0.12711923,-0.026549835
97404,43.04652377,-89.44473246,5.60026487,-0.10132444,-0.014428124
97463,43.04652377,-89.44473246,5.60026487,-0.07223291,-0.020772262
97524,43.04652377,-89.44473246,5.60026487,0.005118076,-0.10716406
97583,43.04652377,-89.44473246,5.60026487,0.025677886,-0.08901832
97644,43.04652377,-89.44473246,5.60026487,-0.19477691,-0.007454434
97701,43.04652377,-89.44473246,5.60026487,-0.32078013,0.046205703
97760,43.04652377,-89.44473246,5.60026487,-0.26735964,0.056897536
97817,43.04652377,-89.44473246,5.60026487,-0.2709736,0.08752086
97876,43.04652377,-89.44473246,5.60026487,-0.1464581,-0.004427779
97940,43.04652377,-89.44473246,5.60026487,-0.060370073,-0.030523833
97999,43.04652377,-89.44473246,5.60026487,-0.05593058,-0.004224354
98060,43.04652377,-89.44473246,5.60026487,-0.10921248,0.01204519
98123,43.04652377,-89.44473246,5.60026487,-0.17488489,0.07310757
98188,43.04652377,-89.44473246,5.60026487,-0.1449678,0.054602247
98249,43.04652377,-89.44473246,5.60026487,-0.047811233,0.0689851
98307,43.04654297,-89.44468598,5.127889444,-0.18418251,-0.03424456
98364,43.04654297,-89.44468598,5.127889444,-0.30565584,-0.0271831
98425,43.04654297,-89.44468598,5.127889444,-0.0158336,0.01401135
98484,43.04654297,-89.44468598,5.127889444,-0.0913406,0.045096584
98541,43.04654297,-89.44468598,5.127889444,-0.055759378,0.068417504
98600,43.04654297,-89.44468598,5.127889444,-0.13106427,0.053836104
98663,43.04654297,-89.44468598,5.127889444,-0.13533211,0.060794447
98722,43.04654297,-89.44468598,5.127889444,-0.09177283,0.0583466
98783,43.04654297,-89.44468598,5.127889444,-0.12662333,0.03829003
98845,43.04654297,-89.44468598,5.127889444,-0.11155694,0.031894647
98904,43.04654297,-89.44468598,5.127889444,-0.08298276,0.045532282
98962,43.04654297,-89.44468598,5.127889444,-0.108328715,0.065948
99024,43.04654297,-89.44468598,5.127889444,-0.08776043,-0.007240873
99083,43.04654297,-89.44468598,5.127889444,-0.12239566,0.042891093
99147,43.04654297,-89.44468598,5.127889444,-0.06176748,0.07736788
99206,43.04654297,-89.44468598,5.127889444,-0.013840848,0.040968567
99263,43.04657164,-89.44464652,5.098214799,-0.04403857,0.018670907
99320,43.04657164,-89.44464652,5.098214799,-0.11009934,0.074049994
99379,43.04657164,-89.44464652,5.098214799,0.021571897,0.08510356
99438,43.04657164,-89.44464652,5.098214799,-0.008789425,0.032395303
99498,43.04657164,-89.44464652,5.098214799,-0.11652648,0.03481966
99559,43.04657164,-89.44464652,5.098214799,-0.0453013,0.050184947
99626,43.04657164,-89.44464652,5.098214799,0.022278832,0.043071136
99691,43.04657164,-89.44464652,5.098214799,0.08248043,0.09206262
99752,43.04657164,-89.44464652,5.098214799,0.07711695,0.055337902
99816,43.04657164,-89.44464652,5.098214799,0.030603092,0.061827205
99875,43.04657164,-89.44464652,5.098214799,-0.0477129,0.04617747
99936,43.04657164,-89.44464652,5.098214799,-0.041868523,0.04192505
99999,43.04657164,-89.44464652,5.098214799,-0.06816101,0.048521314
100059,43.04657164,-89.44464652,5.098214799,-0.03670311,0.06157239
100118,43.04657164,-89.44464652,5.098214799,0.037372876,-0.016686456
100180,43.04657164,-89.44464652,5.098214799,0.024333399,0.033551447
100241,43.04657164,-89.44464652,5.098214799,0.021724308,0.04418758
100302,43.04661267,-89.44461337,5.36683751,0.004079378,0.03508716
100362,43.04661267,-89.44461337,5.36683751,0.012849128,0.08443155
100419,43.04661267,-89.44461337,5.36683751,-0.010681589,0.07281513
100477,43.04661267,-89.44461337,5.36683751,0.02623936,0.032162886
100535,43.04661267,-89.44461337,5.36683751,-0.012338672,0.018879348
100594,43.04661267,-89.44461337,5.36683751,0.056205552,0.07101338
100651,43.04661267,-89.44461337,5.36683751,0.05756993,0.064550854
100713,43.04661267,-89.44461337,5.36683751,0.005056766,0.017938562
100770,43.04661267,-89.44461337,5.36683751,-0.045042794,-0.013172042
100841,43.04661267,-89.44461337,5.36683751,0.041664563,0.013198714
100898,43.04661267,-89.44461337,5.36683751,-0.04512176,0.05175234
100956,43.04661267,-89.44461337,5.36683751,0.08965985,0.01460305
101019,43.04661267,-89.44461337,5.36683751,0.061391123,-0.046396125
101076,43.04661267,-89.44461337,5.36683751,0.046072204,-0.025882242
101133,43.04661267,-89.44461337,5.36683751,0.048445757,-0.022195112
101198,43.04661267,-89.44461337,5.36683751,-0.004412448,0.0363162
101262,43.0466602,-89.44458372,5.778986173,0.02575614,0.03656991
101319,43.0466602,-89.44458372,5.778986173,-0.061758436,0.07135622
101375,43.0466602,-89.44458372,5.778986173,-0.06327385,-0.058030367
101433,43.0466602,-89.44458372,5.778986173,0.080407664,0.040293977
101493,43.0466602,-89.44458372,5.778986173,0.06826145,0.019612242
101557,43.0466602,-89.44458372,5.778986173,0.08832554,0.017021911
101615,43.0466602,-89.44458372,5.778986173,-0.020957708,-0.036251288
101676,43.0466602,-89.44458372,5.778986173,0.016727513,-0.02121795
101734,43.0466602,-89.44458372,5.778986173,-0.04937276,0.009730476
101792,43.0466602,-89.44458372,5.778986173,-0.038007215,-0.005080097
101855,43.0466602,-89.44458372,5.778986173,-0.041267246,0.113934584
101914,43.0466602,-89.44458372,5.778986173,0.06494024,0.004890949
101972,43.0466602,-89.44458372,5.778986173,-0.036459632,-0.12428471
102031,43.0466602,-89.44458372,5.778986173,0.20025069,-0.01097808
102092,43.0466602,-89.44458372,5.778986173,0.12270422,0.031232733
102149,43.0466602,-89.44458372,5.778986173,0.02439284,-0.034765463
102209,43.0466602,-89.44458372,5.778986173,0.030909913,0.01412251
102270,43.04671492,-89.44455712,6.237795184,0.020316945,0.059567496
102327,43.04671492,-89.44455712,6.237795184,0.06848321,-0.018396622
102387,43.04671492,-89.44455712,6.237795184,0.022909505,0.065159075
102445,43.04671492,-89.44455712,6.237795184,-0.011827221,0.017522417
102504,43.04671492,-89.44455712,6.237795184,0.04615748,0.056745086
102564,43.04671492,-89.44455712,6.237795184,0.012011907,-0.051246457
102620,43.04671492,-89.44455712,6.237795184,-0.09141749,-0.015381605
102678,43.04671492,-89.44455712,6.237795184,-0.061558604,0.002238696
102735,43.04671492,-89.44455712,6.237795184,-0.04668172,-0.007104159
102794,43.04671492,-89.44455712,6.237795184,-0.07118195,-0.07545899
102851,43.04671492,-89.44455712,6.237795184,0.08225342,0.003972273
102913,43.04671492,-89.44455712,6.237795184,-0.002779021,0.012574251
102974,43.04671492,-89.44455712,6.237795184,0.05563365,0.058868565
103033,43.04671492,-89.44455712,6.237795184,-0.015673561,-0.001917824
103092,43.04671492,-89.44455712,6.237795184,-0.004663747,-0.010048616
103151,43.04671492,-89.44455712,6.237795184,0.001479046,-0.001232412
103214,43.04671492,-89.44455712,6.237795184,0.07414885,0.06960008
103300,43.04677539,-89.44452769,6.704749864,-0.09429629,0.032127094
103458,43.04677539,-89.44452769,6.704749864,-0.047033604,0.006113573
103515,43.04677539,-89.44452769,6.704749864,0.008455864,0.020385722
103574,43.04677539,-89.44452769,6.704749864,0.041394893,-0.07755279
103632,43.04677539,-89.44452769,6.704749864,0.07045109,-0.04223588
103695,43.04677539,-89.44452769,6.704749864,-0.048695393,-0.019271031
103754,43.04677539,-89.44452769,6.704749864,0.09258388,0.081120424
103814,43.04677539,-89.44452769,6.704749864,-0.05485047,-0.006297394
103871,43.04677539,-89.44452769,6.704749864,-0.038607165,-0.039114527
103928,43.04677539,-89.44452769,6.704749864,0.115470536,-0.009023581
103986,43.04677539,-89.44452769,6.704749864,0.1562385,-0.0772089
104043,43.04677539,-89.44452769,6.704749864,0.0334923,0.001655112
104106,43.04677539,-89.44452769,6.704749864,0.19402246,0.02833545
104165,43.04677539,-89.44452769,6.704749864,-0.008562654,-0.049412932
104224,43.04677539,-89.44452769,6.704749864,-0.14120738,0.05780558
104283,43.0468408,-89.44450112,7.148137356,-0.028377425,0.014496668
104341,43.0468408,-89.44450112,7.148137356,2.41E-04,0.002060431
104406,43.0468408,-89.44450112,7.148137356,0.008795202,-0.006491533
104477,43.0468408,-89.44450112,7.148137356,-0.005826608,-0.010135897
104538,43.0468408,-89.44450112,7.148137356,0.025033157,0.020707967
104596,43.0468408,-89.44450112,7.148137356,-0.001516926,0.002974792
104660,43.0468408,-89.44450112,7.148137356,0.03405519,-0.043829918
104720,43.0468408,-89.44450112,7.148137356,0.08472287,-0.02923921
104778,43.0468408,-89.44450112,7.148137356,0.057417292,-0.015405569
104839,43.0468408,-89.44450112,7.148137356,0.076797605,0.016877864
104899,43.0468408,-89.44450112,7.148137356,0.040954676,-0.015728727
104957,43.0468408,-89.44450112,7.148137356,0.026674883,-8.01E-04
105012,43.0468408,-89.44450112,7.148137356,0.024727726,0.019981345
105074,43.0468408,-89.44450112,7.148137356,0.040216405,-0.003967078
105128,43.0468408,-89.44450112,7.148137356,0.08285586,-0.07243937
105183,43.0468408,-89.44450112,7.148137356,0.09040073,-0.02559925
105237,43.0468408,-89.44450112,7.148137356,0.009011507,0.009620852
105291,43.04690638,-89.44447268,7.522578779,0.031341255,-0.045746088
105347,43.04690638,-89.44447268,7.522578779,0.085212566,-0.017405758
105403,43.04690638,-89.44447268,7.522578779,0.07752488,-0.011624107
105459,43.04690638,-89.44447268,7.522578779,0.05971877,-0.016501164
105517,43.04690638,-89.44447268,7.522578779,0.031229304,-0.034827523
105574,43.04690638,-89.44447268,7.522578779,0.027985234,-0.001292593
105629,43.04690638,-89.44447268,7.522578779,0.077659875,0.004235239
105688,43.04690638,-89.44447268,7.522578779,0.09572186,-0.007369514
105747,43.04690638,-89.44447268,7.522578779,0.0782277,0.009159955
105804,43.04690638,-89.44447268,7.522578779,0.041658454,0.006038288
105866,43.04690638,-89.44447268,7.522578779,0.05735432,-0.02505624
105929,43.04690638,-89.44447268,7.522578779,0.033717416,0.03726657
105989,43.04690638,-89.44447268,7.522578779,-0.018761707,0.01145167
106050,43.04690638,-89.44447268,7.522578779,0.059842937,0.04773209
106109,43.04690638,-89.44447268,7.522578779,-0.02186798,-0.04275252
106168,43.04690638,-89.44447268,7.522578779,0.030908113,-0.019865869
106223,43.04690638,-89.44447268,7.522578779,0.005442387,0.022074467
106279,43.04697711,-89.44444053,7.904353847,0.079262376,-0.018381724
106337,43.04697711,-89.44444053,7.904353847,-0.017943887,-0.018927788
106394,43.04697711,-89.44444053,7.904353847,-0.075662374,-0.14232416
106451,43.04697711,-89.44444053,7.904353847,-0.054396152,-0.074156374
106511,43.04697711,-89.44444053,7.904353847,-0.06126787,-0.07197777
106569,43.04697711,-89.44444053,7.904353847,-0.06530244,-0.08340606
106627,43.04697711,-89.44444053,7.904353847,-0.14550391,-0.08271733
106687,43.04697711,-89.44444053,7.904353847,0.05822818,-0.14651628
106744,43.04697711,-89.44444053,7.904353847,0.07357625,-0.011615063
106803,43.04697711,-89.44444053,7.904353847,0.04159444,-0.07603501
106863,43.04697711,-89.44444053,7.904353847,0.09023683,-0.11178603
106921,43.04697711,-89.44444053,7.904353847,-0.05678694,-0.084461555
106980,43.04697711,-89.44444053,7.904353847,-0.17542505,0.044691425
107039,43.04697711,-89.44444053,7.904353847,-0.23870873,-0.018763991
107104,43.04697711,-89.44444053,7.904353847,-0.045222867,-0.05185873
107164,43.04697711,-89.44444053,7.904353847,-0.02907043,-0.08785668
107224,43.04697711,-89.44444053,7.904353847,-0.04732343,-0.03544768
107288,43.04704963,-89.44440783,8.011690372,-0.053840175,-0.120870434
107347,43.04704963,-89.44440783,8.011690372,-0.05145088,-0.019186856
107408,43.04704963,-89.44440783,8.011690372,0.01739226,0.022371687
107467,43.04704963,-89.44440783,8.011690372,-0.038271043,0.012194851
107527,43.04704963,-89.44440783,8.011690372,0.015863571,-0.060414463
107584,43.04704963,-89.44440783,8.011690372,0.073311,0.014097023
107640,43.04704963,-89.44440783,8.011690372,-0.03556649,-0.05216465
107701,43.04704963,-89.44440783,8.011690372,-0.016030522,0.001264582
107765,43.04704963,-89.44440783,8.011690372,0.016131982,-0.003893647
107826,43.04704963,-89.44440783,8.011690372,-0.05259005,-0.05579931
107886,43.04704963,-89.44440783,8.011690372,-0.07909874,-0.020321885
107944,43.04704963,-89.44440783,8.011690372,-0.013349352,-0.026693717
108003,43.04704963,-89.44440783,8.011690372,-0.010688975,-0.025749298
108060,43.04704963,-89.44440783,8.011690372,0.006291125,-0.029053606
108119,43.04704963,-89.44440783,8.011690372,0.04899863,-0.058149576
108182,43.04704963,-89.44440783,8.011690372,0.057227325,0.05885649
108244,43.04704963,-89.44440783,8.011690372,-0.060949586,-0.01696306
108305,43.04712084,-89.44438083,8.043059679,0.056347746,-0.024322374
108367,43.04712084,-89.44438083,8.043059679,-0.023155825,-0.042694848
108422,43.04712084,-89.44438083,8.043059679,0.024545513,-0.012674478
108480,43.04712084,-89.44438083,8.043059679,-0.013169205,-0.062431697
108544,43.04712084,-89.44438083,8.043059679,0.031695668,-0.0651077
108601,43.04712084,-89.44438083,8.043059679,-0.007339967,-0.064520925
108665,43.04712084,-89.44438083,8.043059679,0.06717469,-0.08442899
108727,43.04712084,-89.44438083,8.043059679,0.037917513,-0.09423813
108791,43.04712084,-89.44438083,8.043059679,-0.01775189,-0.124950066
108858,43.04712084,-89.44438083,8.043059679,0.08131994,0.053744018
108915,43.04712084,-89.44438083,8.043059679,0.09546017,-0.14295298
108973,43.04712084,-89.44438083,8.043059679,-0.03953198,-0.16007642
109032,43.04712084,-89.44438083,8.043059679,0.00887535,-0.048442766
109092,43.04712084,-89.44438083,8.043059679,-0.086942665,8.99E-04
109149,43.04712084,-89.44438083,8.043059679,0.059254218,-0.09505947
109207,43.04712084,-89.44438083,8.043059679,0.01969764,-0.061245196
109265,43.04712084,-89.44438083,8.043059679,0.055189244,-0.059596367
109322,43.0471901,-89.44435705,7.846240623,0.11700159,0.016636036
109390,43.0471901,-89.44435705,7.846240623,0.122083806,-0.18188447
109447,43.0471901,-89.44435705,7.846240623,0.15674862,-0.059127554
109503,43.0471901,-89.44435705,7.846240623,0.17411356,-0.11668687
109565,43.0471901,-89.44435705,7.846240623,0.20964809,-0.004088197
109622,43.0471901,-89.44435705,7.846240623,-0.020560274,-0.015752511
109682,43.0471901,-89.44435705,7.846240623,0.046244286,-0.20474854
109742,43.0471901,-89.44435705,7.846240623,-4.81E-04,-0.040288795
109800,43.0471901,-89.44435705,7.846240623,0.14081056,-0.04685279
109857,43.0471901,-89.44435705,7.846240623,0.23289073,-0.042469673
109914,43.0471901,-89.44435705,7.846240623,0.07923857,-0.057117466
109974,43.0471901,-89.44435705,7.846240623,0.16506486,-0.08731166
110033,43.0471901,-89.44435705,7.846240623,0.16912338,-0.002890796
110090,43.0471901,-89.44435705,7.846240623,0.21109423,-0.10348643
110153,43.0471901,-89.44435705,7.846240623,0.12989034,-0.074499376
110211,43.0471901,-89.44435705,7.846240623,0.10647832,-0.02783562
110267,43.04725922,-89.44433354,7.553319516,0.18426275,-0.06669458
110321,43.04725922,-89.44433354,7.553319516,0.10746497,-0.14839609
110377,43.04725922,-89.44433354,7.553319516,0.11310182,-0.013538667
110434,43.04725922,-89.44433354,7.553319516,0.18729822,-0.06245684
110495,43.04725922,-89.44433354,7.553319516,0.10972046,-0.12154478
110554,43.04725922,-89.44433354,7.553319516,0.29381436,-0.023836453
110616,43.04725922,-89.44433354,7.553319516,0.16183151,-0.010656009
110675,43.04725922,-89.44433354,7.553319516,0.17770664,-0.12010049
110734,43.04725922,-89.44433354,7.553319516,0.12784144,-0.099367455
110790,43.04725922,-89.44433354,7.553319516,0.22876987,-0.09002786
110847,43.04725922,-89.44433354,7.553319516,0.0964689,-0.079748996
110906,43.04725922,-89.44433354,7.553319516,0.1357797,-0.05546519
110965,43.04725922,-89.44433354,7.553319516,0.22554232,-0.033224963
111023,43.04725922,-89.44433354,7.553319516,0.13439378,0.002812667
111082,43.04725922,-89.44433354,7.553319516,0.17339283,0.05076923
111140,43.04725922,-89.44433354,7.553319516,0.14006783,-0.06584254
111201,43.04725922,-89.44433354,7.553319516,0.20920809,-0.082453154
111263,43.04731194,-89.4443007,7.075406398,0.25729954,-0.003818983
111319,43.04731194,-89.4443007,7.075406398,0.23370503,0.037058678
111377,43.04731194,-89.4443007,7.075406398,0.2511995,-0.074986786
111433,43.04731194,-89.4443007,7.075406398,0.23743054,0.038904715
111493,43.04731194,-89.4443007,7.075406398,0.26181838,-0.07425039
111551,43.04731194,-89.4443007,7.075406398,0.3643707,-0.15224127
111612,43.04731194,-89.4443007,7.075406398,0.20812285,-0.046071164
111674,43.04731194,-89.4443007,7.075406398,0.17210858,-0.006357635
111735,43.04731194,-89.4443007,7.075406398,0.14452063,-0.0789303
111794,43.04731194,-89.4443007,7.075406398,0.122185566,-0.054216556
111851,43.04731194,-89.4443007,7.075406398,0.13379695,-0.032664582
111909,43.04731194,-89.4443007,7.075406398,0.1977361,-0.062682375
111966,43.04731194,-89.4443007,7.075406398,0.34655097,-0.013971115
112026,43.04731194,-89.4443007,7.075406398,0.31329447,-0.05027032
112086,43.04731194,-89.4443007,7.075406398,0.19701955,-0.12674135
112147,43.04731194,-89.4443007,7.075406398,0.17020372,-0.04736322
112204,43.04731194,-89.4443007,7.075406398,0.021746084,-0.098375894
112267,43.04735198,-89.44424706,6.694246104,0.14254223,-0.041575287
112325,43.04735198,-89.44424706,6.694246104,0.23439865,-0.06999101
112383,43.04735198,-89.44424706,6.694246104,0.23372543,-0.03712867
112441,43.04735198,-89.44424706,6.694246104,0.21385215,-0.11484453
112503,43.04735198,-89.44424706,6.694246104,0.21172877,-0.052831262
112559,43.04735198,-89.44424706,6.694246104,0.13063464,-0.03427826
112616,43.04735198,-89.44424706,6.694246104,0.16108799,-0.024665464
112669,43.04735198,-89.44424706,6.694246104,0.27454597,0.12365595
112723,43.04735198,-89.44424706,6.694246104,0.13421915,-0.069954745
112777,43.04735198,-89.44424706,6.694246104,0.11868867,0.026440747
112833,43.04735198,-89.44424706,6.694246104,0.153294,0.056863327
112888,43.04735198,-89.44424706,6.694246104,0.1700764,0.025452679
112942,43.04735198,-89.44424706,6.694246104,0.18848196,0.057470415
112996,43.04735198,-89.44424706,6.694246104,0.17121805,-0.057968695
113051,43.04735198,-89.44424706,6.694246104,0.17546768,0.062153768
113106,43.04735198,-89.44424706,6.694246104,0.21382798,0.053422716
113161,43.04735198,-89.44424706,6.694246104,0.18914896,0.03561506
113217,43.04735198,-89.44424706,6.694246104,0.16885616,0.07873724
113272,43.04737198,-89.44417621,6.556438906,0.16593882,0.08017149
113327,43.04737198,-89.44417621,6.556438906,0.14145589,0.04125778
113384,43.04737198,-89.44417621,6.556438906,0.1765979,0.018689344
113440,43.04737198,-89.44417621,6.556438906,0.06565836,0.0322278
113500,43.04737198,-89.44417621,6.556438906,0.15358952,0.019739809
113557,43.04737198,-89.44417621,6.556438906,0.17138316,0.048884083
113613,43.04737198,-89.44417621,6.556438906,0.08607148,0.055577755
113671,43.04737198,-89.44417621,6.556438906,0.12378692,0.056647036
113729,43.04737198,-89.44417621,6.556438906,0.10832299,0.05471157
113786,43.04737198,-89.44417621,6.556438906,0.067734234,0.041897252
113848,43.04737198,-89.44417621,6.556438906,0.07605299,0.026351877
113907,43.04737198,-89.44417621,6.556438906,-0.019864526,-0.04682519
113966,43.04737198,-89.44417621,6.556438906,0.101147,0.056523576
114025,43.04737198,-89.44417621,6.556438906,0.10544527,0.06301983
114084,43.04737198,-89.44417621,6.556438906,0.08417685,0.04318191
114145,43.04737198,-89.44417621,6.556438906,0.04137482,0.032194972
114202,43.04737198,-89.44417621,6.556438906,-0.048094153,-0.03635704
114259,43.04737198,-89.44417621,6.556438906,-0.027660979,0.09544296
114321,43.04737488,-89.44409477,6.802261819,-0.10888336,0.08253194
114378,43.04737488,-89.44409477,6.802261819,-0.138399,0.0528014
114436,43.04737488,-89.44409477,6.802261819,0.049596556,0.09816238
114499,43.04737488,-89.44409477,6.802261819,0.043782078,0.02400648
114560,43.04737488,-89.44409477,6.802261819,-0.063281514,-0.024251228
114624,43.04737488,-89.44409477,6.802261819,0.004701106,0.00370261
114689,43.04737488,-89.44409477,6.802261819,0.05615852,-0.04838985
114755,43.04737488,-89.44409477,6.802261819,0.030982848,0.03850226
114815,43.04737488,-89.44409477,6.802261819,-0.011665765,0.05450345
114877,43.04737488,-89.44409477,6.802261819,0.005448509,-0.039211888
114939,43.04737488,-89.44409477,6.802261819,0.040498804,0.027468385
114994,43.04737488,-89.44409477,6.802261819,-0.010050733,0.05765174
115052,43.04737488,-89.44409477,6.802261819,0.1123684,0.07024582
115111,43.04737488,-89.44409477,6.802261819,-0.007979698,0.05623811
115168,43.04737488,-89.44409477,6.802261819,0.004077176,-7.42E-04
115225,43.04737488,-89.44409477,6.802261819,-0.015041707,0.019236248
115287,43.04736708,-89.44400332,7.305491155,0.018106403,0.005013101
115346,43.04736708,-89.44400332,7.305491155,-0.021605099,-0.02589917
115414,43.04736708,-89.44400332,7.305491155,-0.050624922,0.05045709
115474,43.04736708,-89.44400332,7.305491155,0.007625145,0.03598311
115539,43.04736708,-89.44400332,7.305491155,-0.04238672,-0.001594137
115596,43.04736708,-89.44400332,7.305491155,-0.03308107,0.04380386
115653,43.04736708,-89.44400332,7.305491155,-0.06350452,-0.013495958
115716,43.04736708,-89.44400332,7.305491155,-0.061170794,0.01685197
115775,43.04736708,-89.44400332,7.305491155,-0.09380762,0.005243918
115837,43.04736708,-89.44400332,7.305491155,0.02434434,-0.039096244
115901,43.04736708,-89.44400332,7.305491155,0.08228691,0.045293268
115958,43.04736708,-89.44400332,7.305491155,-0.021003326,0.007315225
116019,43.04736708,-89.44400332,7.305491155,-0.020005004,-0.024375131
116076,43.04736708,-89.44400332,7.305491155,-0.11693599,-0.05697352
116136,43.04736708,-89.44400332,7.305491155,0.009714777,-0.029974535
116199,43.04736708,-89.44400332,7.305491155,0.010265266,-0.020919865
116264,43.04734961,-89.44390117,8.011407105,0.006381525,-0.032711595
116398,43.04734961,-89.44390117,8.011407105,-0.025025435,-0.041196328
116454,43.04734961,-89.44390117,8.011407105,-0.041167263,-0.077107005
116511,43.04734961,-89.44390117,8.011407105,0.040521737,-0.07725994
116574,43.04734961,-89.44390117,8.011407105,0.07452344,-0.006637539
116633,43.04734961,-89.44390117,8.011407105,0.1288975,-0.06985481
116693,43.04734961,-89.44390117,8.011407105,0.030499619,-0.093233466
116752,43.04734961,-89.44390117,8.011407105,-0.03709963,-0.037096847
116811,43.04734961,-89.44390117,8.011407105,0.101685405,-0.040306687
116873,43.04734961,-89.44390117,8.011407105,-0.026476648,-0.11633676
116931,43.04734961,-89.44390117,8.011407105,0.117954426,-0.04861548
116989,43.04734961,-89.44390117,8.011407105,-0.012998499,-0.029039051
117050,43.04734961,-89.44390117,8.011407105,-0.036957696,-0.08342317
117109,43.04734961,-89.44390117,8.011407105,0.16837783,-0.064472795
117170,43.04734961,-89.44390117,8.011407105,-0.02722179,-0.006117182
117229,43.04734961,-89.44390117,8.011407105,-0.31801972,-0.14391942
117287,43.04732598,-89.44379473,8.561155252,-0.16680707,-0.18280047
117345,43.04732598,-89.44379473,8.561155252,0.026811942,-0.056553666
117406,43.04732598,-89.44379473,8.561155252,0.20520976,-0.029475523
117464,43.04732598,-89.44379473,8.561155252,-0.02954323,-0.06109392
117521,43.04732598,-89.44379473,8.561155252,-0.028301304,-0.09420988
117581,43.04732598,-89.44379473,8.561155252,0.19734621,0.019957561
117640,43.04732598,-89.44379473,8.561155252,0.056865074,-0.10071377
117697,43.04732598,-89.44379473,8.561155252,0.0723346,-0.08014056
117754,43.04732598,-89.44379473,8.561155252,-0.006679025,-0.087850146
117813,43.04732598,-89.44379473,8.561155252,-0.030370435,-0.064954475
117872,43.04732598,-89.44379473,8.561155252,0.006237142,-0.15454441
117930,43.04732598,-89.44379473,8.561155252,0.046385825,0.011314585
117991,43.04732598,-89.44379473,8.561155252,0.08493302,-0.09519228
118051,43.04732598,-89.44379473,8.561155252,-0.034232978,-0.07522399
118110,43.04732598,-89.44379473,8.561155252,-0.014065457,-0.10462693
118171,43.04732598,-89.44379473,8.561155252,-0.070005074,-0.13477793
118235,43.04732598,-89.44379473,8.561155252,0.031077756,-0.092080526
118297,43.04729612,-89.44368313,9.022264059,0.10570016,-0.021653572
118354,43.04729612,-89.44368313,9.022264059,-0.003192589,-0.097940005
118413,43.04729612,-89.44368313,9.022264059,-0.11824911,-0.12957183
118471,43.04729612,-89.44368313,9.022264059,0.07339423,0.03591966
118531,43.04729612,-89.44368313,9.022264059,0.03594327,-0.10877427
118591,43.04729612,-89.44368313,9.022264059,0.027375681,0.03265233
118655,43.04729612,-89.44368313,9.022264059,0.063076854,-0.1706849
118717,43.04729612,-89.44368313,9.022264059,0.059499696,-0.071271054
118779,43.04729612,-89.44368313,9.022264059,0.10863014,-0.08498521
118836,43.04729612,-89.44368313,9.022264059,0.11837295,-0.036688115
118893,43.04729612,-89.44368313,9.022264059,0.06041024,-0.07559447
118956,43.04729612,-89.44368313,9.022264059,0.047218755,-0.007157857
119021,43.04729612,-89.44368313,9.022264059,0.00786969,-0.06933085
119081,43.04729612,-89.44368313,9.022264059,0.055413406,-0.010743689
119140,43.04729612,-89.44368313,9.022264059,0.05720389,-0.040452734
119200,43.04729612,-89.44368313,9.022264059,0.037206076,-0.09881287
119256,43.04726158,-89.44357224,9.329536185,0.078097224,-0.008803019
119315,43.04726158,-89.44357224,9.329536185,-0.10284536,-0.10932459
119374,43.04726158,-89.44357224,9.329536185,0.057442024,-0.002524415
119434,43.04726158,-89.44357224,9.329536185,0.011221145,-0.084288225
119504,43.04726158,-89.44357224,9.329536185,0.0195266,-0.08114563
119566,43.04726158,-89.44357224,9.329536185,0.095001325,-0.07007183
119625,43.04726158,-89.44357224,9.329536185,-0.052150413,-0.004576261
119688,43.04726158,-89.44357224,9.329536185,-0.048464958,-0.08371278
119746,43.04726158,-89.44357224,9.329536185,-0.02035335,-0.08809365
119807,43.04726158,-89.44357224,9.329536185,-0.036302127,-0.04356337
119868,43.04726158,-89.44357224,9.329536185,-0.048584428,-0.06628302
119929,43.04726158,-89.44357224,9.329536185,-0.04977861,-0.06981717
119990,43.04726158,-89.44357224,9.329536185,-0.030922871,-0.09245893
120054,43.04726158,-89.44357224,9.329536185,-0.017109165,-0.104161456
120117,43.04726158,-89.44357224,9.329536185,-0.051999725,-0.033882618
120182,43.04726158,-89.44357224,9.329536185,-0.05402324,-0.089150116
120239,43.04726158,-89.44357224,9.329536185,-0.003291815,-0.105019875
120298,43.04722283,-89.44346154,9.497997132,-0.09791405,0.010979548
120354,43.04722283,-89.44346154,9.497997132,-0.08395887,-0.09531674
120410,43.04722283,-89.44346154,9.497997132,-0.06548855,-0.119051725
120471,43.04722283,-89.44346154,9.497997132,-0.048401207,-0.08051859
120532,43.04722283,-89.44346154,9.497997132,-0.036845196,-0.08398266
120599,43.04722283,-89.44346154,9.497997132,0.004677564,-0.16232027
120659,43.04722283,-89.44346154,9.497997132,-0.019326296,-0.071261786
120722,43.04722283,-89.44346154,9.497997132,-0.013836293,-0.05802546
120782,43.04722283,-89.44346154,9.497997132,-0.014782202,-0.1215775
120844,43.04722283,-89.44346154,9.497997132,-0.022899112,-0.076504014
120907,43.04722283,-89.44346154,9.497997132,-0.07747275,-0.11874121
120968,43.04722283,-89.44346154,9.497997132,-0.061047483,-0.13492748
121026,43.04722283,-89.44346154,9.497997132,-0.082564235,-0.15466006
121088,43.04722283,-89.44346154,9.497997132,0.024029516,-0.06687948
121149,43.04722283,-89.44346154,9.497997132,-0.05879733,-0.1486734
121209,43.04722283,-89.44346154,9.497997132,-0.054877706,-0.06142761
121270,43.04718461,-89.44335461,9.4658042,-0.039598465,-0.18087204
121328,43.04718461,-89.44335461,9.4658042,-0.017867776,-0.11110941
121387,43.04718461,-89.44335461,9.4658042,-0.05146665,-0.16539803
121446,43.04718461,-89.44335461,9.4658042,0.01168127,-0.14695074
121506,43.04718461,-89.44335461,9.4658042,0.002570732,-0.099655464
121562,43.04718461,-89.44335461,9.4658042,-0.07517018,-0.09297292
121622,43.04718461,-89.44335461,9.4658042,0.062112577,-0.107024185
121678,43.04718461,-89.44335461,9.4658042,-0.07245278,-0.07107605
121734,43.04718461,-89.44335461,9.4658042,0.010803664,-0.15596703
121793,43.04718461,-89.44335461,9.4658042,-0.019140627,-0.112735875
121854,43.04718461,-89.44335461,9.4658042,-0.025127804,-0.17335907
121914,43.04718461,-89.44335461,9.4658042,-0.058226705,-0.24113461
121973,43.04718461,-89.44335461,9.4658042,-0.07087412,-0.16016959
122035,43.04718461,-89.44335461,9.4658042,-0.021152642,-0.18625519
122094,43.04718461,-89.44335461,9.4658042,0.060115796,-0.19433244
122152,43.04718461,-89.44335461,9.4658042,0.058596957,-0.20675571
122208,43.04718461,-89.44335461,9.4658042,-0.023171153,-0.14478655
122266,43.04718461,-89.44335461,9.4658042,0.03184714,-0.26078832
122325,43.04715061,-89.44325317,9.109101737,-0.03560423,-0.18836734
122384,43.04715061,-89.44325317,9.109101737,0.018177835,-0.20479226
122446,43.04715061,-89.44325317,9.109101737,-0.026833763,-0.2499479
122510,43.04715061,-89.44325317,9.109101737,-0.021043867,-0.25208408
122573,43.04715061,-89.44325317,9.109101737,-0.020745505,-0.21384145
122635,43.04715061,-89.44325317,9.109101737,-0.026767014,-0.30384773
122698,43.04715061,-89.44325317,9.109101737,-0.015132508,-0.4617865
122759,43.04715061,-89.44325317,9.109101737,-0.042866934,-0.4228267
122820,43.04715061,-89.44325317,9.109101737,-0.019694405,-0.21927965
122884,43.04715061,-89.44325317,9.109101737,-0.020157665,-0.2064574
122947,43.04715061,-89.44325317,9.109101737,0.010927387,-0.23619021
123007,43.04715061,-89.44325317,9.109101737,0.060157344,-0.22573961
123064,43.04715061,-89.44325317,9.109101737,-0.023261806,-0.23449928
123123,43.04715061,-89.44325317,9.109101737,0.026816474,-0.3194571
123186,43.04715061,-89.44325317,9.109101737,-0.020180222,-0.30665925
123244,43.04715061,-89.44325317,9.109101737,-0.025627818,-0.2578846
123302,43.04712057,-89.44316953,7.979296186,4.35E-04,-0.22206445
123363,43.04712057,-89.44316953,7.979296186,-0.006824816,-0.21253005
123422,43.04712057,-89.44316953,7.979296186,0.021869304,-0.24870057
123481,43.04712057,-89.44316953,7.979296186,0.010119313,-0.27378723
123537,43.04712057,-89.44316953,7.979296186,0.039495803,-0.21952595
123594,43.04712057,-89.44316953,7.979296186,0.019623999,-0.24527651
123660,43.04712057,-89.44316953,7.979296186,-0.054046288,-0.21950205
123716,43.04712057,-89.44316953,7.979296186,-0.058944643,-0.12503114
123774,43.04712057,-89.44316953,7.979296186,-0.17344883,-0.25459582
123836,43.04712057,-89.44316953,7.979296186,-0.08658899,-0.23837085
123900,43.04712057,-89.44316953,7.979296186,-0.03830453,-0.18612541
123966,43.04712057,-89.44316953,7.979296186,0.053999662,-0.15562142
124029,43.04712057,-89.44316953,7.979296186,-0.091474906,-0.15093914
124088,43.04712057,-89.44316953,7.979296186,-0.05382921,-0.14324799
124148,43.04712057,-89.44316953,7.979296186,-0.07332793,-0.14814785
124212,43.04712057,-89.44316953,7.979296186,-0.0832096,-0.09096775
124271,43.04709943,-89.44311301,6.354055201,-0.07365009,-0.05087421
124327,43.04709943,-89.44311301,6.354055201,-1.21E-04,-0.04026822
124386,43.04709943,-89.44311301,6.354055201,0.04274516,0.010143181
124446,43.04709943,-89.44311301,6.354055201,0.050474104,0.0608878
124506,43.04709943,-89.44311301,6.354055201,0.100373,0.07268222
124566,43.04709943,-89.44311301,6.354055201,0.09209416,0.1251428
124629,43.04709943,-89.44311301,6.354055201,-0.016603425,0.059990175
124687,43.04709943,-89.44311301,6.354055201,-0.03186752,0.09783578
124746,43.04709943,-89.44311301,6.354055201,-0.049343307,0.069804125
124803,43.04709943,-89.44311301,6.354055201,-0.007907242,0.02065305
124864,43.04709943,-89.44311301,6.354055201,-0.07424895,0.032443978
124925,43.04709943,-89.44311301,6.354055201,0.033821158,0.066529304
124989,43.04709943,-89.44311301,6.354055201,0.022490913,0.10761947
125048,43.04709943,-89.44311301,6.354055201,0.05082162,0.0435691
125107,43.04709943,-89.44311301,6.354055201,0.08022278,0.11104914
125162,43.04709943,-89.44311301,6.354055201,0.12513207,0.10925231
125217,43.04709943,-89.44311301,6.354055201,0.061645027,0.11394623
125272,43.04708375,-89.44307445,5.31422002,0.05053963,-0.002526073
125326,43.04708375,-89.44307445,5.31422002,0.015489687,0.17114751
125382,43.04708375,-89.44307445,5.31422002,0.040749718,0.1129334
125438,43.04708375,-89.44307445,5.31422002,0.018395549,0.17134506
125498,43.04708375,-89.44307445,5.31422002,-0.02721335,0.1660225
125557,43.04708375,-89.44307445,5.31422002,0.110163376,0.19903526
125619,43.04708375,-89.44307445,5.31422002,0.03115849,0.14924505
125679,43.04708375,-89.44307445,5.31422002,0.0446957,0.19578645
125737,43.04708375,-89.44307445,5.31422002,0.13685077,0.24644786
125797,43.04708375,-89.44307445,5.31422002,0.084521614,0.1819558
125855,43.04708375,-89.44307445,5.31422002,0.07217795,0.15360777
125914,43.04708375,-89.44307445,5.31422002,0.09259852,0.14518647
125972,43.04708375,-89.44307445,5.31422002,0.039171282,0.19657072
126042,43.04708375,-89.44307445,5.31422002,0.13226429,0.12665401
126105,43.04708375,-89.44307445,5.31422002,0.21964999,0.11011629
126168,43.04708375,-89.44307445,5.31422002,0.28409612,0.13668743
126228,43.04708375,-89.44307445,5.31422002,0.13708553,0.18298121
126289,43.04706151,-89.4430348,5.171894782,0.060299855,0.074611805
126347,43.04706151,-89.4430348,5.171894782,0.087793924,0.11809116
126407,43.04706151,-89.4430348,5.171894782,0.020349478,0.088215545
126466,43.04706151,-89.4430348,5.171894782,0.121757954,0.08989097
126526,43.04706151,-89.4430348,5.171894782,0.099522956,0.0960531
126582,43.04706151,-89.4430348,5.171894782,0.049963586,0.07815289
126640,43.04706151,-89.4430348,5.171894782,0.26379824,0.08604438
126698,43.04706151,-89.4430348,5.171894782,0.14808337,0.16321124
126757,43.04706151,-89.4430348,5.171894782,0.32176784,0.0885195
126813,43.04706151,-89.4430348,5.171894782,0.25202563,-0.01914247
126876,43.04706151,-89.4430348,5.171894782,0.08997044,0.062240675
126937,43.04706151,-89.4430348,5.171894782,0.1317672,0.039594956
127013,43.04706151,-89.4430348,5.171894782,0.19948375,-0.003118999
127073,43.04706151,-89.4430348,5.171894782,0.10704041,0.06565697
127138,43.04706151,-89.4430348,5.171894782,0.28599736,0.037791524
127197,43.04706151,-89.4430348,5.171894782,0.3122864,0.21128899
127259,43.04706151,-89.4430348,5.171894782,0.22134511,0.0956901
127322,43.04702377,-89.44299457,5.491246267,0.07448752,0.071441926
127380,43.04702377,-89.44299457,5.491246267,0.15319182,-0.028979922
127439,43.04702377,-89.44299457,5.491246267,0.06432709,-0.015381985
127495,43.04702377,-89.44299457,5.491246267,0.280612,0.052605513
127551,43.04702377,-89.44299457,5.491246267,0.10993001,0.060903538
127610,43.04702377,-89.44299457,5.491246267,0.1286578,-0.04537043
127669,43.04702377,-89.44299457,5.491246267,0.09222824,0.03423663
127725,43.04702377,-89.44299457,5.491246267,0.14234088,-0.025399474
127783,43.04702377,-89.44299457,5.491246267,0.17864907,0.005320238
127839,43.04702377,-89.44299457,5.491246267,0.020689493,-0.014155177
127898,43.04702377,-89.44299457,5.491246267,0.1544014,0.037888516
127957,43.04702377,-89.44299457,5.491246267,0.1203654,-0.025189383
128014,43.04702377,-89.44299457,5.491246267,0.17313154,0.021572728
128074,43.04702377,-89.44299457,5.491246267,0.17793776,0.116182074
128133,43.04702377,-89.44299457,5.491246267,0.020074584,-0.004334232
128196,43.04702377,-89.44299457,5.491246267,0.030426087,0.0016469
128257,43.04702377,-89.44299457,5.491246267,0.06574622,0.05024301
128325,43.04696912,-89.44296973,5.997254589,0.03197216,-0.004362125
128384,43.04696912,-89.44296973,5.997254589,0.08124256,0.03812505
128445,43.04696912,-89.44296973,5.997254589,0.055029564,-0.05903718
128501,43.04696912,-89.44296973,5.997254589,0.1034497,-0.028296148
128561,43.04696912,-89.44296973,5.997254589,-0.00812522,-0.011194858
128623,43.04696912,-89.44296973,5.997254589,-0.02477214,0.06081231
128684,43.04696912,-89.44296973,5.997254589,-0.14342442,-0.08651675
128749,43.04696912,-89.44296973,5.997254589,-0.017618915,-0.15616232
128814,43.04696912,-89.44296973,5.997254589,0.054183893,-0.09114345
128878,43.04696912,-89.44296973,5.997254589,0.15417105,-0.0832775
128935,43.04696912,-89.44296973,5.997254589,0.080332406,-0.09079619
128997,43.04696912,-89.44296973,5.997254589,0.08868768,-0.012719012
129057,43.04696912,-89.44296973,5.997254589,-0.09150281,-0.03542024
129118,43.04696912,-89.44296973,5.997254589,-0.09798913,-0.051534556
129185,43.04696912,-89.44296973,5.997254589,0.044499762,-0.08762308
129243,43.04696912,-89.44296973,5.997254589,0.042040143,0.009401186
129303,43.04690706,-89.44296221,6.462145745,0.07939141,-0.06816155
129359,43.04690706,-89.44296221,6.462145745,-0.007431868,-0.07792949
129420,43.04690706,-89.44296221,6.462145745,0.019574068,-6.92E-04
129485,43.04690706,-89.44296221,6.462145745,0.004916054,0.012350685
129549,43.04690706,-89.44296221,6.462145745,0.0380126,0.02229136
129604,43.04690706,-89.44296221,6.462145745,0.12831214,0.0527216
129662,43.04690706,-89.44296221,6.462145745,0.044091683,-0.089131035
129721,43.04690706,-89.44296221,6.462145745,0.027302356,0.009130327
129779,43.04690706,-89.44296221,6.462145745,0.03017914,0.007486401
129840,43.04690706,-89.44296221,6.462145745,0.07887792,0.007607078
129899,43.04690706,-89.44296221,6.462145745,0.06351678,0.015151462
129963,43.04690706,-89.44296221,6.462145745,-0.001616144,-0.001620874
130024,43.04690706,-89.44296221,6.462145745,0.008951635,4.00E-04
130084,43.04690706,-89.44296221,6.462145745,0.008858828,-0.008948674
130142,43.04690706,-89.44296221,6.462145745,0.13630347,0.045141626
130205,43.04690706,-89.44296221,6.462145745,0.07970998,-0.052872926
130261,43.04684251,-89.44297017,6.933442842,0.076452315,-0.036334425
130318,43.04684251,-89.44297017,6.933442842,0.004599022,-0.031509604
130375,43.04684251,-89.44297017,6.933442842,0.1752477,-9.73E-04
130436,43.04684251,-89.44297017,6.933442842,0.15396053,-0.04522162
130499,43.04684251,-89.44297017,6.933442842,0.097151674,0.011833127
130559,43.04684251,-89.44297017,6.933442842,0.12863687,0.052769225
130616,43.04684251,-89.44297017,6.933442842,0.17342559,-0.007968022
130674,43.04684251,-89.44297017,6.933442842,0.09296227,0.011183349
130735,43.04684251,-89.44297017,6.933442842,0.1017825,-0.031346194
130797,43.04684251,-89.44297017,6.933442842,0.074811205,0.037661623
130860,43.04684251,-89.44297017,6.933442842,0.11224773,0.03926402
130921,43.04684251,-89.44297017,6.933442842,0.06147371,-0.061544936
130980,43.04684251,-89.44297017,6.933442842,0.09675121,-0.021940459
131043,43.04684251,-89.44297017,6.933442842,0.029290134,0.01036773
131101,43.04684251,-89.44297017,6.933442842,0.07903307,-0.025141457
131162,43.04684251,-89.44297017,6.933442842,0.048666418,0.003732806
131225,43.04684251,-89.44297017,6.933442842,0.14686595,-0.06275679
131288,43.0467739,-89.44299855,7.495270402,0.07393765,0.06221896
131429,43.0467739,-89.44299855,7.495270402,0.06077802,0.014611514
131491,43.0467739,-89.44299855,7.495270402,0.18155712,-0.024431288
131553,43.0467739,-89.44299855,7.495270402,0.18917778,0.05746791
131612,43.0467739,-89.44299855,7.495270402,0.16623214,-0.05354846
131672,43.0467739,-89.44299855,7.495270402,0.10765885,0.03365452
131730,43.0467739,-89.44299855,7.495270402,0.17698881,0.002536208
131788,43.0467739,-89.44299855,7.495270402,0.08267704,-0.021873478
131849,43.0467739,-89.44299855,7.495270402,0.13306491,0.02709954
131910,43.0467739,-89.44299855,7.495270402,0.1522069,-0.043340564
131976,43.0467739,-89.44299855,7.495270402,0.15808582,-0.032492124
132032,43.0467739,-89.44299855,7.495270402,0.10284559,-0.028863316
132094,43.0467739,-89.44299855,7.495270402,0.08673424,4.67E-04
132158,43.0467739,-89.44299855,7.495270402,0.08274123,-0.041231576
132217,43.0467739,-89.44299855,7.495270402,0.008705434,-0.06623126
132279,43.04670055,-89.44304461,8.178608317,0.09224958,0.00792148
132339,43.04670055,-89.44304461,8.178608317,0.05082407,0.005864082
132401,43.04670055,-89.44304461,8.178608317,0.11537136,-0.025226643
132464,43.04670055,-89.44304461,8.178608317,0.08015261,-0.04051037
132522,43.04670055,-89.44304461,8.178608317,0.021481512,-0.10819749
132587,43.04670055,-89.44304461,8.178608317,0.1247604,-0.010499026
132653,43.04670055,-89.44304461,8.178608317,0.04033873,-0.018109877
132715,43.04670055,-89.44304461,8.178608317,0.018470176,-0.011360402
132778,43.04670055,-89.44304461,8.178608317,0.07949801,-0.023983356
132839,43.04670055,-89.44304461,8.178608317,0.065741755,-0.03753832
132896,43.04670055,-89.44304461,8.178608317,0.050523274,-0.051179636
132954,43.04670055,-89.44304461,8.178608317,-0.083743915,-0.024838269
133012,43.04670055,-89.44304461,8.178608317,0.025874361,-0.02079943
133068,43.04670055,-89.44304461,8.178608317,-0.00973154,-0.06430609
133127,43.04670055,-89.44304461,8.178608317,0.06324335,0.03061031
133186,43.04670055,-89.44304461,8.178608317,0.13756147,0.042039715
133243,43.04670055,-89.44304461,8.178608317,-0.012649205,-0.027671892
133299,43.04662971,-89.44311412,8.85904678,-0.073576584,-0.08489462
133355,43.04662971,-89.44311412,8.85904678,-0.1137524,-0.11048781
133421,43.04662971,-89.44311412,8.85904678,-0.018705789,-0.07445312
133485,43.04662971,-89.44311412,8.85904678,0.13138635,-0.10057557
133542,43.04662971,-89.44311412,8.85904678,0.015715912,-0.07984631
133598,43.04662971,-89.44311412,8.85904678,-0.019699147,-0.07883027
133660,43.04662971,-89.44311412,8.85904678,-0.076401435,-0.1293151
133720,43.04662971,-89.44311412,8.85904678,-0.0947206,-0.1258524
133780,43.04662971,-89.44311412,8.85904678,0.058536638,-0.11269779
133838,43.04662971,-89.44311412,8.85904678,-0.058293216,-0.13122563
133899,43.04662971,-89.44311412,8.85904678,-0.0260612,-0.091817155
133959,43.04662971,-89.44311412,8.85904678,-0.045897048,-0.106081724
134019,43.04662971,-89.44311412,8.85904678,-0.03588344,-0.090023026
134075,43.04662971,-89.44311412,8.85904678,-0.02313936,-0.10822246
134136,43.04662971,-89.44311412,8.85904678,-0.03563405,-0.1029943
134195,43.04662971,-89.44311412,8.85904678,-0.015252239,-0.09647494
134252,43.04662971,-89.44311412,8.85904678,-0.027606338,-0.10515858
134312,43.04656162,-89.44319526,9.337371733,-0.030566784,-0.14500903
134369,43.04656162,-89.44319526,9.337371733,-0.047203325,-0.12739004
134430,43.04656162,-89.44319526,9.337371733,-0.051723532,-0.09670911
134488,43.04656162,-89.44319526,9.337371733,-0.0307046,-0.0939512
134546,43.04656162,-89.44319526,9.337371733,-0.029408963,-0.09554398
134604,43.04656162,-89.44319526,9.337371733,-0.041562997,-0.10384922
134663,43.04656162,-89.44319526,9.337371733,-0.026703114,-0.08870204
134718,43.04656162,-89.44319526,9.337371733,-0.030072972,-0.09990061
134778,43.04656162,-89.44319526,9.337371733,-0.021695955,-0.11115432
134834,43.04656162,-89.44319526,9.337371733,-0.017284194,-0.109140724
134895,43.04656162,-89.44319526,9.337371733,-0.035634585,-0.07757118
134956,43.04656162,-89.44319526,9.337371733,-0.013088538,-0.004849617
135015,43.04656162,-89.44319526,9.337371733,-0.044211876,-0.022830253
135075,43.04656162,-89.44319526,9.337371733,-0.034135614,-0.034178838
135138,43.04656162,-89.44319526,9.337371733,-0.11368963,-0.023461778
135204,43.04656162,-89.44319526,9.337371733,0.020903045,-0.05410747
135262,43.04649512,-89.44327747,9.569549886,0.012219363,-0.014410782
135319,43.04649512,-89.44327747,9.569549886,0.004826078,-0.026114488
135377,43.04649512,-89.44327747,9.569549886,-0.056355227,0.023041803
135444,43.04649512,-89.44327747,9.569549886,-0.10479747,0.014416056
135507,43.04649512,-89.44327747,9.569549886,0.018859342,-0.007342004
135566,43.04649512,-89.44327747,9.569549886,0.046536833,-0.025157692
135623,43.04649512,-89.44327747,9.569549886,-0.079469845,0.039939504
135680,43.04649512,-89.44327747,9.569549886,-0.035486124,0.040033914
135741,43.04649512,-89.44327747,9.569549886,-0.026867727,-0.057321366
135808,43.04649512,-89.44327747,9.569549886,-0.001477306,-0.031978186
135869,43.04649512,-89.44327747,9.569549886,-0.013928521,-0.002187101
135934,43.04649512,-89.44327747,9.569549886,-0.17545511,-0.01465772
135997,43.04649512,-89.44327747,9.569549886,-0.10295325,-0.030005133
136060,43.04649512,-89.44327747,9.569549886,-0.004525797,-0.013766846
136120,43.04649512,-89.44327747,9.569549886,0.016299529,0.016699715
136183,43.04649512,-89.44327747,9.569549886,-0.05867651,-0.055181023
136243,43.04649512,-89.44327747,9.569549886,-0.080747806,-0.03234352
136306,43.04642961,-89.44336432,9.901250272,-0.08315981,-0.032763135
136367,43.04642961,-89.44336432,9.901250272,-0.14421602,-0.056317087
136429,43.04642961,-89.44336432,9.901250272,-0.08254049,-0.014631986
136491,43.04642961,-89.44336432,9.901250272,-0.021930268,-0.034690894
136552,43.04642961,-89.44336432,9.901250272,-0.030066174,-0.03907941
136610,43.04642961,-89.44336432,9.901250272,0.029820045,-0.05026797
136669,43.04642961,-89.44336432,9.901250272,0.121971354,0.023787662
136727,43.04642961,-89.44336432,9.901250272,-0.098521926,-0.033395644
136785,43.04642961,-89.44336432,9.901250272,0.1334169,-0.028130138
136846,43.04642961,-89.44336432,9.901250272,-0.026504254,-0.03387995
136908,43.04642961,-89.44336432,9.901250272,-0.082105026,-0.16696087
136968,43.04642961,-89.44336432,9.901250272,-0.018146493,-0.16041318
137025,43.04642961,-89.44336432,9.901250272,0.08245168,-0.009011261
137082,43.04642961,-89.44336432,9.901250272,-0.12048253,0.13326965
137147,43.04642961,-89.44336432,9.901250272,-0.26587588,0.032494556
137206,43.04642961,-89.44336432,9.901250272,-0.00433108,-0.10266294
137269,43.04636551,-89.44345685,10.20990567,0.016086666,-0.049662765
137325,43.04636551,-89.44345685,10.20990567,-0.13172877,0.03536477
137383,43.04636551,-89.44345685,10.20990567,-0.014951428,-0.16519503
137441,43.04636551,-89.44345685,10.20990567,0.026935602,-0.041292273
137499,43.04636551,-89.44345685,10.20990567,-0.027201025,-0.06756009
137559,43.04636551,-89.44345685,10.20990567,-0.060389925,-0.064291485
137622,43.04636551,-89.44345685,10.20990567,0.07858057,0.10978202
137682,43.04636551,-89.44345685,10.20990567,-0.004398134,-0.09172642
137746,43.04636551,-89.44345685,10.20990567,-0.026510727,-0.062390663
137810,43.04636551,-89.44345685,10.20990567,-0.04629996,-0.05034847
137873,43.04636551,-89.44345685,10.20990567,0.12745534,-0.036928054
137937,43.04636551,-89.44345685,10.20990567,-0.04955459,-0.07241969
137998,43.04636551,-89.44345685,10.20990567,0.002475203,0.019064242
138062,43.04636551,-89.44345685,10.20990567,0.033951305,-0.05938092
138122,43.04636551,-89.44345685,10.20990567,0.077145316,-0.07999385
138187,43.04636551,-89.44345685,10.20990567,-0.03506141,-0.007763864
138260,43.04636551,-89.44345685,10.20990567,-0.053244688,-0.08360975
138321,43.04630166,-89.44355276,10.45076525,-0.012405191,-0.124009445
138383,43.04630166,-89.44355276,10.45076525,0.049789883,-0.0666744
138440,43.04630166,-89.44355276,10.45076525,0.038774926,0.040148426
138497,43.04630166,-89.44355276,10.45076525,-0.19044413,-0.063706525
138556,43.04630166,-89.44355276,10.45076525,-0.16604042,-0.05766092
138615,43.04630166,-89.44355276,10.45076525,-0.062221326,-0.037039444
138683,43.04630166,-89.44355276,10.45076525,-0.050058447,-0.14277688
138741,43.04630166,-89.44355276,10.45076525,0.06877257,-0.08191026
138803,43.04630166,-89.44355276,10.45076525,0.018170834,-0.10329297
138864,43.04630166,-89.44355276,10.45076525,-0.059482306,-0.072018825
138926,43.04630166,-89.44355276,10.45076525,-0.009768792,-0.065390356
138990,43.04630166,-89.44355276,10.45076525,0.102101825,0.09081094
139052,43.04630166,-89.44355276,10.45076525,-0.046951022,0.022901246
139116,43.04630166,-89.44355276,10.45076525,-0.15100625,-0.07851114
139183,43.04630166,-89.44355276,10.45076525,-0.08231689,-0.12974918
139239,43.04630166,-89.44355276,10.45076525,0.047075666,0.038389925
139295,43.0462379,-89.44365009,10.59755991,-0.13070829,-0.03417588
139353,43.0462379,-89.44365009,10.59755991,-0.04909219,-0.10067317
139414,43.0462379,-89.44365009,10.59755991,-0.016044324,-0.025984526
139474,43.0462379,-89.44365009,10.59755991,-0.16803929,-0.07776804
139532,43.0462379,-89.44365009,10.59755991,-0.081781976,-0.0767921
139593,43.0462379,-89.44365009,10.59755991,-0.014544189,-0.06405524
139653,43.0462379,-89.44365009,10.59755991,0.028885018,0.00136861
139715,43.0462379,-89.44365009,10.59755991,-0.11948232,-0.044215284
139782,43.0462379,-89.44365009,10.59755991,0.062755845,-0.05959051
139840,43.0462379,-89.44365009,10.59755991,-0.06258818,-0.043999933
139903,43.0462379,-89.44365009,10.59755991,-0.05357309,-0.04001738
139963,43.0462379,-89.44365009,10.59755991,-0.03251815,-0.112039916
140025,43.0462379,-89.44365009,10.59755991,-0.060450498,4.31E-04
140085,43.0462379,-89.44365009,10.59755991,-0.15681389,-0.074512646
140147,43.0462379,-89.44365009,10.59755991,-0.16757952,0.007843277
140207,43.0462379,-89.44365009,10.59755991,-0.09670922,0.040153783
140269,43.04617142,-89.44375007,10.77153147,-0.162958,-0.08385422
140324,43.04617142,-89.44375007,10.77153147,-0.16716757,-0.07205381
140386,43.04617142,-89.44375007,10.77153147,-0.09380267,-0.055169657
140444,43.04617142,-89.44375007,10.77153147,-0.07704689,-0.0470926
140505,43.04617142,-89.44375007,10.77153147,-0.13593635,0.027462894
140563,43.04617142,-89.44375007,10.77153147,-0.06075095,-0.013570495
140620,43.04617142,-89.44375007,10.77153147,-0.033263944,-0.01758555
140680,43.04617142,-89.44375007,10.77153147,-0.027381936,-0.010329918
140738,43.04617142,-89.44375007,10.77153147,-0.091124885,0.047955517
140797,43.04617142,-89.44375007,10.77153147,-0.13298278,-0.03729481
140856,43.04617142,-89.44375007,10.77153147,-0.14004672,-0.05386232
140911,43.04617142,-89.44375007,10.77153147,-0.095893815,-0.08533511
140973,43.04617142,-89.44375007,10.77153147,-0.041118015,0.001207663
141031,43.04617142,-89.44375007,10.77153147,-0.108036816,-0.02068474
141093,43.04617142,-89.44375007,10.77153147,-0.15772124,-0.0363712
141149,43.04617142,-89.44375007,10.77153147,-0.109983966,0.012699835
141210,43.04617142,-89.44375007,10.77153147,-0.04709932,-0.03457842
141265,43.04609864,-89.44384568,10.95103915,-0.06587686,-0.002485846
141319,43.04609864,-89.44384568,10.95103915,-0.17169745,0.04079798
141376,43.04609864,-89.44384568,10.95103915,-0.23956996,-0.09297456
141433,43.04609864,-89.44384568,10.95103915,-0.008197312,0.10022988
141493,43.04609864,-89.44384568,10.95103915,-0.032546267,-0.06454046
141550,43.04609864,-89.44384568,10.95103915,-0.15316701,-0.03966041
141614,43.04609864,-89.44384568,10.95103915,0.14174777,-0.10687927
141674,43.04609864,-89.44384568,10.95103915,-0.029203355,0.005650798
141734,43.04609864,-89.44384568,10.95103915,-0.10977397,0.021316767
141791,43.04609864,-89.44384568,10.95103915,-0.016292572,0.030274289
141851,43.04609864,-89.44384568,10.95103915,-0.001434207,-0.08162464
141911,43.04609864,-89.44384568,10.95103915,0.05888729,0.001987645
141974,43.04609864,-89.44384568,10.95103915,0.042573337,-0.08072631
142037,43.04609864,-89.44384568,10.95103915,0.047864422,0.012624173
142096,43.04609864,-89.44384568,10.95103915,-0.11506465,0.02105461
142156,43.04609864,-89.44384568,10.95103915,0.0422852,-0.02362625
142218,43.04609864,-89.44384568,10.95103915,0.001549656,0.005319716
142286,43.04602047,-89.4439391,11.13150148,0.02615687,-0.06527079
142343,43.04602047,-89.4439391,11.13150148,-0.04918568,-0.012098412
142402,43.04602047,-89.4439391,11.13150148,-0.03642873,-0.022481725
142463,43.04602047,-89.4439391,11.13150148,0.044617362,0.033787616
142522,43.04602047,-89.4439391,11.13150148,0.017217016,-0.06326699
142587,43.04602047,-89.4439391,11.13150148,-0.08625317,0.019895619
142650,43.04602047,-89.4439391,11.13150148,-0.05719166,-0.049384877
142711,43.04602047,-89.4439391,11.13150148,-0.052343413,-0.03438401
142773,43.04602047,-89.4439391,11.13150148,0.03266847,-0.11749293
142836,43.04602047,-89.4439391,11.13150148,-0.012989691,0.026322842
142895,43.04602047,-89.4439391,11.13150148,-0.10148433,0.014799465
142957,43.04602047,-89.4439391,11.13150148,-0.13544124,0.061623152
143016,43.04602047,-89.4439391,11.13150148,-0.09225819,0.0110995
143074,43.04602047,-89.4439391,11.13150148,-0.14236419,-0.01244555
143136,43.04602047,-89.4439391,11.13150148,-0.121989645,-0.04817413
143198,43.04602047,-89.4439391,11.13150148,-0.10943488,0.042189427
143259,43.04602047,-89.4439391,11.13150148,-0.048843335,0.037841182
143318,43.0459392,-89.44402547,11.33119581,-0.08496104,0.016078146
143384,43.0459392,-89.44402547,11.33119581,-0.060779627,-0.04272309
143442,43.0459392,-89.44402547,11.33119581,0.011641943,-0.021934802
143499,43.0459392,-89.44402547,11.33119581,-0.030844074,0.033569522
143558,43.0459392,-89.44402547,11.33119581,0.003221758,-0.05186311
143623,43.0459392,-89.44402547,11.33119581,-0.073420525,-0.020776207
143683,43.0459392,-89.44402547,11.33119581,0.008382267,-0.026433777
143745,43.0459392,-89.44402547,11.33119581,-0.002952268,0.005193191
143801,43.0459392,-89.44402547,11.33119581,-0.040288314,0.003544109
143859,43.0459392,-89.44402547,11.33119581,-0.013856085,-0.05968619
143921,43.0459392,-89.44402547,11.33119581,-0.0400549,0.03205463
143981,43.0459392,-89.44402547,11.33119581,0.05088089,-0.062065594
144040,43.0459392,-89.44402547,11.33119581,0.007114022,0.004712979
144098,43.0459392,-89.44402547,11.33119581,-0.09385043,0.014851641
144156,43.0459392,-89.44402547,11.33119581,-0.100310795,-0.01929048
144215,43.0459392,-89.44402547,11.33119581,-0.063857995,0.040502567
144275,43.04585706,-89.44411277,11.5499916,0.07838899,-0.03296286
144331,43.04585706,-89.44411277,11.5499916,-0.01934933,-0.010654496
144392,43.04585706,-89.44411277,11.5499916,0.003044334,-0.0110328
144454,43.04585706,-89.44411277,11.5499916,-0.107967794,-0.07193245
144513,43.04585706,-89.44411277,11.5499916,-0.003690027,-0.03660231
144569,43.04585706,-89.44411277,11.5499916,-0.1073209,-0.026941407
144630,43.04585706,-89.44411277,11.5499916,0.05665617,0.07757978
144689,43.04585706,-89.44411277,11.5499916,0.01966483,-0.014459197
144750,43.04585706,-89.44411277,11.5499916,-0.18163118,0.016402941
144811,43.04585706,-89.44411277,11.5499916,-0.14181903,-0.067412324
144869,43.04585706,-89.44411277,11.5499916,0.0733026,0.002408516
144932,43.04585706,-89.44411277,11.5499916,0.09080963,-0.0510234
144992,43.04585706,-89.44411277,11.5499916,0.012726872,0.018001705
145051,43.04585706,-89.44411277,11.5499916,-0.065879256,-0.052055467
145118,43.04585706,-89.44411277,11.5499916,0.07597651,-0.029318277
145181,43.04585706,-89.44411277,11.5499916,0.034311414,0.026042668
145238,43.04585706,-89.44411277,11.5499916,0.010078825,-0.03972027
145300,43.04577033,-89.44419878,11.74217948,-0.004190249,-0.07250138
145358,43.04577033,-89.44419878,11.74217948,0.002235877,-0.018736389
145418,43.04577033,-89.44419878,11.74217948,-0.024883594,-0.025622038
145475,43.04577033,-89.44419878,11.74217948,-0.033426262,-0.014996205
145534,43.04577033,-89.44419878,11.74217948,-0.07376383,-0.033747092
145594,43.04577033,-89.44419878,11.74217948,0.011305567,-0.09861301
145651,43.04577033,-89.44419878,11.74217948,0.046775654,0.022357449
145712,43.04577033,-89.44419878,11.74217948,0.002587906,0.001460643
145773,43.04577033,-89.44419878,11.74217948,-0.019697867,-0.026715875
145835,43.04577033,-89.44419878,11.74217948,0.04273224,0.032874703
145896,43.04577033,-89.44419878,11.74217948,0.07395879,-0.024834864
145958,43.04577033,-89.44419878,11.74217948,0.03174489,-0.08845063
146020,43.04577033,-89.44419878,11.74217948,-0.033067882,-0.03588936
146077,43.04577033,-89.44419878,11.74217948,0.020653995,-0.02233128
146136,43.04577033,-89.44419878,11.74217948,-0.035340004,-0.02735013
146196,43.04577033,-89.44419878,11.74217948,0.050704453,0.052752912
146258,43.04568221,-89.44428455,11.90103012,0.043385718,6.85E-04
146315,43.04568221,-89.44428455,11.90103012,0.007230093,-0.028452681
146371,43.04568221,-89.44428455,11.90103012,-0.05289683,-0.06345018
146431,43.04568221,-89.44428455,11.90103012,-0.03082038,-0.005252013
146491,43.04568221,-89.44428455,11.90103012,0.02313165,-0.035306975
146553,43.04568221,-89.44428455,11.90103012,0.004549983,-0.024987064
146616,43.04568221,-89.44428455,11.90103012,-0.008158183,-0.01246826
146679,43.04568221,-89.44428455,11.90103012,-0.042994514,-0.05212086
146737,43.04568221,-89.44428455,11.90103012,-0.024952445,-0.016088827
146799,43.04568221,-89.44428455,11.90103012,-0.030901613,-0.009342829
146861,43.04568221,-89.44428455,11.90103012,0.019460643,-0.05698523
146920,43.04568221,-89.44428455,11.90103012,-0.060006324,0.02496338
146980,43.04568221,-89.44428455,11.90103012,-0.03912337,-0.021230958
147038,43.04568221,-89.44428455,11.90103012,0.05338061,-0.08081299
147098,43.04568221,-89.44428455,11.90103012,0.15438278,0.010919492
147157,43.04568221,-89.44428455,11.90103012,-0.01006562,0.011172494
147217,43.04568221,-89.44428455,11.90103012,-0.07831056,-0.028517561
147286,43.04559035,-89.44436652,12.02510789,-0.07725299,-0.025324162
147344,43.04559035,-89.44436652,12.02510789,0.03890353,-0.019744804
147400,43.04559035,-89.44436652,12.02510789,-0.005126584,-0.057964865
147460,43.04559035,-89.44436652,12.02510789,0.01550943,-0.012214706
147520,43.04559035,-89.44436652,12.02510789,0.002656164,0.016183812
147582,43.04559035,-89.44436652,12.02510789,0.020222636,-0.034526754
147642,43.04559035,-89.44436652,12.02510789,0.06301943,0.023200093
147701,43.04559035,-89.44436652,12.02510789,-0.019848881,-0.010155171
147758,43.04559035,-89.44436652,12.02510789,-0.004180485,-0.021141844
147822,43.04559035,-89.44436652,12.02510789,-0.003343034,-0.004159669
147885,43.04559035,-89.44436652,12.02510789,0.005326921,0.016130224
147947,43.04559035,-89.44436652,12.02510789,0.024269706,-0.049285874
148009,43.04559035,-89.44436652,12.02510789,0.026092049,-0.029331105
148068,43.04559035,-89.44436652,12.02510789,-0.01888376,3.85E-04
148125,43.04559035,-89.44436652,12.02510789,0.02162089,-0.019208256
148188,43.04559035,-89.44436652,12.02510789,0.008602325,-0.033935227
148249,43.04559035,-89.44436652,12.02510789,-0.058721818,-0.041939214
148307,43.0454997,-89.44444876,12.12665798,-0.019645615,-0.006017525
148363,43.0454997,-89.44444876,12.12665798,-0.067978896,-0.047192827
148422,43.0454997,-89.44444876,12.12665798,-0.04599195,-0.06746292
148479,43.0454997,-89.44444876,12.12665798,-0.046376213,-0.017478405
148539,43.0454997,-89.44444876,12.12665798,-0.044693854,-0.06475916
148598,43.0454997,-89.44444876,12.12665798,-0.019228367,-0.03569219
148662,43.0454997,-89.44444876,12.12665798,-0.035109587,0.009537491
148726,43.0454997,-89.44444876,12.12665798,-0.028147645,-0.05016106
148790,43.0454997,-89.44444876,12.12665798,0.004053555,-0.032828685
148849,43.0454997,-89.44444876,12.12665798,-0.05094744,-0.023937067
148910,43.0454997,-89.44444876,12.12665798,0.028440237,-0.0230916
148967,43.0454997,-89.44444876,12.12665798,-0.040767286,0.04125928
149030,43.0454997,-89.44444876,12.12665798,0.029035889,-0.025717778
149093,43.0454997,-89.44444876,12.12665798,0.015940694,-0.026173107
149156,43.0454997,-89.44444876,12.12665798,-0.026134053,-0.017086715
149215,43.0454997,-89.44444876,12.12665798,-0.003037209,-0.08458653
149278,43.04540642,-89.44452731,12.16752425,0.060245562,-0.039733607
149333,43.04540642,-89.44452731,12.16752425,-7.00E-04,-0.027558897
149394,43.04540642,-89.44452731,12.16752425,-0.021393713,-0.03708196
149454,43.04540642,-89.44452731,12.16752425,-0.007592706,-0.0475107
149514,43.04540642,-89.44452731,12.16752425,-0.04070939,-0.04420154
149574,43.04540642,-89.44452731,12.16752425,-0.044179086,-0.038833864
149637,43.04540642,-89.44452731,12.16752425,0.021559402,-0.032330424
149695,43.04540642,-89.44452731,12.16752425,-0.010077151,-0.03536934
149762,43.04540642,-89.44452731,12.16752425,-0.002427606,-0.03232637
149824,43.04540642,-89.44452731,12.16752425,-0.07241843,-0.026759012
149888,43.04540642,-89.44452731,12.16752425,-0.046712928,-0.030463792
149946,43.04540642,-89.44452731,12.16752425,-0.0228103,-0.07280607
150010,43.04540642,-89.44452731,12.16752425,0.02767889,-0.03500889
150070,43.04540642,-89.44452731,12.16752425,-0.03616213,-0.071991324
150128,43.04540642,-89.44452731,12.16752425,0.04965686,-0.071699984
150190,43.04540642,-89.44452731,12.16752425,0.03491295,-0.04235663
150250,43.04540642,-89.44452731,12.16752425,0.080459975,-0.09059686
150311,43.04531578,-89.44460484,12.10767474,0.052393317,-0.04938946
150370,43.04531578,-89.44460484,12.10767474,0.014623276,-0.030537466
150432,43.04531578,-89.44460484,12.10767474,-0.02876266,-0.096845694
150495,43.04531578,-89.44460484,12.10767474,-0.04641813,-0.07834862
150552,43.04531578,-89.44460484,12.10767474,-0.003512138,-0.081851356
150612,43.04531578,-89.44460484,12.10767474,0.015480379,-0.056062482
150676,43.04531578,-89.44460484,12.10767474,0.03975176,-0.04795544
150737,43.04531578,-89.44460484,12.10767474,-0.107341394,-0.06237074
150794,43.04531578,-89.44460484,12.10767474,-0.042300045,-0.11638401
150857,43.04531578,-89.44460484,12.10767474,-0.021323752,-0.046161838
150915,43.04531578,-89.44460484,12.10767474,0.019343182,-0.07543642
150974,43.04531578,-89.44460484,12.10767474,-0.021349784,-0.086534016
151035,43.04531578,-89.44460484,12.10767474,0.02793186,-0.06902257
151091,43.04531578,-89.44460484,12.10767474,-0.05636285,-0.027558003
151151,43.04531578,-89.44460484,12.10767474,-0.06319507,-0.05210035
151211,43.04531578,-89.44460484,12.10767474,0.043293696,-0.051564276
151274,43.04522527,-89.44468109,11.86445988,0.07155613,-0.054643653
151332,43.04522527,-89.44468109,11.86445988,-0.076738335,-0.026994836
151395,43.04522527,-89.44468109,11.86445988,-0.003071267,-0.03319435
151454,43.04522527,-89.44468109,11.86445988,0.046866175,-0.086705394
151518,43.04522527,-89.44468109,11.86445988,0.019834593,-0.035358228
151580,43.04522527,-89.44468109,11.86445988,0.014761267,-0.07485609
151637,43.04522527,-89.44468109,11.86445988,0.05332739,-0.072246745
151694,43.04522527,-89.44468109,11.86445988,0.040311635,-0.08747081
151753,43.04522527,-89.44468109,11.86445988,-0.044431716,-0.11519806
151814,43.04522527,-89.44468109,11.86445988,0.04652884,-0.08332994
151874,43.04522527,-89.44468109,11.86445988,0.06697416,-0.14912
151931,43.04522527,-89.44468109,11.86445988,0.026050143,-0.107765265
151988,43.04522527,-89.44468109,11.86445988,0.003324102,-0.1350928
152047,43.04522527,-89.44468109,11.86445988,-0.017339299,-0.10226673
152107,43.04522527,-89.44468109,11.86445988,0.021426406,-0.07663644
152165,43.04522527,-89.44468109,11.86445988,0.043185897,-0.14022489
152224,43.04522527,-89.44468109,11.86445988,-0.062563606,-0.12014453
152284,43.04514048,-89.44475376,11.38773073,0.030295668,-0.12804705
152338,43.04514048,-89.44475376,11.38773073,-0.033794682,-0.12692076
152396,43.04514048,-89.44475376,11.38773073,-8.04E-04,-0.13792479
152452,43.04514048,-89.44475376,11.38773073,0.07628495,-0.16483219
152510,43.04514048,-89.44475376,11.38773073,-0.022040213,-0.0882454
152572,43.04514048,-89.44475376,11.38773073,0.14103201,-0.120938696
152628,43.04514048,-89.44475376,11.38773073,0.03771774,-0.09021206
152684,43.04514048,-89.44475376,11.38773073,0.08164273,-0.10297337
152743,43.04514048,-89.44475376,11.38773073,8.13E-04,-0.13836794
152801,43.04514048,-89.44475376,11.38773073,-0.06194395,-0.1809119
152858,43.04514048,-89.44475376,11.38773073,0.091512345,-0.13580908
152914,43.04514048,-89.44475376,11.38773073,0.01198343,-0.1357812
152972,43.04514048,-89.44475376,11.38773073,0.07006783,-0.13094115
153031,43.04514048,-89.44475376,11.38773073,0.023741424,-0.1474017
153090,43.04514048,-89.44475376,11.38773073,0.031780217,-0.15177844
153147,43.04514048,-89.44475376,11.38773073,0.019009389,-0.1840167
153207,43.04514048,-89.44475376,11.38773073,0.06262824,-0.13101085
153265,43.04514048,-89.44475376,11.38773073,0.042953473,-0.14101498
153325,43.04506134,-89.44481851,10.53122204,0.050866757,-0.15366141
153387,43.04506134,-89.44481851,10.53122204,0.025027307,-0.12760113
153447,43.04506134,-89.44481851,10.53122204,0.03332495,-0.09996194
153505,43.04506134,-89.44481851,10.53122204,0.038479082,-0.12644996
153566,43.04506134,-89.44481851,10.53122204,-0.009828958,-0.13006775
153627,43.04506134,-89.44481851,10.53122204,0.03612666,-0.13320887
153688,43.04506134,-89.44481851,10.53122204,-0.004111848,-0.11912347
153751,43.04506134,-89.44481851,10.53122204,0.041287806,-0.15900742
153811,43.04506134,-89.44481851,10.53122204,0.091167614,-0.1521965
153872,43.04506134,-89.44481851,10.53122204,0.054733705,-0.14189376
153934,43.04506134,-89.44481851,10.53122204,0.0455826,-0.1278441
153996,43.04506134,-89.44481851,10.53122204,0.039946735,-0.12706181
154058,43.04506134,-89.44481851,10.53122204,0.017543321,-0.10434703
154115,43.04506134,-89.44481851,10.53122204,0.043916903,-0.10512292
154183,43.04506134,-89.44481851,10.53122204,0.06118707,-0.15698613
154242,43.04506134,-89.44481851,10.53122204,0.022596873,-0.12689798
154303,43.04499651,-89.44487608,9.305933006,0.07845077,-0.0787178
154363,43.04499651,-89.44487608,9.305933006,0.009699639,-0.13571899
154422,43.04499651,-89.44487608,9.305933006,0.03514117,-0.14817098
154484,43.04499651,-89.44487608,9.305933006,0.02768044,-0.16133766
154545,43.04499651,-89.44487608,9.305933006,0.051877584,-0.14529793
154608,43.04499651,-89.44487608,9.305933006,0.04020428,-0.1298919
154672,43.04499651,-89.44487608,9.305933006,0.052346446,-0.047477294
154729,43.04499651,-89.44487608,9.305933006,-0.034035046,-0.09307932
154791,43.04499651,-89.44487608,9.305933006,0.027978497,-0.11953988
154849,43.04499651,-89.44487608,9.305933006,0.23255911,-0.09865204
154906,43.04499651,-89.44487608,9.305933006,0.068731956,-0.19159749
154971,43.04499651,-89.44487608,9.305933006,0.033541128,-0.17925636
155032,43.04499651,-89.44487608,9.305933006,0.027048923,-0.19526115
155094,43.04499651,-89.44487608,9.305933006,0.061897945,-0.22394443
155152,43.04499651,-89.44487608,9.305933006,0.060360108,-0.20522188
155211,43.04499651,-89.44487608,9.305933006,0.033044465,-0.20776941
155274,43.04494793,-89.444926,7.75304604,0.20297703,-0.14181161
155333,43.04494793,-89.444926,7.75304604,0.12886783,-0.19775584
155391,43.04494793,-89.444926,7.75304604,-0.16063313,-0.23305072
155448,43.04494793,-89.444926,7.75304604,-0.052356515,-0.21134354
155509,43.04494793,-89.444926,7.75304604,-0.048269056,-0.2622238
155566,43.04494793,-89.444926,7.75304604,-0.012037699,-0.22953488
155627,43.04494793,-89.444926,7.75304604,0.047649466,-0.23570974
155684,43.04494793,-89.444926,7.75304604,0.022054702,-0.24706872
155740,43.04494793,-89.444926,7.75304604,0.066532046,-0.18447924
155801,43.04494793,-89.444926,7.75304604,0.018523013,-0.18620381
155864,43.04494793,-89.444926,7.75304604,0.048067875,-0.15466101
155924,43.04494793,-89.444926,7.75304604,-0.001067828,-0.1542286
155984,43.04494793,-89.444926,7.75304604,-0.002591198,-0.18924713
156044,43.04494793,-89.444926,7.75304604,-0.034708727,-0.18680754
156100,43.04494793,-89.444926,7.75304604,-0.03430264,-0.21482319
156164,43.04494793,-89.444926,7.75304604,-0.036946554,-0.22536986
156226,43.04494793,-89.444926,7.75304604,-0.016792592,-0.19998053
156289,43.04492107,-89.44495398,5.625926307,-0.008868641,-0.19089216
156345,43.04492107,-89.44495398,5.625926307,0.002497475,-0.194835
156403,43.04492107,-89.44495398,5.625926307,0.00759444,-0.19603421
156463,43.04492107,-89.44495398,5.625926307,-0.006892638,-0.12254114
156522,43.04492107,-89.44495398,5.625926307,-0.03630382,-0.07752179
156583,43.04492107,-89.44495398,5.625926307,-0.024251074,-0.022430995
156642,43.04492107,-89.44495398,5.625926307,-0.023882901,-0.006356181
156700,43.04492107,-89.44495398,5.625926307,-0.03455711,0.009504953
156761,43.04492107,-89.44495398,5.625926307,-0.018432446,0.01844686
156822,43.04492107,-89.44495398,5.625926307,-0.013380661,0.02299087
156878,43.04492107,-89.44495398,5.625926307,-0.021951253,0.03199629
156942,43.04492107,-89.44495398,5.625926307,2.76E-04,0.021859553
157001,43.04492107,-89.44495398,5.625926307,-0.017191712,0.005442957
157059,43.04492107,-89.44495398,5.625926307,-0.013916983,0.012837355
157123,43.04492107,-89.44495398,5.625926307,-0.0202853,0.015153077
157185,43.04492107,-89.44495398,5.625926307,-0.014278548,-0.001009061
157250,43.04492107,-89.44495398,5.625926307,-0.019005245,-0.012072753
157310,43.04491373,-89.44496341,3.585556418,-0.02124942,0.027545199
157371,43.04491373,-89.44496341,3.585556418,-0.020438796,0.044020105
157434,43.04491373,-89.44496341,3.585556418,-0.023005418,0.041930825
157498,43.04491373,-89.44496341,3.585556418,-0.029642113,0.04513736
157559,43.04491373,-89.44496341,3.585556418,-0.027253225,0.035485066
157616,43.04491373,-89.44496341,3.585556418,-0.028248576,0.094389424
157677,43.04491373,-89.44496341,3.585556418,-0.045952648,0.061337635
157742,43.04491373,-89.44496341,3.585556418,-0.02814498,0.04997915
157807,43.04491373,-89.44496341,3.585556418,-0.02449243,0.04930381
157868,43.04491373,-89.44496341,3.585556418,-0.023747437,0.04672167
157930,43.04491373,-89.44496341,3.585556418,-0.03247128,0.048044946
157994,43.04491373,-89.44496341,3.585556418,-0.0221874,0.050540056
158057,43.04491373,-89.44496341,3.585556418,-0.025021683,0.060536727
158119,43.04491373,-89.44496341,3.585556418,-0.0330889,0.050585765
158182,43.04491373,-89.44496341,3.585556418,-0.023107259,0.028931867
158241,43.04491373,-89.44496341,3.585556418,-0.036923528,0.09682092
158300,43.04491328,-89.44496405,2.21920988,-0.042715807,0.048083495
158358,43.04491328,-89.44496405,2.21920988,-0.010743256,0.14496113
158419,43.04491328,-89.44496405,2.21920988,-0.020446414,0.12779842
158478,43.04491328,-89.44496405,2.21920988,-0.01300496,0.14948758
158537,43.04491328,-89.44496405,2.21920988,9.27E-04,0.15085682
158598,43.04491328,-89.44496405,2.21920988,-0.029745642,0.13169935
158658,43.04491328,-89.44496405,2.21920988,-0.02748768,0.17459513
158716,43.04491328,-89.44496405,2.21920988,-0.002799487,0.122242
158779,43.04491328,-89.44496405,2.21920988,-0.01341517,0.16943486
158843,43.04491328,-89.44496405,2.21920988,-0.008564265,0.17386101
158903,43.04491328,-89.44496405,2.21920988,-0.006165157,0.16561131
158969,43.04491328,-89.44496405,2.21920988,-0.012555801,0.15349981
159034,43.04491328,-89.44496405,2.21920988,-0.003550118,0.16845877
159091,43.04491328,-89.44496405,2.21920988,-2.99E-04,0.16871978
159149,43.04491328,-89.44496405,2.21920988,0.006831854,0.18678533
159211,43.04491328,-89.44496405,2.21920988,0.006233925,0.17710973
159276,43.0449158,-89.44496068,1.405133104,0.001915918,0.17393063
159334,43.0449158,-89.44496068,1.405133104,-0.005553011,0.16411716
159392,43.0449158,-89.44496068,1.405133104,-0.006693565,0.17443138
159451,43.0449158,-89.44496068,1.405133104,-0.005329547,0.19068195
159514,43.0449158,-89.44496068,1.405133104,-0.009733798,0.19774534
159574,43.0449158,-89.44496068,1.405133104,0.015756123,0.2127817
159637,43.0449158,-89.44496068,1.405133104,0.020468473,0.21567675
159695,43.0449158,-89.44496068,1.405133104,0.024609784,0.20939949
159755,43.0449158,-89.44496068,1.405133104,0.033339005,0.20884188
159813,43.0449158,-89.44496068,1.405133104,0.018794138,0.18977755
159870,43.0449158,-89.44496068,1.405133104,0.037738822,0.19348323
159932,43.0449158,-89.44496068,1.405133104,0.011397487,0.19070777
159998,43.0449158,-89.44496068,1.405133104,0.011236548,0.2201208
160060,43.0449158,-89.44496068,1.405133104,0.025666967,0.18012549
160118,43.0449158,-89.44496068,1.405133104,0.008431732,0.18688117
160177,43.0449158,-89.44496068,1.405133104,0.046325397,0.20229626
160245,43.0449158,-89.44496068,1.405133104,0.058829386,0.2104288
160310,43.04490991,-89.44497302,1.465247307,0.04718424,0.18036893
160369,43.04490991,-89.44497302,1.465247307,0.061135802,0.19900951
160427,43.04490991,-89.44497302,1.465247307,0.024140539,0.16161254
160490,43.04490991,-89.44497302,1.465247307,0.06815703,0.179472
160550,43.04490991,-89.44497302,1.465247307,0.063533194,0.1569434
160610,43.04490991,-89.44497302,1.465247307,0.037686277,0.14405921
160668,43.04490991,-89.44497302,1.465247307,0.076726176,0.15529974
160728,43.04490991,-89.44497302,1.465247307,0.04338276,0.18160544
160785,43.04490991,-89.44497302,1.465247307,0.057100125,0.1635658
160845,43.04490991,-89.44497302,1.465247307,0.080101326,0.13612948
160905,43.04490991,-89.44497302,1.465247307,0.09365464,0.11549563
160965,43.04490991,-89.44497302,1.465247307,0.06985445,0.14650746
161024,43.04490991,-89.44497302,1.465247307,0.036902156,0.14355803
161082,43.04490991,-89.44497302,1.465247307,0.054486662,0.13772237
161143,43.04490991,-89.44497302,1.465247307,0.079455644,0.116010144
161199,43.04490991,-89.44497302,1.465247307,0.036444798,0.09631757
161259,43.04489933,-89.44500162,2.105865952,0.08306888,0.08872602
161315,43.04489933,-89.44500162,2.105865952,0.1048856,0.08447942
161374,43.04489933,-89.44500162,2.105865952,0.10475853,0.083545044
161431,43.04489933,-89.44500162,2.105865952,0.13314745,0.09238316
161492,43.04489933,-89.44500162,2.105865952,0.13236111,0.07537275
161552,43.04489933,-89.44500162,2.105865952,0.11688396,0.08759435
161613,43.04489933,-89.44500162,2.105865952,0.12093943,0.1269892
161675,43.04489933,-89.44500162,2.105865952,0.121209286,0.10567296
161742,43.04489933,-89.44500162,2.105865952,0.092030145,0.032760035
161801,43.04489933,-89.44500162,2.105865952,0.09559547,0.03052506
161863,43.04489933,-89.44500162,2.105865952,0.092242405,0.038673166
161931,43.04489933,-89.44500162,2.105865952,0.03760861,-0.019810002
161991,43.04489933,-89.44500162,2.105865952,0.041223593,-0.023084162
162050,43.04489933,-89.44500162,2.105865952,0.11222783,0.04780538
162114,43.04489933,-89.44500162,2.105865952,0.04026536,0.030849237
162174,43.04489933,-89.44500162,2.105865952,0.04026536,0.030849237
162232,43.04489933,-89.44500162,2.105865952,0.13075289,0.046708666
162290,43.04489517,-89.44504354,2.830717752,0.0639199,0.010803977
162346,43.04489517,-89.44504354,2.830717752,0.123023815,0.07353
162408,43.04489517,-89.44504354,2.830717752,0.1310239,0.09776283
162465,43.04489517,-89.44504354,2.830717752,0.054682173,0.05687959
162522,43.04489517,-89.44504354,2.830717752,5.45E-04,0.062497683
162579,43.04489517,-89.44504354,2.830717752,-0.003210791,0.05014359
162639,43.04489517,-89.44504354,2.830717752,-0.04388433,0.04554401
162699,43.04489517,-89.44504354,2.830717752,0.1166722,-0.023347886
162758,43.04489517,-89.44504354,2.830717752,0.10427796,0.018835358
162817,43.04489517,-89.44504354,2.830717752,0.07968472,0.04575693
162877,43.04489517,-89.44504354,2.830717752,0.15165511,0.003495315
162942,43.04489517,-89.44504354,2.830717752,0.09329539,0.053561557
163002,43.04489517,-89.44504354,2.830717752,-0.045397703,0.044782043
163064,43.04489517,-89.44504354,2.830717752,-0.16325806,0.13994975
163127,43.04489517,-89.44504354,2.830717752,-0.08950085,0.09924721
163209,43.04489517,-89.44504354,2.830717752,0.1715575,0.002469561
163269,43.0449027,-89.44509596,3.555935877,0.07303036,-0.046979267
163325,43.0449027,-89.44509596,3.555935877,0.143452,-0.016550431
163385,43.0449027,-89.44509596,3.555935877,0.04682253,-0.010046516
163444,43.0449027,-89.44509596,3.555935877,-0.021646556,0.059234295
163506,43.0449027,-89.44509596,3.555935877,-0.01410479,0.0508707
163563,43.0449027,-89.44509596,3.555935877,-0.06364536,0.01539708
163621,43.0449027,-89.44509596,3.555935877,0.096864745,-0.051781084
163683,43.0449027,-89.44509596,3.555935877,0.10054073,0.005123605
163748,43.0449027,-89.44509596,3.555935877,0.09030632,0.040885188
163811,43.0449027,-89.44509596,3.555935877,0.07158025,0.0782184
163878,43.0449027,-89.44509596,3.555935877,-0.07990614,0.021193003
163941,43.0449027,-89.44509596,3.555935877,-0.08132695,0.013837864
164004,43.0449027,-89.44509596,3.555935877,0.10600722,-0.031567506
164068,43.0449027,-89.44509596,3.555935877,0.19366205,0.013253255
164125,43.0449027,-89.44509596,3.555935877,0.16789834,-0.008764192
164185,43.0449027,-89.44509596,3.555935877,0.17498364,0.044239596
164243,43.0449027,-89.44509596,3.555935877,0.087399125,0.035333436
164306,43.0449217,-89.44514996,4.298417865,0.06664271,0.013267776
164362,43.0449217,-89.44514996,4.298417865,-0.08645435,0.002763555
164422,43.0449217,-89.44514996,4.298417865,0.042271018,-0.005015277
164482,43.0449217,-89.44514996,4.298417865,-0.012333492,-0.033761058
164543,43.0449217,-89.44514996,4.298417865,-0.033357266,0.02735176
164606,43.0449217,-89.44514996,4.298417865,0.20219077,0.06387188
164664,43.0449217,-89.44514996,4.298417865,0.039192546,0.025309544
164725,43.0449217,-89.44514996,4.298417865,-0.03612293,-4.53E-04
164784,43.0449217,-89.44514996,4.298417865,-0.04554528,-0.003750281
164842,43.0449217,-89.44514996,4.298417865,-0.062866345,-0.009814012
164899,43.0449217,-89.44514996,4.298417865,-0.054179095,0.01165314
164959,43.0449217,-89.44514996,4.298417865,-0.022543056,-0.017057788
165019,43.0449217,-89.44514996,4.298417865,-0.03849182,-0.02807202
165078,43.0449217,-89.44514996,4.298417865,-0.008836447,0.001460887
165138,43.0449217,-89.44514996,4.298417865,-0.017825553,-0.032724597
165193,43.0449217,-89.44514996,4.298417865,0.00825529,-0.18718801
165249,43.0449217,-89.44514996,4.298417865,-0.056915835,-0.13471639
165307,43.04495311,-89.44520194,4.985166823,-0.016164064,-0.16530028
165366,43.04495311,-89.44520194,4.985166823,-0.010455471,-0.13992609
165426,43.04495311,-89.44520194,4.985166823,-0.01291369,-0.12309764
165485,43.04495311,-89.44520194,4.985166823,-0.023224698,-0.20927745
165551,43.04495311,-89.44520194,4.985166823,-0.04055066,-0.16963488
165611,43.04495311,-89.44520194,4.985166823,-0.033911787,-0.110034816
165674,43.04495311,-89.44520194,4.985166823,-0.050820615,-0.13056323
165734,43.04495311,-89.44520194,4.985166823,-0.10159076,-0.11710052
165790,43.04495311,-89.44520194,4.985166823,-0.047161758,-0.035244364
165848,43.04495311,-89.44520194,4.985166823,-0.073032774,-0.03427191
165908,43.04495311,-89.44520194,4.985166823,-0.05725577,0.006007891
165967,43.04495311,-89.44520194,4.985166823,-0.03931319,0.002832104
166024,43.04495311,-89.44520194,4.985166823,-0.05143332,0.010955134
166086,43.04495311,-89.44520194,4.985166823,-0.038024124,0.059312463
166149,43.04495311,-89.44520194,4.985166823,-0.043340825,0.047070324
166205,43.04495311,-89.44520194,4.985166823,-0.009096465,0.057184238
166265,43.04498932,-89.44525072,5.269792339,-0.024081135,0.080088
166419,43.04498932,-89.44525072,5.269792339,-0.06916766,0.055591967
166479,43.04498932,-89.44525072,5.269792339,-0.026422858,0.05868219
166538,43.04498932,-89.44525072,5.269792339,-0.054904982,0.02296549
166597,43.04498932,-89.44525072,5.269792339,-0.040153023,0.050687928
166654,43.04498932,-89.44525072,5.269792339,-0.044310868,0.064753
166716,43.04498932,-89.44525072,5.269792339,-0.07594629,0.036507383
166776,43.04498932,-89.44525072,5.269792339,-0.010620781,0.007629851
166837,43.04498932,-89.44525072,5.269792339,-0.04202149,0.04211345
166896,43.04498932,-89.44525072,5.269792339,-0.031054042,0.03171631
166960,43.04498932,-89.44525072,5.269792339,-0.016933713,-0.0047756
167020,43.04498932,-89.44525072,5.269792339,-0.03331781,0.023909213
167082,43.04498932,-89.44525072,5.269792339,-0.02392556,0.023557933
167139,43.04498932,-89.44525072,5.269792339,-0.049406316,0.030759923
167201,43.04498932,-89.44525072,5.269792339,-0.004933069,0.005586808
167263,43.04498932,-89.44525072,5.269792339,-0.020374645,0.012199904
167324,43.04502808,-89.44530248,5.841206229,-0.025060147,0.001385489
167384,43.04502808,-89.44530248,5.841206229,-0.027653938,-0.017810388
167446,43.04502808,-89.44530248,5.841206229,-0.035149865,0.01027683
167509,43.04502808,-89.44530248,5.841206229,-0.073369004,0.02227942
167572,43.04502808,-89.44530248,5.841206229,-0.083577745,0.008976311
167629,43.04502808,-89.44530248,5.841206229,-0.030403024,0.031736095
167687,43.04502808,-89.44530248,5.841206229,-0.02742667,0.02624707
167746,43.04502808,-89.44530248,5.841206229,-0.029773923,0.02725427
167806,43.04502808,-89.44530248,5.841206229,-0.019662257,0.02997901
167864,43.04502808,-89.44530248,5.841206229,-0.08780806,0.014913593
167922,43.04502808,-89.44530248,5.841206229,-0.011216895,0.019035095
167978,43.04502808,-89.44530248,5.841206229,-0.046213903,-0.007180164
168034,43.04502808,-89.44530248,5.841206229,-0.043418184,0.029259242
168095,43.04502808,-89.44530248,5.841206229,0.00318895,0.025528768
168155,43.04502808,-89.44530248,5.841206229,-0.011374074,0.03136335
168216,43.04502808,-89.44530248,5.841206229,-0.007930967,0.040402196
168282,43.04507207,-89.4453656,6.517811964,0.003565482,0.062431384
168340,43.04507207,-89.4453656,6.517811964,-0.009328865,0.01399448
168400,43.04507207,-89.4453656,6.517811964,-0.04419729,0.01262365
168457,43.04507207,-89.4453656,6.517811964,-0.052586153,-0.009527702
168517,43.04507207,-89.4453656,6.517811964,-0.008667095,-0.031180425
168586,43.04507207,-89.4453656,6.517811964,0.004599904,0.038325727
168646,43.04507207,-89.4453656,6.517811964,-0.067646734,-0.03522125
168707,43.04507207,-89.4453656,6.517811964,0.018263655,-0.05826777
168765,43.04507207,-89.4453656,6.517811964,-0.037725717,-0.040132705
168825,43.04507207,-89.4453656,6.517811964,-0.028409839,-0.04235682
168882,43.04507207,-89.4453656,6.517811964,-0.07649078,-0.02845529
168945,43.04507207,-89.4453656,6.517811964,-0.02144665,-0.08275984
169002,43.04507207,-89.4453656,6.517811964,-0.05291613,-0.038472004
169063,43.04507207,-89.4453656,6.517811964,-0.06318987,-0.014804027
169120,43.04507207,-89.4453656,6.517811964,-0.0380524,-0.019122623
169177,43.04507207,-89.4453656,6.517811964,-0.017132176,-0.05113216
169235,43.04507207,-89.4453656,6.517811964,-0.030260906,-0.06605997
169294,43.04512269,-89.44543367,7.153072661,-0.026810456,-0.01123023
169354,43.04512269,-89.44543367,7.153072661,-0.017036932,-0.019369151
169420,43.04512269,-89.44543367,7.153072661,-0.003477435,-0.04634493
169483,43.04512269,-89.44543367,7.153072661,-0.006477094,-0.050485466
169542,43.04512269,-89.44543367,7.153072661,-0.07610092,-0.06869711
169603,43.04512269,-89.44543367,7.153072661,-0.033409175,-0.024838088
169663,43.04512269,-89.44543367,7.153072661,-0.022157531,-0.067079164
169722,43.04512269,-89.44543367,7.153072661,-0.051525686,-0.029456029
169783,43.04512269,-89.44543367,7.153072661,-0.04359314,-0.05337771
169848,43.04512269,-89.44543367,7.153072661,-0.043948352,0.022369204
169909,43.04512269,-89.44543367,7.153072661,-0.014542467,-0.07065622
169975,43.04512269,-89.44543367,7.153072661,-0.002508032,-0.04464844
170033,43.04512269,-89.44543367,7.153072661,-0.015952274,-0.070750766
170094,43.04512269,-89.44543367,7.153072661,6.52E-04,-9.28E-04
170154,43.04512269,-89.44543367,7.153072661,0.017512923,-0.057325177
170216,43.04512269,-89.44543367,7.153072661,-0.004080647,-0.03848735
170290,43.04517767,-89.44550327,7.61478633,-0.03795188,-0.043765858
170346,43.04517767,-89.44550327,7.61478633,-0.05328742,-0.040608596
170405,43.04517767,-89.44550327,7.61478633,-0.026472725,-0.04359795
170466,43.04517767,-89.44550327,7.61478633,-0.033654492,-0.025017053
170529,43.04517767,-89.44550327,7.61478633,-0.04580615,-0.038897697
170592,43.04517767,-89.44550327,7.61478633,-0.052102122,-0.05003473
170648,43.04517767,-89.44550327,7.61478633,-0.011143869,-0.05182659
170707,43.04517767,-89.44550327,7.61478633,-0.031999227,-0.07399479
170765,43.04517767,-89.44550327,7.61478633,-0.020735223,-0.029515881
170826,43.04517767,-89.44550327,7.61478633,-0.031468727,-0.067856595
170882,43.04517767,-89.44550327,7.61478633,-0.037122115,-0.05466655
170943,43.04517767,-89.44550327,7.61478633,0.041343667,-0.039209936
171004,43.04517767,-89.44550327,7.61478633,-0.047412477,-0.08302679
171065,43.04517767,-89.44550327,7.61478633,-0.068062454,-0.0330407
171123,43.04517767,-89.44550327,7.61478633,-0.039737258,-0.10417247
171194,43.04517767,-89.44550327,7.61478633,-0.02486125,-0.08746901
171250,43.04517767,-89.44550327,7.61478633,-0.045920108,-0.07443518
171315,43.04523321,-89.44557325,7.936044802,-0.038243596,-0.0766475
171372,43.04523321,-89.44557325,7.936044802,-0.011990649,-0.075852096
171428,43.04523321,-89.44557325,7.936044802,0.044007435,-0.13072331
171491,43.04523321,-89.44557325,7.936044802,-0.014984145,-0.110216655
171552,43.04523321,-89.44557325,7.936044802,-0.005302556,-0.11411555
171616,43.04523321,-89.44557325,7.936044802,0.017038163,-0.10756876
171674,43.04523321,-89.44557325,7.936044802,-0.00700287,-0.13077857
171733,43.04523321,-89.44557325,7.936044802,0.025738826,-0.108921394
171795,43.04523321,-89.44557325,7.936044802,-0.018990599,-0.11572191
171853,43.04523321,-89.44557325,7.936044802,0.025705906,-0.1258249
171912,43.04523321,-89.44557325,7.936044802,-0.034938127,-0.08112873
171971,43.04523321,-89.44557325,7.936044802,1.60E-04,-0.10317604
172028,43.04523321,-89.44557325,7.936044802,-0.06839053,-0.14852674
172089,43.04523321,-89.44557325,7.936044802,-0.023541784,-0.13490808
172152,43.04523321,-89.44557325,7.936044802,-0.052010175,-0.12352289
172210,43.04523321,-89.44557325,7.936044802,-0.010790659,-0.11288668
172272,43.04528716,-89.4456415,7.865458936,-0.008064811,-0.11811564
172328,43.04528716,-89.4456415,7.865458936,-0.02806253,-0.11712661
172390,43.04528716,-89.4456415,7.865458936,0.030150669,-0.1071734
172446,43.04528716,-89.4456415,7.865458936,-0.016128402,-0.12130807
172503,43.04528716,-89.4456415,7.865458936,0.002048924,-0.10852762
172562,43.04528716,-89.4456415,7.865458936,-0.021828104,-0.12966576
172621,43.04528716,-89.4456415,7.865458936,-0.013353826,-0.07653702
172677,43.04528716,-89.4456415,7.865458936,-0.023934614,-0.09416452
172737,43.04528716,-89.4456415,7.865458936,-0.03157569,-0.11652734
172795,43.04528716,-89.4456415,7.865458936,-0.014803572,-0.09808963
172852,43.04528716,-89.4456415,7.865458936,-0.030262452,-0.08798645
172910,43.04528716,-89.4456415,7.865458936,-0.004439795,-0.10860283
172973,43.04528716,-89.4456415,7.865458936,-0.035538137,-0.101238154
173034,43.04528716,-89.4456415,7.865458936,-0.008028384,-0.107835144
173096,43.04528716,-89.4456415,7.865458936,-0.024030054,-0.09288249
173156,43.04528716,-89.4456415,7.865458936,-0.027150152,-0.09457849
173215,43.04528716,-89.4456415,7.865458936,-0.011541428,-0.10832002
173277,43.04533511,-89.44570025,7.475410157,-1.91E-04,-0.1115104
173333,43.04533511,-89.44570025,7.475410157,-9.07E-04,-0.072234444
173392,43.04533511,-89.44570025,7.475410157,-0.00986094,-0.065338135
173455,43.04533511,-89.44570025,7.475410157,0.004177975,-0.07712042
173515,43.04533511,-89.44570025,7.475410157,0.021353465,-0.08665992
173580,43.04533511,-89.44570025,7.475410157,-0.005775991,-0.086395346
173639,43.04533511,-89.44570025,7.475410157,-0.006258037,-0.07059188
173699,43.04533511,-89.44570025,7.475410157,-0.025012912,-0.092303336
173757,43.04533511,-89.44570025,7.475410157,-0.015211138,-0.07429315
173818,43.04533511,-89.44570025,7.475410157,-0.017407123,-0.0958361
173876,43.04533511,-89.44570025,7.475410157,-7.54E-04,-0.07491513
173936,43.04533511,-89.44570025,7.475410157,0.005844846,-0.07450006
173993,43.04533511,-89.44570025,7.475410157,0.008407287,-0.084940806
174054,43.04533511,-89.44570025,7.475410157,0.034892548,-0.08232158
174117,43.04533511,-89.44570025,7.475410157,0.015459911,-0.072310776
174176,43.04533511,-89.44570025,7.475410157,0.002090324,-0.0638182
174233,43.04533511,-89.44570025,7.475410157,0.025945269,-0.058319796
174291,43.04537817,-89.44575319,6.939492806,0.00378291,-0.07476635
174349,43.04537817,-89.44575319,6.939492806,0.005354426,-0.061461095
174406,43.04537817,-89.44575319,6.939492806,0.034921944,-0.067595854
174469,43.04537817,-89.44575319,6.939492806,0.057161957,-0.06520987
174532,43.04537817,-89.44575319,6.939492806,0.074667625,-0.07301478
174592,43.04537817,-89.44575319,6.939492806,0.065197065,-0.06878394
174653,43.04537817,-89.44575319,6.939492806,0.096810006,-0.042523254
174716,43.04537817,-89.44575319,6.939492806,0.085933134,-0.054752305
174776,43.04537817,-89.44575319,6.939492806,0.108981274,-0.05173663
174837,43.04537817,-89.44575319,6.939492806,0.09212056,-0.08720685
174902,43.04537817,-89.44575319,6.939492806,0.08449198,-0.07258427
174961,43.04537817,-89.44575319,6.939492806,0.11921066,-0.038878836
175019,43.04537817,-89.44575319,6.939492806,0.10353929,-0.06699902
175078,43.04537817,-89.44575319,6.939492806,0.13519503,-0.07830961
175136,43.04537817,-89.44575319,6.939492806,0.12829813,-0.051378824
175199,43.04537817,-89.44575319,6.939492806,0.11995661,-0.07723757
175264,43.04537817,-89.44575319,6.939492806,0.08926521,-0.0476568
175325,43.04541688,-89.44579774,6.35135037,0.057386994,-0.055723585
175386,43.04541688,-89.44579774,6.35135037,0.058602963,-0.02497171
175446,43.04541688,-89.44579774,6.35135037,0.045120947,-0.06799723
175508,43.04541688,-89.44579774,6.35135037,0.13190518,-0.08080631
175567,43.04541688,-89.44579774,6.35135037,0.15290862,-0.044926167
175629,43.04541688,-89.44579774,6.35135037,0.103139445,-0.04518416
175689,43.04541688,-89.44579774,6.35135037,0.08985974,-0.06288414
175749,43.04541688,-89.44579774,6.35135037,0.0828801,-0.03900423
175810,43.04541688,-89.44579774,6.35135037,0.11112675,-0.0382192
175869,43.04541688,-89.44579774,6.35135037,0.03412927,-0.057765946
175925,43.04541688,-89.44579774,6.35135037,0.054513052,-0.05866351
175988,43.04541688,-89.44579774,6.35135037,0.05362023,-0.048904903
176048,43.04541688,-89.44579774,6.35135037,0.09364619,-0.09603393
176108,43.04541688,-89.44579774,6.35135037,0.11548878,-0.002702375
176165,43.04541688,-89.44579774,6.35135037,0.07717244,-0.010098949
176223,43.04541688,-89.44579774,6.35135037,0.11587684,0.05733594
176283,43.04545713,-89.44582929,5.792262401,0.11587684,0.05733594
176338,43.04545713,-89.44582929,5.792262401,0.08944528,-0.016083185
176397,43.04545713,-89.44582929,5.792262401,0.08535594,0.00719448
176453,43.04545713,-89.44582929,5.792262401,0.08992269,0.055064853
176508,43.04545713,-89.44582929,5.792262401,0.09654116,0.039726872
176562,43.04545713,-89.44582929,5.792262401,0.07005884,0.023967095
176618,43.04545713,-89.44582929,5.792262401,0.16039622,0.016413046
176675,43.04545713,-89.44582929,5.792262401,0.1010947,0.022978656
176733,43.04545713,-89.44582929,5.792262401,0.12393921,0.052073542
176796,43.04545713,-89.44582929,5.792262401,0.09758799,0.040106844
176856,43.04545713,-89.44582929,5.792262401,0.075888276,0.041258223
176919,43.04545713,-89.44582929,5.792262401,0.063935734,0.05050737
176978,43.04545713,-89.44582929,5.792262401,0.10988951,0.078508936
177040,43.04545713,-89.44582929,5.792262401,0.06872443,0.046962596
177097,43.04545713,-89.44582929,5.792262401,0.10200786,0.025691148
177155,43.04545713,-89.44582929,5.792262401,0.13919125,0.038895775
177215,43.04545713,-89.44582929,5.792262401,0.10036121,0.0638539
177278,43.04550203,-89.44584677,5.655402568,0.18227248,0.08229655
177335,43.04550203,-89.44584677,5.655402568,0.07902471,0.064187065
177392,43.04550203,-89.44584677,5.655402568,0.046854567,0.086830385
177455,43.04550203,-89.44584677,5.655402568,0.054414753,0.05500603
177517,43.04550203,-89.44584677,5.655402568,0.07081669,0.048952006
177576,43.04550203,-89.44584677,5.655402568,0.105346635,0.033821635
177634,43.04550203,-89.44584677,5.655402568,0.10576755,0.06074831
177691,43.04550203,-89.44584677,5.655402568,0.1354411,0.028729571
177753,43.04550203,-89.44584677,5.655402568,0.09730207,0.03937316
177812,43.04550203,-89.44584677,5.655402568,0.1876664,0.044535633
177876,43.04550203,-89.44584677,5.655402568,0.11166654,0.053528983
177935,43.04550203,-89.44584677,5.655402568,0.09243361,0.067423314
177995,43.04550203,-89.44584677,5.655402568,0.15493105,0.062941626
178056,43.04550203,-89.44584677,5.655402568,0.075443886,0.050393187
178113,43.04550203,-89.44584677,5.655402568,0.022629097,0.028735567
178171,43.04550203,-89.44584677,5.655402568,0.08846148,0.04916522
178229,43.04550203,-89.44584677,5.655402568,0.053687897,0.06144831
178286,43.04555287,-89.44584332,5.931754534,0.046257563,0.035460066
178342,43.04555287,-89.44584332,5.931754534,0.08711034,0.05932792
178403,43.04555287,-89.44584332,5.931754534,0.03832868,0.095307335
178461,43.04555287,-89.44584332,5.931754534,-0.008575255,0.045471154
178523,43.04555287,-89.44584332,5.931754534,-0.008355124,0.02630705
178584,43.04555287,-89.44584332,5.931754534,-0.02419394,0.026175741
178644,43.04555287,-89.44584332,5.931754534,0.023170575,0.050171483
178701,43.04555287,-89.44584332,5.931754534,0.018169606,0.010022492
178759,43.04555287,-89.44584332,5.931754534,-0.0678263,-0.011299457
178816,43.04555287,-89.44584332,5.931754534,-0.02627615,0.021683611
178873,43.04555287,-89.44584332,5.931754534,-0.05136815,-0.04283904
178933,43.04555287,-89.44584332,5.931754534,9.96E-04,-0.031234398
178992,43.04555287,-89.44584332,5.931754534,-0.008929311,-0.033033844
179055,43.04555287,-89.44584332,5.931754534,-0.008444105,-0.040597923
179116,43.04555287,-89.44584332,5.931754534,-0.021762205,-0.034929086
179175,43.04555287,-89.44584332,5.931754534,0.030727962,-0.038726587
179234,43.04555287,-89.44584332,5.931754534,0.015193018,-0.020163624
179291,43.04561163,-89.44582152,6.395015016,-0.007274124,0.04674304
179348,43.04561163,-89.44582152,6.395015016,0.080174506,0.042376053
179408,43.04561163,-89.44582152,6.395015016,0.025774717,-0.032431863
179469,43.04561163,-89.44582152,6.395015016,0.06837188,-0.036372066
179527,43.04561163,-89.44582152,6.395015016,0.043156438,0.011999276
179591,43.04561163,-89.44582152,6.395015016,-0.09906783,-0.027612528
179652,43.04561163,-89.44582152,6.395015016,-0.049257264,-0.04951395
179713,43.04561163,-89.44582152,6.395015016,-0.050808817,-0.103166066
179771,43.04561163,-89.44582152,6.395015016,-0.005285865,-0.01779301
179831,43.04561163,-89.44582152,6.395015016,0.029749215,-0.006565047
179894,43.04561163,-89.44582152,6.395015016,0.08002286,2.59E-04
179954,43.04561163,-89.44582152,6.395015016,-0.002701391,-0.011437793
180013,43.04561163,-89.44582152,6.395015016,-0.05611995,0.05979805
180070,43.04561163,-89.44582152,6.395015016,-0.120177485,0.009374009
180130,43.04561163,-89.44582152,6.395015016,-0.10143613,-0.015403117
180190,43.04561163,-89.44582152,6.395015016,-0.041868515,-0.039128624
180251,43.04561163,-89.44582152,6.395015016,-0.003179036,-0.046800308
180308,43.04567186,-89.44578852,6.850261649,-0.007751561,0.001771268
180481,43.04567186,-89.44578852,6.850261649,0.010987083,0.06630186
180539,43.04567186,-89.44578852,6.850261649,0.022423241,0.004827307
180602,43.04567186,-89.44578852,6.850261649,-0.12405687,-0.0702101
180661,43.04567186,-89.44578852,6.850261649,0.015713608,0.012862305
180723,43.04567186,-89.44578852,6.850261649,0.04805556,0.05454568
180781,43.04567186,-89.44578852,6.850261649,-0.010337294,0.035409234
180841,43.04567186,-89.44578852,6.850261649,0.025680246,0.040207196
180903,43.04567186,-89.44578852,6.850261649,-0.012553949,0.018195756
180962,43.04567186,-89.44578852,6.850261649,-0.012405824,0.042411163
181024,43.04567186,-89.44578852,6.850261649,-0.076507546,0.1683104
181084,43.04567186,-89.44578852,6.850261649,-0.061644908,0.009710389
181142,43.04567186,-89.44578852,6.850261649,-0.009827386,0.030251263
181207,43.04567186,-89.44578852,6.850261649,-0.05854581,-0.07067079
181264,43.04573192,-89.44575292,7.289733863,-0.008201408,0.003847597
181321,43.04573192,-89.44575292,7.289733863,0.00373164,0.054849364
181381,43.04573192,-89.44575292,7.289733863,-0.14493993,-0.025559137
181439,43.04573192,-89.44575292,7.289733863,-0.09766541,0.036111537
181503,43.04573192,-89.44575292,7.289733863,-0.11608906,-0.044214483
181563,43.04573192,-89.44575292,7.289733863,-0.07717989,-0.002210977
181620,43.04573192,-89.44575292,7.289733863,-0.024120962,0.010025129
181678,43.04573192,-89.44575292,7.289733863,-0.10838259,-0.02396531
181734,43.04573192,-89.44575292,7.289733863,-0.102218084,-0.023469944
181796,43.04573192,-89.44575292,7.289733863,-0.064663395,0.021964584
181856,43.04573192,-89.44575292,7.289733863,-0.09382816,0.0063803
181916,43.04573192,-89.44575292,7.289733863,-0.0842758,0.022702789
181975,43.04573192,-89.44575292,7.289733863,-0.050037887,-0.008048345
182033,43.04573192,-89.44575292,7.289733863,-0.048723277,-0.014199624
182090,43.04573192,-89.44575292,7.289733863,-0.107851595,-0.031707045
182148,43.04573192,-89.44575292,7.289733863,-0.052054156,0.013700196
182210,43.04573192,-89.44575292,7.289733863,-0.064821914,-0.027277717
182267,43.04579755,-89.44571716,7.766493593,-0.08077806,0.016191252
182323,43.04579755,-89.44571716,7.766493593,-0.07305249,-0.006253448
182382,43.04579755,-89.44571716,7.766493593,-0.08559061,0.021015428
182441,43.04579755,-89.44571716,7.766493593,-0.014099564,-0.020653736
182498,43.04579755,-89.44571716,7.766493593,-0.026017796,0.026303561
182556,43.04579755,-89.44571716,7.766493593,-0.019058974,0.005312966
182618,43.04579755,-89.44571716,7.766493593,-0.05568353,-0.01312902
182676,43.04579755,-89.44571716,7.766493593,-0.032520518,0.001973036
182736,43.04579755,-89.44571716,7.766493593,-0.11133567,-0.020451779
182800,43.04579755,-89.44571716,7.766493593,-0.040091682,-0.04212178
182858,43.04579755,-89.44571716,7.766493593,-0.09094395,-0.03677483
182920,43.04579755,-89.44571716,7.766493593,-0.025843361,0.027689947
182982,43.04579755,-89.44571716,7.766493593,-0.09055262,-0.02673291
183042,43.04579755,-89.44571716,7.766493593,-0.06352594,-0.007659116
183099,43.04579755,-89.44571716,7.766493593,-0.059507646,-0.037542023
183157,43.04579755,-89.44571716,7.766493593,-0.07072614,-0.0449057
183218,43.04579755,-89.44571716,7.766493593,-0.06143226,-0.020136153
183277,43.04586806,-89.44568159,8.168338462,-0.078545734,1.28E-04
183336,43.04586806,-89.44568159,8.168338462,-0.004235541,0.011652635
183397,43.04586806,-89.44568159,8.168338462,-0.013907,-0.002523125
183457,43.04586806,-89.44568159,8.168338462,-0.007158892,-0.03893394
183517,43.04586806,-89.44568159,8.168338462,-0.026711574,-0.003579364
183578,43.04586806,-89.44568159,8.168338462,5.64E-04,-0.017022079
183639,43.04586806,-89.44568159,8.168338462,0.029497042,-0.10091151
183697,43.04586806,-89.44568159,8.168338462,-0.007506647,-0.03474963
183761,43.04586806,-89.44568159,8.168338462,-0.026898328,-0.07915922
183821,43.04586806,-89.44568159,8.168338462,-0.017635712,-0.055868607
183878,43.04586806,-89.44568159,8.168338462,-0.01701169,-0.006618129
183939,43.04586806,-89.44568159,8.168338462,-0.01158211,-0.033314437
183998,43.04586806,-89.44568159,8.168338462,-0.002277437,0.017660772
184056,43.04586806,-89.44568159,8.168338462,-0.042425234,0.02707662
184114,43.04586806,-89.44568159,8.168338462,-0.130021,0.029728727
184172,43.04586806,-89.44568159,8.168338462,-0.116434954,0.007549814
184236,43.04586806,-89.44568159,8.168338462,-0.034443293,-0.045943953
184294,43.04594354,-89.44564825,8.511206248,-0.042267337,-0.018574052
184450,43.04594354,-89.44564825,8.511206248,-0.06656989,-0.00196677
184507,43.04594354,-89.44564825,8.511206248,-0.018908251,0.004502861
184565,43.04594354,-89.44564825,8.511206248,-0.029339714,-0.022810364
184625,43.04594354,-89.44564825,8.511206248,-0.015646078,-0.021316562
184685,43.04594354,-89.44564825,8.511206248,-0.043056637,-0.027400794
184748,43.04594354,-89.44564825,8.511206248,-0.03450763,-0.006685586
184808,43.04594354,-89.44564825,8.511206248,-0.10357255,-0.0687262
184865,43.04594354,-89.44564825,8.511206248,-0.07105362,-0.076385796
184927,43.04594354,-89.44564825,8.511206248,-0.052432716,-0.004247249
184990,43.04594354,-89.44564825,8.511206248,-0.007312188,-0.015253346
185050,43.04594354,-89.44564825,8.511206248,-0.042793952,-0.06422004
185111,43.04594354,-89.44564825,8.511206248,-0.0648385,0.003927314
185168,43.04594354,-89.44564825,8.511206248,-0.045895822,-0.06652223
185228,43.04594354,-89.44564825,8.511206248,-0.08340669,-0.058200765
185294,43.04602418,-89.44561758,8.850101434,0.018817728,-0.08786593
185352,43.04602418,-89.44561758,8.850101434,-0.02592082,-0.050102968
185414,43.04602418,-89.44561758,8.850101434,-0.061205093,-0.042101137
185474,43.04602418,-89.44561758,8.850101434,-0.018064717,-0.013383574
185533,43.04602418,-89.44561758,8.850101434,-0.07012482,-0.012149947
185591,43.04602418,-89.44561758,8.850101434,-0.029571902,-0.03365413
185649,43.04602418,-89.44561758,8.850101434,-0.053200923,-0.019152487
185710,43.04602418,-89.44561758,8.850101434,0.046010885,-0.021693055
185775,43.04602418,-89.44561758,8.850101434,0.03157329,-0.07851652
185835,43.04602418,-89.44561758,8.850101434,0.015375622,-0.06359366
185900,43.04602418,-89.44561758,8.850101434,0.015281506,-0.022031138
185957,43.04602418,-89.44561758,8.850101434,-0.006097551,-0.04179868
186016,43.04602418,-89.44561758,8.850101434,0.029965477,-0.07498766
186079,43.04602418,-89.44561758,8.850101434,-0.06620163,-0.07318131
186139,43.04602418,-89.44561758,8.850101434,0.033677492,-0.037179485
186210,43.04602418,-89.44561758,8.850101434,0.06649238,-0.08665807
186281,43.04610613,-89.44558713,9.080683877,0.124885805,-0.016014872
186339,43.04610613,-89.44558713,9.080683877,-0.06927026,0.07460876
186401,43.04610613,-89.44558713,9.080683877,-0.096516326,0.016248312
186458,43.04610613,-89.44558713,9.080683877,0.01471908,-0.06864047
186519,43.04610613,-89.44558713,9.080683877,-0.06883363,-0.013914245
186576,43.04610613,-89.44558713,9.080683877,-0.09596293,-0.09105881
186633,43.04610613,-89.44558713,9.080683877,-0.13416958,-0.20749553
186689,43.04610613,-89.44558713,9.080683877,0.0894026,-0.18903188
186745,43.04610613,-89.44558713,9.080683877,-0.34140003,-0.21110217
186806,43.04610613,-89.44558713,9.080683877,0.39095753,0.028916866
186867,43.04610613,-89.44558713,9.080683877,-0.5807376,0.017567918
186928,43.04610613,-89.44558713,9.080683877,-0.11207601,-0.051365927
186993,43.04610613,-89.44558713,9.080683877,0.21707353,-0.07049249
187052,43.04610613,-89.44558713,9.080683877,-0.5629243,-0.30840558
187111,43.04610613,-89.44558713,9.080683877,0.22584386,-0.07606078
187167,43.04610613,-89.44558713,9.080683877,-0.47743377,-0.44423306
187224,43.04610613,-89.44558713,9.080683877,0.25357175,-0.12325215
187285,43.04618854,-89.44555976,9.089047915,0.23119171,-0.054352265
187341,43.04618854,-89.44555976,9.089047915,-0.17867003,-0.238901
187401,43.04618854,-89.44555976,9.089047915,0.058830485,-0.09125165
187457,43.04618854,-89.44555976,9.089047915,0.005428719,-0.050108794
187517,43.04618854,-89.44555976,9.089047915,-0.32630083,-0.0532047
187575,43.04618854,-89.44555976,9.089047915,0.026626777,-0.049080823
187635,43.04618854,-89.44555976,9.089047915,-0.118808806,-0.06671107
187695,43.04618854,-89.44555976,9.089047915,-0.100226596,-0.117961235
187751,43.04618854,-89.44555976,9.089047915,-0.00905548,-0.090182625
187809,43.04618854,-89.44555976,9.089047915,0.014022853,-0.06812852
187866,43.04618854,-89.44555976,9.089047915,-0.003753326,-0.20072113
187925,43.04618854,-89.44555976,9.089047915,-0.11759766,-0.07537906
187984,43.04618854,-89.44555976,9.089047915,-0.023189208,-0.069275714
188042,43.04618854,-89.44555976,9.089047915,-0.03037351,-0.10034029
188103,43.04618854,-89.44555976,9.089047915,-0.0498203,-0.100053966
188160,43.04618854,-89.44555976,9.089047915,-0.025976062,-0.07646482
188219,43.04618854,-89.44555976,9.089047915,-0.05475068,-0.08532609
188284,43.0462629,-89.44553555,8.765322975,-0.07696669,-0.090186924
188341,43.0462629,-89.44553555,8.765322975,-0.064881414,-0.091616854
188399,43.0462629,-89.44553555,8.765322975,-0.022534303,-0.07775472
188461,43.0462629,-89.44553555,8.765322975,-0.03846095,-0.08550379
188519,43.0462629,-89.44553555,8.765322975,-0.03949906,-0.08937715
188579,43.0462629,-89.44553555,8.765322975,-0.035060707,-0.09508916
188641,43.0462629,-89.44553555,8.765322975,-0.051653404,-0.10329819
188697,43.0462629,-89.44553555,8.765322975,-0.06405071,-0.13397194
188761,43.0462629,-89.44553555,8.765322975,-0.056066833,-0.08854196
188823,43.0462629,-89.44553555,8.765322975,-0.0327892,-0.122777164
188881,43.0462629,-89.44553555,8.765322975,-0.06205841,-0.10942912
188942,43.0462629,-89.44553555,8.765322975,-0.058837373,-0.09484937
188999,43.0462629,-89.44553555,8.765322975,-0.035414115,-0.10307279
189062,43.0462629,-89.44553555,8.765322975,-0.047795802,-0.09156031
189121,43.0462629,-89.44553555,8.765322975,-0.006072061,-0.10870471
189185,43.0462629,-89.44553555,8.765322975,0.03833435,-0.14589797
189248,43.0462629,-89.44553555,8.765322975,6.52E-05,-0.11588546
189309,43.04633283,-89.44551879,8.258778746,-0.002703804,-0.13993333
189367,43.04633283,-89.44551879,8.258778746,-0.003515998,-0.119960964
189429,43.04633283,-89.44551879,8.258778746,-0.05430665,-0.16750367
189486,43.04633283,-89.44551879,8.258778746,0.047222625,-0.087473564
189546,43.04633283,-89.44551879,8.258778746,0.07559844,-0.100949
189604,43.04633283,-89.44551879,8.258778746,0.030923123,-0.08944134
189668,43.04633283,-89.44551879,8.258778746,-0.001779594,-0.13700674
189726,43.04633283,-89.44551879,8.258778746,0.004349013,-0.15981686
189783,43.04633283,-89.44551879,8.258778746,0.014161896,-0.15495554
189839,43.04633283,-89.44551879,8.258778746,0.006882629,-0.13783042
189897,43.04633283,-89.44551879,8.258778746,0.03119666,-0.12804738
189955,43.04633283,-89.44551879,8.258778746,0.011044505,-0.14920425
190016,43.04633283,-89.44551879,8.258778746,0.004747987,-0.15102634
190075,43.04633283,-89.44551879,8.258778746,0.010396034,-0.16670693
190133,43.04633283,-89.44551879,8.258778746,0.027976342,-0.15652926
190193,43.04633283,-89.44551879,8.258778746,0.05580177,-0.13919221
190253,43.04633283,-89.44551879,8.258778746,0.03568921,-0.17394991
190311,43.04639388,-89.44550915,7.377242956,0.05693407,-0.12408424
190367,43.04639388,-89.44550915,7.377242956,0.1056314,-0.2350346
190426,43.04639388,-89.44550915,7.377242956,0.028352706,-0.19241147
190489,43.04639388,-89.44550915,7.377242956,0.2404042,-0.23923959
190551,43.04639388,-89.44550915,7.377242956,0.12402039,-0.08640222
190612,43.04639388,-89.44550915,7.377242956,0.16117522,-0.0821751
190672,43.04639388,-89.44550915,7.377242956,0.055591285,-0.10957119
190732,43.04639388,-89.44550915,7.377242956,0.07214181,-0.16071892
190791,43.04639388,-89.44550915,7.377242956,0.09243576,-0.11730265
190854,43.04639388,-89.44550915,7.377242956,0.043460324,-0.14462917
190915,43.04639388,-89.44550915,7.377242956,0.121467926,-0.19874457
190974,43.04639388,-89.44550915,7.377242956,-0.07448639,-0.15700133
191032,43.04639388,-89.44550915,7.377242956,0.07300256,-0.019465357
191095,43.04639388,-89.44550915,7.377242956,0.058327585,0.061998304
191155,43.04639388,-89.44550915,7.377242956,-0.006776437,0.026467023
191215,43.04639388,-89.44550915,7.377242956,0.09597588,0.020447291
191278,43.04644009,-89.44549722,6.160955759,0.18432556,0.04328785
191334,43.04644009,-89.44549722,6.160955759,0.16618848,0.10164627
191393,43.04644009,-89.44549722,6.160955759,0.17280367,0.061411493
191456,43.04644009,-89.44549722,6.160955759,0.12061074,0.06699958
191519,43.04644009,-89.44549722,6.160955759,0.09364139,0.035881683
191582,43.04644009,-89.44549722,6.160955759,0.020505246,0.03849789
191640,43.04644009,-89.44549722,6.160955759,0.03741937,0.082041875
191706,43.04644009,-89.44549722,6.160955759,0.111738935,0.11192316
191772,43.04644009,-89.44549722,6.160955759,0.10834344,0.06714947
191831,43.04644009,-89.44549722,6.160955759,0.1318013,0.044215027
191895,43.04644009,-89.44549722,6.160955759,0.15523848,0.041592013
191954,43.04644009,-89.44549722,6.160955759,0.15248477,-0.001354248
192015,43.04644009,-89.44549722,6.160955759,0.006282635,0.032607693
192078,43.04644009,-89.44549722,6.160955759,0.113566145,0.006300188
192138,43.04644009,-89.44549722,6.160955759,0.09402649,0.06873017
192202,43.04644009,-89.44549722,6.160955759,0.18166065,0.057736207
192270,43.04647499,-89.44547842,5.559834869,0.1356253,0.12344005
192326,43.04647499,-89.44547842,5.559834869,0.1792071,0.0925604
192387,43.04647499,-89.44547842,5.559834869,0.21794434,0.11639076
192449,43.04647499,-89.44547842,5.559834869,0.03295199,0.050774194
192512,43.04647499,-89.44547842,5.559834869,0.29599988,0.036721084
192575,43.04647499,-89.44547842,5.559834869,-0.07579976,-0.0824909
192631,43.04647499,-89.44547842,5.559834869,0.17331362,0.07121524
192689,43.04647499,-89.44547842,5.559834869,0.059202723,0.046845034
192747,43.04647499,-89.44547842,5.559834869,0.18281421,0.056046315
192805,43.04647499,-89.44547842,5.559834869,0.27142692,0.00677723
192866,43.04647499,-89.44547842,5.559834869,0.29345405,0.073213875
192926,43.04647499,-89.44547842,5.559834869,0.21738562,0.012931187
192983,43.04647499,-89.44547842,5.559834869,0.2643755,-0.019581128
193046,43.04647499,-89.44547842,5.559834869,0.23156354,0.036239963
193106,43.04647499,-89.44547842,5.559834869,0.05233948,0.07377877
193170,43.04647499,-89.44547842,5.559834869,0.07266668,0.10597837
193231,43.04647499,-89.44547842,5.559834869,0.121297844,0.031290233
193290,43.04650703,-89.44543876,5.397062725,0.17073795,0.07606758
193349,43.04650703,-89.44543876,5.397062725,0.040766295,0.013985173
193410,43.04650703,-89.44543876,5.397062725,0.16779456,0.02050148
193476,43.04650703,-89.44543876,5.397062725,0.13100407,-0.012341031
193534,43.04650703,-89.44543876,5.397062725,0.21202356,-0.01905307
193590,43.04650703,-89.44543876,5.397062725,0.08999562,-0.041299015
193648,43.04650703,-89.44543876,5.397062725,0.31276035,0.12466917
193710,43.04650703,-89.44543876,5.397062725,0.1566946,0.0250765
193770,43.04650703,-89.44543876,5.397062725,0.028529033,0.022726748
193834,43.04650703,-89.44543876,5.397062725,0.2316009,0.12944148
193898,43.04650703,-89.44543876,5.397062725,0.13469455,0.067939796
193957,43.04650703,-89.44543876,5.397062725,0.084263146,-0.039401308
194019,43.04650703,-89.44543876,5.397062725,0.20370236,-0.050088376
194081,43.04650703,-89.44543876,5.397062725,0.09483244,0.1266034
194148,43.04650703,-89.44543876,5.397062725,0.077660285,-0.018436251
194213,43.04650703,-89.44543876,5.397062725,0.20968439,0.066051714
194273,43.04652867,-89.44538055,5.601849238,0.20423836,0.036223445
194328,43.04652867,-89.44538055,5.601849238,0.1946378,0.00383937
194387,43.04652867,-89.44538055,5.601849238,0.09524541,0.093224354
194448,43.04652867,-89.44538055,5.601849238,0.07210541,0.117556065
194510,43.04652867,-89.44538055,5.601849238,0.04631151,0.031502973
194570,43.04652867,-89.44538055,5.601849238,-0.008360455,-0.021526089
194632,43.04652867,-89.44538055,5.601849238,-0.084058836,0.05523762
194689,43.04652867,-89.44538055,5.601849238,0.13094786,0.00909175
194750,43.04652867,-89.44538055,5.601849238,0.2392032,0.058154006
194806,43.04652867,-89.44538055,5.601849238,0.054823674,-0.03619393
194864,43.04652867,-89.44538055,5.601849238,-0.08821041,-0.034436848
194928,43.04652867,-89.44538055,5.601849238,-0.11100393,0.056389824
194986,43.04652867,-89.44538055,5.601849238,-0.048885264,0.026151959
195044,43.04652867,-89.44538055,5.601849238,-0.0986586,-0.006898633
195106,43.04652867,-89.44538055,5.601849238,-0.025214678,0.022867654
195161,43.04652867,-89.44538055,5.601849238,-0.031272072,0.034544133
195218,43.04652867,-89.44538055,5.601849238,0.016119787,-0.04009555
195280,43.0465352,-89.44530431,6.072499275,0.01182878,0.053391352
195339,43.0465352,-89.44530431,6.072499275,-0.1447796,0.059047073
195404,43.0465352,-89.44530431,6.072499275,-0.021620478,0.05916596
195467,43.0465352,-89.44530431,6.072499275,-0.086647175,0.028835777
195524,43.0465352,-89.44530431,6.072499275,-0.026570236,0.045023173
195585,43.0465352,-89.44530431,6.072499275,0.10646723,0.040296085
195645,43.0465352,-89.44530431,6.072499275,0.004920973,0.06270277
195704,43.0465352,-89.44530431,6.072499275,0.031845674,0.037377305
195762,43.0465352,-89.44530431,6.072499275,-0.08303309,-0.080720745
195820,43.0465352,-89.44530431,6.072499275,-0.16720188,-0.062725455
195878,43.0465352,-89.44530431,6.072499275,-0.13061,4.20E-04
195938,43.0465352,-89.44530431,6.072499275,0.004766226,-9.30E-04
195994,43.0465352,-89.44530431,6.072499275,0.04242079,0.027354036
196051,43.0465352,-89.44530431,6.072499275,0.07996486,-0.01918848
196117,43.0465352,-89.44530431,6.072499275,-0.1845739,-0.019380262
196183,43.0465352,-89.44530431,6.072499275,-0.15153006,-0.030250087
196242,43.0465352,-89.44530431,6.072499275,0.030233348,-0.11997448
196301,43.04653709,-89.44521636,6.659304237,0.031233821,-0.059163645
196360,43.04653709,-89.44521636,6.659304237,0.10217437,-0.054242436
196417,43.04653709,-89.44521636,6.659304237,0.015422907,-0.026213277
196475,43.04653709,-89.44521636,6.659304237,0.006397341,-0.06799062
196535,43.04653709,-89.44521636,6.659304237,0.07689463,-0.060388137
196600,43.04653709,-89.44521636,6.659304237,-0.004622563,0.008108942
196658,43.04653709,-89.44521636,6.659304237,3.96E-04,-0.052326716
196724,43.04653709,-89.44521636,6.659304237,0.049243644,-0.05297033
196787,43.04653709,-89.44521636,6.659304237,-0.10545473,-0.05082787
196849,43.04653709,-89.44521636,6.659304237,0.097472124,-0.002648702
196914,43.04653709,-89.44521636,6.659304237,0.07339181,-0.08358
196976,43.04653709,-89.44521636,6.659304237,-0.12634508,-0.06929381
197034,43.04653709,-89.44521636,6.659304237,0.006310358,-0.017340455
197092,43.04653709,-89.44521636,6.659304237,-0.05423777,-0.03379881
197149,43.04653709,-89.44521636,6.659304237,-0.09035107,-0.06718357
197208,43.04653709,-89.44521636,6.659304237,-0.02907318,-0.059598275
197281,43.04653487,-89.44511956,7.165483437,-0.016526978,-0.021989075
197337,43.04653487,-89.44511956,7.165483437,-0.06667842,-0.053402234
197401,43.04653487,-89.44511956,7.165483437,-0.05988661,-0.034659293
197460,43.04653487,-89.44511956,7.165483437,-0.011535266,-0.05644887
197519,43.04653487,-89.44511956,7.165483437,-0.042609878,-0.014655212
197578,43.04653487,-89.44511956,7.165483437,-0.034733135,-0.07516036
197640,43.04653487,-89.44511956,7.165483437,-0.101790875,-0.04206294
197708,43.04653487,-89.44511956,7.165483437,-0.1625624,-0.063500054
197766,43.04653487,-89.44511956,7.165483437,-0.046215303,-0.08061113
197825,43.04653487,-89.44511956,7.165483437,0.002133091,-0.040711615
197884,43.04653487,-89.44511956,7.165483437,-0.30897,-0.17937478
197942,43.04653487,-89.44511956,7.165483437,0.08054049,-0.039206967
198003,43.04653487,-89.44511956,7.165483437,-0.032682583,-0.12121919
198063,43.04653487,-89.44511956,7.165483437,-0.083215795,-0.11539373
198125,43.04653487,-89.44511956,7.165483437,0.04564397,-0.10166397
198190,43.04653487,-89.44511956,7.165483437,0.22182813,-0.13537583
198249,43.04653487,-89.44511956,7.165483437,-0.23384693,-0.22260396
198314,43.0465305,-89.4450244,7.450522209,-0.1092076,-0.23861793
198372,43.0465305,-89.4450244,7.450522209,-0.15086989,-0.17485613
198433,43.0465305,-89.4450244,7.450522209,-0.13244042,-0.15502948
198492,43.0465305,-89.4450244,7.450522209,0.010999712,-0.13168629
198553,43.0465305,-89.4450244,7.450522209,-0.020419057,-0.12244641
198615,43.0465305,-89.4450244,7.450522209,-0.022596989,-0.13476251
198671,43.0465305,-89.4450244,7.450522209,-0.003874965,-0.11201404
198729,43.0465305,-89.4450244,7.450522209,-0.013786477,-0.11194259
198791,43.0465305,-89.4450244,7.450522209,-0.030024743,-0.15124932
198850,43.0465305,-89.4450244,7.450522209,-0.037378754,-0.15121578
198909,43.0465305,-89.4450244,7.450522209,-0.09314995,-0.12565424
198969,43.0465305,-89.4450244,7.450522209,-0.035330582,-0.096298575
199030,43.0465305,-89.4450244,7.450522209,-0.039630327,-0.12564243
199090,43.0465305,-89.4450244,7.450522209,-0.036512945,-0.14071298
199149,43.0465305,-89.4450244,7.450522209,-0.019922521,-0.16639432
199209,43.0465305,-89.4450244,7.450522209,-0.09505316,-0.14895344
199263,43.04652598,-89.44493279,7.277049318,-0.022175081,-0.12196857
199318,43.04652598,-89.44493279,7.277049318,-0.089599356,-0.102460876
199379,43.04652598,-89.44493279,7.277049318,0.006891851,-0.13277984
199434,43.04652598,-89.44493279,7.277049318,-0.012919171,-0.11240276
199489,43.04652598,-89.44493279,7.277049318,-0.043625023,-0.13274865
199545,43.04652598,-89.44493279,7.277049318,-0.09243463,-0.18078747
199602,43.04652598,-89.44493279,7.277049318,-0.06834755,-0.19298615
199663,43.04652598,-89.44493279,7.277049318,-0.07876636,-0.16020836
199726,43.04652598,-89.44493279,7.277049318,-0.08020862,-0.11803524
199793,43.04652598,-89.44493279,7.277049318,-0.026221965,-0.1266085
199856,43.04652598,-89.44493279,7.277049318,-0.06374648,-0.10181459
199919,43.04652598,-89.44493279,7.277049318,-0.04817962,-0.14252073
199978,43.04652598,-89.44493279,7.277049318,-0.067468554,-0.10015175
200041,43.04652598,-89.44493279,7.277049318,-0.094595715,-0.11763887
200106,43.04652598,-89.44493279,7.277049318,-0.091043696,-0.06941255
200165,43.04652598,-89.44493279,7.277049318,-0.15324695,-0.134058
200222,43.04652598,-89.44493279,7.277049318,-0.08272386,-0.11285241
200286,43.04652126,-89.44485529,6.785559234,-0.08969598,-0.0988285
200346,43.04652126,-89.44485529,6.785559234,-0.04505812,-0.10005734
200402,43.04652126,-89.44485529,6.785559234,-0.05891012,-0.15425296
200460,43.04652126,-89.44485529,6.785559234,-0.08532394,-0.14942144
200523,43.04652126,-89.44485529,6.785559234,-0.12563212,-0.09720505
200584,43.04652126,-89.44485529,6.785559234,-0.12587899,-0.10791867
200645,43.04652126,-89.44485529,6.785559234,-0.0852775,-0.16631663
200706,43.04652126,-89.44485529,6.785559234,-0.069631286,-0.16307409
200768,43.04652126,-89.44485529,6.785559234,-0.042772133,-0.13873237
200828,43.04652126,-89.44485529,6.785559234,-0.07231889,-0.15011986
200884,43.04652126,-89.44485529,6.785559234,-0.08668674,-0.11920408
200945,43.04652126,-89.44485529,6.785559234,-0.07776213,-0.122448124
201002,43.04652126,-89.44485529,6.785559234,-0.08247218,-0.12648632
201059,43.04652126,-89.44485529,6.785559234,-0.10183282,-0.12612057
201116,43.04652126,-89.44485529,6.785559234,-0.10690479,-0.1418182
201178,43.04652126,-89.44485529,6.785559234,-0.11383364,-0.16646667
201234,43.04652126,-89.44485529,6.785559234,-0.0661098,-0.16975723
201290,43.04651752,-89.44478849,6.010193573,-0.042761836,-0.13211294
201346,43.04651752,-89.44478849,6.010193573,-0.062235,-0.11085378
201403,43.04651752,-89.44478849,6.010193573,-0.054542627,-0.09571712
201465,43.04651752,-89.44478849,6.010193573,-0.11085811,-0.028705897
201523,43.04651752,-89.44478849,6.010193573,-0.15065692,0.020157035
201583,43.04651752,-89.44478849,6.010193573,-0.14558996,-0.016351927
201649,43.04651752,-89.44478849,6.010193573,-0.18283482,-0.022388432
201707,43.04651752,-89.44478849,6.010193573,-0.17707682,-0.05842884
201769,43.04651752,-89.44478849,6.010193573,-0.17972377,0.016953655
201829,43.04651752,-89.44478849,6.010193573,-0.17020713,0.020196442
201894,43.04651752,-89.44478849,6.010193573,-0.13439308,-0.041454982
201955,43.04651752,-89.44478849,6.010193573,-0.17979455,-0.03624166
202013,43.04651752,-89.44478849,6.010193573,-0.17126447,-0.1013641
202070,43.04651752,-89.44478849,6.010193573,-0.12314623,-0.039600812
202129,43.04651752,-89.44478849,6.010193573,-0.13744599,-0.025393173
202191,43.04651752,-89.44478849,6.010193573,-0.18061362,-0.06242421
202251,43.04651752,-89.44478849,6.010193573,-0.22247583,-0.11421183
202316,43.04651955,-89.44473633,5.297358362,-0.22243221,-0.05139972
202374,43.04651955,-89.44473633,5.297358362,-0.21162532,-0.052455757
202432,43.04651955,-89.44473633,5.297358362,-0.14108248,0.02645599
202489,43.04651955,-89.44473633,5.297358362,-0.12114223,0.042358916
202547,43.04651955,-89.44473633,5.297358362,-0.124046914,0.05519495
202610,43.04651955,-89.44473633,5.297358362,-0.057499047,0.11149781
202670,43.04651955,-89.44473633,5.297358362,-0.05830818,0.18094753
202730,43.04651955,-89.44473633,5.297358362,-0.11900084,0.07583813
202789,43.04651955,-89.44473633,5.297358362,-0.03778158,0.01151589
202847,43.04651955,-89.44473633,5.297358362,-0.072764486,-0.009037481
202911,43.04651955,-89.44473633,5.297358362,-0.1873255,0.09121116
202971,43.04651955,-89.44473633,5.297358362,-0.2474373,0.078798644
203031,43.04651955,-89.44473633,5.297358362,-0.26242313,0.08885886
203095,43.04651955,-89.44473633,5.297358362,-0.13767944,0.002081925
203154,43.04651955,-89.44473633,5.297358362,-0.039263997,0.047935873
203215,43.04651955,-89.44473633,5.297358362,-0.060210284,0.035204355
203276,43.04653224,-89.44469007,5.044452767,-0.110722445,0.017374303
203333,43.04653224,-89.44469007,5.044452767,-0.124731764,0.01874937
203396,43.04653224,-89.44469007,5.044452767,-0.051976077,0.09969091
203456,43.04653224,-89.44469007,5.044452767,-0.18582582,0.005471599
203515,43.04653224,-89.44469007,5.044452767,-0.23270209,-0.015029414
203574,43.04653224,-89.44469007,5.044452767,-0.16668123,0.002408765
203634,43.04653224,-89.44469007,5.044452767,-0.16913046,0.014535741
203690,43.04653224,-89.44469007,5.044452767,-0.10627769,0.043201555
203749,43.04653224,-89.44469007,5.044452767,-0.10787807,0.079437315
203807,43.04653224,-89.44469007,5.044452767,-0.07354651,0.14761758
203863,43.04653224,-89.44469007,5.044452767,-0.09501927,0.057148848
203922,43.04653224,-89.44469007,5.044452767,-0.13409124,0.09789299
203984,43.04653224,-89.44469007,5.044452767,-0.15637675,0.06622854
204041,43.04653224,-89.44469007,5.044452767,-0.07867634,0.0663469
204100,43.04653224,-89.44469007,5.044452767,-0.07354854,0.028584862
204159,43.04653224,-89.44469007,5.044452767,-0.015953235,0.087940164
204217,43.04653224,-89.44469007,5.044452767,-0.08722341,0.06426719
204295,43.04656056,-89.44464807,5.194634879,-0.009538124,0.07141225
204354,43.04656056,-89.44464807,5.194634879,-0.043568004,0.05071583
204417,43.04656056,-89.44464807,5.194634879,-0.047612052,0.07223715
204476,43.04656056,-89.44464807,5.194634879,-0.046488296,0.04364432
204539,43.04656056,-89.44464807,5.194634879,-0.017133385,0.053314302
204598,43.04656056,-89.44464807,5.194634879,-0.107709564,0.067825936
204662,43.04656056,-89.44464807,5.194634879,-0.10739731,0.03924743
204723,43.04656056,-89.44464807,5.194634879,-0.08088117,0.03746569
204782,43.04656056,-89.44464807,5.194634879,0.017002169,0.10800109
204844,43.04656056,-89.44464807,5.194634879,0.04668283,0.06677923
204902,43.04656056,-89.44464807,5.194634879,0.010741824,0.09558749
204963,43.04656056,-89.44464807,5.194634879,-0.028973388,-0.028136
205022,43.04656056,-89.44464807,5.194634879,-0.037900858,0.057575
205079,43.04656056,-89.44464807,5.194634879,-0.05748992,-0.02473903
205142,43.04656056,-89.44464807,5.194634879,-0.093358554,0.05226768
205204,43.04656056,-89.44464807,5.194634879,0.010810657,-0.02745763
205264,43.0466042,-89.44461184,5.652373007,0.02071895,0.085741505
205319,43.0466042,-89.44461184,5.652373007,-0.044287313,0.089392096
205375,43.0466042,-89.44461184,5.652373007,-0.04164144,0.08261957
205438,43.0466042,-89.44461184,5.652373007,-0.03008765,0.055130247
205495,43.0466042,-89.44461184,5.652373007,-0.05107323,0.049272936
205552,43.0466042,-89.44461184,5.652373007,-0.009364956,0.058624156
205610,43.0466042,-89.44461184,5.652373007,-0.062245227,0.05141991
205670,43.0466042,-89.44461184,5.652373007,0.016036289,0.054699402
205729,43.0466042,-89.44461184,5.652373007,-0.061627846,0.066240594
205787,43.0466042,-89.44461184,5.652373007,-0.099922225,0.061442066
205845,43.0466042,-89.44461184,5.652373007,-0.066995665,0.022254717
205906,43.0466042,-89.44461184,5.652373007,-0.09358198,0.026200972
205964,43.0466042,-89.44461184,5.652373007,0.027229391,-9.85E-04
206024,43.0466042,-89.44461184,5.652373007,-0.09963822,0.023049694
206083,43.0466042,-89.44461184,5.652373007,-0.0592145,-0.002786215
206142,43.0466042,-89.44461184,5.652373007,-0.006554461,-0.012939246
206202,43.0466042,-89.44461184,5.652373007,-0.013197126,0.05642699
206261,43.0466042,-89.44461184,5.652373007,-0.08816013,0.0586753
206320,43.04665979,-89.44457983,6.24446984,0.002279366,-0.028027989
206377,43.04665979,-89.44457983,6.24446984,0.007257117,0.107339084
206435,43.04665979,-89.44457983,6.24446984,0.046287872,0.07408145
206496,43.04665979,-89.44457983,6.24446984,0.047808446,-7.52E-04
206558,43.04665979,-89.44457983,6.24446984,0.053512957,-0.005034744
206620,43.04665979,-89.44457983,6.24446984,0.040804848,-0.008518701
206683,43.04665979,-89.44457983,6.24446984,-0.017115887,0.052786924
206742,43.04665979,-89.44457983,6.24446984,-0.12035289,0.080366954
206804,43.04665979,-89.44457983,6.24446984,0.17800383,0.030038485
206866,43.04665979,-89.44457983,6.24446984,0.044920992,-0.050437044
206925,43.04665979,-89.44457983,6.24446984,-0.060756866,-0.027812695
206983,43.04665979,-89.44457983,6.24446984,0.0131345,-0.026587203
207042,43.04665979,-89.44457983,6.24446984,-0.10345292,-0.03914101
207099,43.04665979,-89.44457983,6.24446984,-0.08766044,-0.16569799
207157,43.04665979,-89.44457983,6.24446984,-0.012743848,-0.07780478
207229,43.04665979,-89.44457983,6.24446984,-0.088712975,-0.044396147
207289,43.04672506,-89.44454937,6.861382603,-0.07608031,-0.052811716
207446,43.04672506,-89.44454937,6.861382603,-0.05503445,0.037554998
207502,43.04672506,-89.44454937,6.861382603,0.019001873,0.022531858
207562,43.04672506,-89.44454937,6.861382603,0.005000086,-0.028134778
207621,43.04672506,-89.44454937,6.861382603,-0.009248271,-0.06705701
207678,43.04672506,-89.44454937,6.861382603,0.029952414,-0.050543755
207736,43.04672506,-89.44454937,6.861382603,0.037809916,-0.021505201
207795,43.04672506,-89.44454937,6.861382603,-0.13090451,-0.1036161
207857,43.04672506,-89.44454937,6.861382603,0.038283233,-0.054726213
207913,43.04672506,-89.44454937,6.861382603,0.03643237,-0.012733836
207972,43.04672506,-89.44454937,6.861382603,0.026915103,0.004247861
208034,43.04672506,-89.44454937,6.861382603,-0.032871377,-0.042156074
208097,43.04672506,-89.44454937,6.861382603,0.09552818,-0.03940263
208159,43.04672506,-89.44454937,6.861382603,0.06258145,-0.021468768
208219,43.04672506,-89.44454937,6.861382603,-0.036427807,-0.07056132
208281,43.04679371,-89.44451977,7.342046236,0.025908004,-0.030890789
208339,43.04679371,-89.44451977,7.342046236,0.058593977,-0.06353355
208402,43.04679371,-89.44451977,7.342046236,-0.02902472,-0.11983154
208461,43.04679371,-89.44451977,7.342046236,0.07337507,0.13338284
208526,43.04679371,-89.44451977,7.342046236,-0.08411658,0.020306647
208590,43.04679371,-89.44451977,7.342046236,-0.061343014,-0.02532056
208652,43.04679371,-89.44451977,7.342046236,-0.03137512,-0.059557065
208712,43.04679371,-89.44451977,7.342046236,-0.056206312,-0.035990477
208775,43.04679371,-89.44451977,7.342046236,-0.14503233,-0.021170393
208834,43.04679371,-89.44451977,7.342046236,0.16735564,0.010912861
208901,43.04679371,-89.44451977,7.342046236,0.010145343,-0.028189644
208961,43.04679371,-89.44451977,7.342046236,0.041453842,-0.028646301
209023,43.04679371,-89.44451977,7.342046236,-0.03287774,-0.016558165
209084,43.04679371,-89.44451977,7.342046236,0.04687975,-0.04361695
209143,43.04679371,-89.44451977,7.342046236,0.099578016,0.025247244
209203,43.04679371,-89.44451977,7.342046236,0.0720695,-0.023588907
209262,43.04686413,-89.44448784,7.758614812,-0.018428884,-0.003718116
209321,43.04686413,-89.44448784,7.758614812,0.06536027,-0.045756977
209383,43.04686413,-89.44448784,7.758614812,0.10643133,-0.052667387
209449,43.04686413,-89.44448784,7.758614812,0.13511683,0.04575816
209507,43.04686413,-89.44448784,7.758614812,0.08405125,0.008376122
209562,43.04686413,-89.44448784,7.758614812,0.002241641,0.023923008
209623,43.04686413,-89.44448784,7.758614812,0.00924156,-0.03606592
209685,43.04686413,-89.44448784,7.758614812,0.035174493,0.015080129
209747,43.04686413,-89.44448784,7.758614812,0.026492331,-0.039455704
209809,43.04686413,-89.44448784,7.758614812,0.03909788,-0.035461362
209869,43.04686413,-89.44448784,7.758614812,0.007840171,-0.042011302
209930,43.04686413,-89.44448784,7.758614812,0.028594056,-0.009155639
209991,43.04686413,-89.44448784,7.758614812,0.027368411,-0.037940394
210054,43.04686413,-89.44448784,7.758614812,0.07207428,-0.063865125
210115,43.04686413,-89.44448784,7.758614812,-0.013867174,0.007401663
210176,43.04686413,-89.44448784,7.758614812,0.070885874,0.03899092
210238,43.04686413,-89.44448784,7.758614812,0.030044664,0.019102998
210304,43.04693621,-89.44445812,8.109216281,0.051262867,-0.06310453
210365,43.04693621,-89.44445812,8.109216281,0.06458417,-0.14658776
210434,43.04693621,-89.44445812,8.109216281,0.037019644,-0.055239663
210492,43.04693621,-89.44445812,8.109216281,0.025095478,-0.13648432
210555,43.04693621,-89.44445812,8.109216281,0.023339793,-0.07051241
210615,43.04693621,-89.44445812,8.109216281,0.06430198,-0.1516312
210672,43.04693621,-89.44445812,8.109216281,0.02800088,-0.14135388
210730,43.04693621,-89.44445812,8.109216281,-0.015026976,-0.009337461
210789,43.04693621,-89.44445812,8.109216281,0.01516402,-0.07455218
210852,43.04693621,-89.44445812,8.109216281,5.64E-04,-0.10600291
210911,43.04693621,-89.44445812,8.109216281,0.052163742,-0.124711975
210969,43.04693621,-89.44445812,8.109216281,0.054834303,-0.111847796
211030,43.04693621,-89.44445812,8.109216281,-0.05229584,-0.028946746
211093,43.04693621,-89.44445812,8.109216281,6.60E-04,-0.100802764
211157,43.04693621,-89.44445812,8.109216281,0.04245179,-0.011266185
211217,43.04693621,-89.44445812,8.109216281,0.04760658,-0.051413924
211285,43.04701069,-89.44442753,8.172815459,-0.11707065,-0.021376733
211344,43.04701069,-89.44442753,8.172815459,-0.15902051,-0.071815416
211409,43.04701069,-89.44442753,8.172815459,0.016850712,-0.045623716
211469,43.04701069,-89.44442753,8.172815459,-0.007619201,-0.08516496
211529,43.04701069,-89.44442753,8.172815459,0.092316434,-0.11184316
211589,43.04701069,-89.44442753,8.172815459,-0.0722485,-0.08543085
211650,43.04701069,-89.44442753,8.172815459,0.1487979,-0.10095635
211710,43.04701069,-89.44442753,8.172815459,0.023300815,-0.08135604
211769,43.04701069,-89.44442753,8.172815459,0.039164774,0.035715535
211834,43.04701069,-89.44442753,8.172815459,-0.009600056,-0.05931149
211898,43.04701069,-89.44442753,8.172815459,0.011217948,-0.061603054
211953,43.04701069,-89.44442753,8.172815459,-0.02511565,0.044666957
212014,43.04701069,-89.44442753,8.172815459,-0.03570471,-0.010102143
212080,43.04701069,-89.44442753,8.172815459,-0.004684074,-0.054634094
212139,43.04701069,-89.44442753,8.172815459,-0.016432224,-0.031916272
212203,43.04701069,-89.44442753,8.172815459,-0.053410675,-0.08421228
212262,43.04707976,-89.44439752,8.160774694,-0.04038902,-0.1202754
212317,43.04707976,-89.44439752,8.160774694,-0.024193952,6.78E-04
212377,43.04707976,-89.44439752,8.160774694,-0.020898638,-0.08286385
212433,43.04707976,-89.44439752,8.160774694,0.06730478,-0.017415147
212491,43.04707976,-89.44439752,8.160774694,0.052800775,-0.007080896
212551,43.04707976,-89.44439752,8.160774694,8.71E-05,-0.046838917
212611,43.04707976,-89.44439752,8.160774694,-0.017121792,-0.015757818
212671,43.04707976,-89.44439752,8.160774694,0.021464093,-0.07259993
212733,43.04707976,-89.44439752,8.160774694,0.006586563,-0.06723996
212795,43.04707976,-89.44439752,8.160774694,0.07385536,0.008189028
212852,43.04707976,-89.44439752,8.160774694,0.02375491,-0.00193324
212913,43.04707976,-89.44439752,8.160774694,-0.08067252,0.024784207
212974,43.04707976,-89.44439752,8.160774694,-5.72E-04,-0.014914453
213034,43.04707976,-89.44439752,8.160774694,0.07272509,-0.064052284
213094,43.04707976,-89.44439752,8.160774694,0.031007415,-0.027329203
213154,43.04707976,-89.44439752,8.160774694,0.023741335,-0.07339385
213211,43.04707976,-89.44439752,8.160774694,-0.035726476,0.001260138
213270,43.04714779,-89.44437273,8.004812518,-0.007203897,-0.077551745
213327,43.04714779,-89.44437273,8.004812518,-0.018153554,-0.07533443
213387,43.04714779,-89.44437273,8.004812518,-0.03428987,-0.14623338
213448,43.04714779,-89.44437273,8.004812518,0.014946777,-0.057876423
213507,43.04714779,-89.44437273,8.004812518,-0.08364648,-0.30011475
213567,43.04714779,-89.44437273,8.004812518,0.11888287,-0.11384158
213625,43.04714779,-89.44437273,8.004812518,0.1304477,-0.039959975
213682,43.04714779,-89.44437273,8.004812518,0.04886994,-0.09117768
213741,43.04714779,-89.44437273,8.004812518,0.12256109,0.079703495
213801,43.04714779,-89.44437273,8.004812518,-0.0436382,-0.009801272
213864,43.04714779,-89.44437273,8.004812518,-0.09718178,-0.030397648
213924,43.04714779,-89.44437273,8.004812518,0.09691351,-0.15169682
213986,43.04714779,-89.44437273,8.004812518,-0.054459784,-0.025686217
214047,43.04714779,-89.44437273,8.004812518,0.060299456,0.012339274
214107,43.04714779,-89.44437273,8.004812518,0.11171453,-0.11054556
214165,43.04714779,-89.44437273,8.004812518,-0.007161457,-0.08369937
214225,43.04714779,-89.44437273,8.004812518,0.22314702,-0.13821413
214284,43.04721208,-89.44435138,7.619887519,0.2225219,-0.1957678
214342,43.04721208,-89.44435138,7.619887519,0.06203186,-0.035869397
214402,43.04721208,-89.44435138,7.619887519,0.1514655,-0.18100871
214459,43.04721208,-89.44435138,7.619887519,0.017440137,-0.048511166
214518,43.04721208,-89.44435138,7.619887519,0.14964329,-0.026277518
214577,43.04721208,-89.44435138,7.619887519,0.05888766,-0.00363993
214637,43.04721208,-89.44435138,7.619887519,0.119556926,-0.18586591
214693,43.04721208,-89.44435138,7.619887519,0.20233145,-0.07208054
214750,43.04721208,-89.44435138,7.619887519,0.1425072,-0.10742073
214811,43.04721208,-89.44435138,7.619887519,0.21314317,-0.13861889
214872,43.04721208,-89.44435138,7.619887519,0.22094892,-0.08432488
214933,43.04721208,-89.44435138,7.619887519,0.10810305,-0.07763287
214993,43.04721208,-89.44435138,7.619887519,0.22201976,-0.04352992
215053,43.04721208,-89.44435138,7.619887519,0.14649928,0.006664209
215110,43.04721208,-89.44435138,7.619887519,0.11115366,-0.09696088
215172,43.04721208,-89.44435138,7.619887519,0.18457057,-0.056806274
215231,43.04721208,-89.44435138,7.619887519,0.10136829,-0.005521024
215291,43.04726981,-89.44432725,7.081796174,0.17135924,-0.063748725
215346,43.04726981,-89.44432725,7.081796174,0.2291427,-0.10734574
215403,43.04726981,-89.44432725,7.081796174,0.14251111,-0.1040277
215468,43.04726981,-89.44432725,7.081796174,0.23716323,-0.05121538
215527,43.04726981,-89.44432725,7.081796174,0.060831558,-0.04559689
215589,43.04726981,-89.44432725,7.081796174,0.10725498,-0.0690803
215651,43.04726981,-89.44432725,7.081796174,0.20826456,-0.10921529
215707,43.04726981,-89.44432725,7.081796174,0.23453963,0.010998596
215764,43.04726981,-89.44432725,7.081796174,0.22662221,-0.060762413
215826,43.04726981,-89.44432725,7.081796174,0.24672054,-0.07116922
215886,43.04726981,-89.44432725,7.081796174,0.16478142,-0.004894782
215943,43.04726981,-89.44432725,7.081796174,0.20141722,-0.031065686
215999,43.04726981,-89.44432725,7.081796174,0.30038822,-0.01931786
216063,43.04726981,-89.44432725,7.081796174,0.2667211,0.0751202
216123,43.04726981,-89.44432725,7.081796174,0.15988271,0.036574904
216186,43.04726981,-89.44432725,7.081796174,0.16481061,-0.06414357
216243,43.04726981,-89.44432725,7.081796174,0.091308594,0.01717087
216303,43.04731689,-89.4442909,6.529424003,0.24710661,-0.0809391
216363,43.04731689,-89.4442909,6.529424003,0.25855482,-0.07367493
216421,43.04731689,-89.4442909,6.529424003,0.17843862,-0.060659446
216482,43.04731689,-89.4442909,6.529424003,0.17720123,-0.052283928
216545,43.04731689,-89.4442909,6.529424003,0.07389565,-0.03364994
216611,43.04731689,-89.4442909,6.529424003,0.110568404,0.005481595
216667,43.04731689,-89.4442909,6.529424003,0.1632121,-0.0598913
216724,43.04731689,-89.4442909,6.529424003,0.1861277,-0.045604546
216782,43.04731689,-89.4442909,6.529424003,0.25573838,-0.06165405
216840,43.04731689,-89.4442909,6.529424003,0.31346196,-0.016631363
216899,43.04731689,-89.4442909,6.529424003,0.1510976,-0.036212467
216957,43.04731689,-89.4442909,6.529424003,0.15732692,0.04739689
217016,43.04731689,-89.4442909,6.529424003,0.017429419,-0.018544782
217076,43.04731689,-89.4442909,6.529424003,0.038462203,0.044422958
217132,43.04731689,-89.4442909,6.529424003,0.16525872,0.040967725
217192,43.04731689,-89.4442909,6.529424003,0.1694944,0.022646774
217250,43.04731689,-89.4442909,6.529424003,0.21531639,-0.014713365
217321,43.04734877,-89.4442407,6.158704931,0.23636468,0.029527789
217380,43.04734877,-89.4442407,6.158704931,0.16993903,0.04137608
217438,43.04734877,-89.4442407,6.158704931,0.16568315,-0.018457
217494,43.04734877,-89.4442407,6.158704931,0.17931913,0.091406405
217551,43.04734877,-89.4442407,6.158704931,0.16711704,0.06367152
217613,43.04734877,-89.4442407,6.158704931,0.15011148,-0.040397685
217670,43.04734877,-89.4442407,6.158704931,0.1526826,-0.011476015
217728,43.04734877,-89.4442407,6.158704931,0.18715133,0.004160368
217788,43.04734877,-89.4442407,6.158704931,0.14930466,-0.012830198
217847,43.04734877,-89.4442407,6.158704931,0.19105533,-0.006230355
217905,43.04734877,-89.4442407,6.158704931,0.18436943,1.49E-04
217963,43.04734877,-89.4442407,6.158704931,0.16906857,5.32E-05
218021,43.04734877,-89.4442407,6.158704931,0.14051712,0.025971904
218082,43.04734877,-89.4442407,6.158704931,0.124462254,0.005973072
218138,43.04734877,-89.4442407,6.158704931,0.10062959,0.012694121
218198,43.04734877,-89.4442407,6.158704931,0.16993085,0.03490442
218254,43.04734877,-89.4442407,6.158704931,0.099355765,-0.001111881
218313,43.04736502,-89.44417358,6.168052396,0.13264368,0.0655574
218371,43.04736502,-89.44417358,6.168052396,0.11018782,-0.048532918
218432,43.04736502,-89.44417358,6.168052396,0.11405802,-0.004717834
218489,43.04736502,-89.44417358,6.168052396,0.109942384,0.040537298
218548,43.04736502,-89.44417358,6.168052396,0.07494811,0.0408188
218606,43.04736502,-89.44417358,6.168052396,0.082257204,0.037441246
218664,43.04736502,-89.44417358,6.168052396,0.10039081,0.011592656
218725,43.04736502,-89.44417358,6.168052396,0.08973198,-0.018629543
218787,43.04736502,-89.44417358,6.168052396,0.11288933,-0.04915281
218844,43.04736502,-89.44417358,6.168052396,0.15980099,0.07295577
218901,43.04736502,-89.44417358,6.168052396,0.13382937,0.002434749
218963,43.04736502,-89.44417358,6.168052396,0.12946019,0.020413445
219024,43.04736502,-89.44417358,6.168052396,-0.005569503,0.027482772
219083,43.04736502,-89.44417358,6.168052396,0.03867118,0.07910744
219145,43.04736502,-89.44417358,6.168052396,-0.12149218,0.023468155
219207,43.04736502,-89.44417358,6.168052396,-0.006830157,0.033432458
219270,43.04736685,-89.44408806,6.563843751,-0.017228717,0.0861053
219326,43.04736685,-89.44408806,6.563843751,0.057706308,0.04635895
219382,43.04736685,-89.44408806,6.563843751,0.05929235,-0.01473549
219443,43.04736685,-89.44408806,6.563843751,0.005239773,0.033734076
219504,43.04736685,-89.44408806,6.563843751,-0.039286997,-0.006723637
219566,43.04736685,-89.44408806,6.563843751,-0.045306206,0.05351314
219623,43.04736685,-89.44408806,6.563843751,-0.010146851,-0.018201897
219682,43.04736685,-89.44408806,6.563843751,-0.047759417,0.06815186
219750,43.04736685,-89.44408806,6.563843751,-0.07165859,0.035860673
219811,43.04736685,-89.44408806,6.563843751,-0.063052446,0.041816965
219878,43.04736685,-89.44408806,6.563843751,-0.10804188,0.027889602
219941,43.04736685,-89.44408806,6.563843751,-0.06140158,-0.017727377
220003,43.04736685,-89.44408806,6.563843751,-0.050686684,0.065773726
220059,43.04736685,-89.44408806,6.563843751,-0.007703191,-0.061557822
220118,43.04736685,-89.44408806,6.563843751,-0.1757051,0.04240467
220180,43.04736685,-89.44408806,6.563843751,-0.116860025,0.032842863
220241,43.04736685,-89.44408806,6.563843751,-0.01222014,0.05006152
220300,43.0473605,-89.44399668,7.15946981,-0.050967887,0.028023655
220359,43.0473605,-89.44399668,7.15946981,0.015596081,0.07983728
220417,43.0473605,-89.44399668,7.15946981,-0.02710023,-0.02762526
220475,43.0473605,-89.44399668,7.15946981,0.013946622,0.026722869
220536,43.0473605,-89.44399668,7.15946981,0.007924138,-0.039559677
220599,43.0473605,-89.44399668,7.15946981,-8.85E-04,0.052703314
220661,43.0473605,-89.44399668,7.15946981,-0.012160822,0.03719608
220723,43.0473605,-89.44399668,7.15946981,0.056763966,0.07457792
220782,43.0473605,-89.44399668,7.15946981,0.049953837,-0.011033964
220842,43.0473605,-89.44399668,7.15946981,0.08773758,0.06404243
220901,43.0473605,-89.44399668,7.15946981,0.022599475,-0.061849855
220959,43.0473605,-89.44399668,7.15946981,0.012133393,0.016443904
221015,43.0473605,-89.44399668,7.15946981,0.08549832,-0.038056567
221081,43.0473605,-89.44399668,7.15946981,0.03995579,0.014297643
221138,43.0473605,-89.44399668,7.15946981,0.002229126,0.024552314
221219,43.0473605,-89.44399668,7.15946981,0.047386743,-0.006038051
221274,43.04734659,-89.4438914,7.901199845,-0.024331857,0.04216093
221423,43.04734659,-89.4438914,7.901199845,0.02631573,-0.10076803
221479,43.04734659,-89.4438914,7.901199845,0.09225487,0.022894489
221536,43.04734659,-89.4438914,7.901199845,0.1197327,0.055941436
221593,43.04734659,-89.4438914,7.901199845,-0.033208042,-0.001801792
221650,43.04734659,-89.4438914,7.901199845,-0.056868684,0.02880742
221709,43.04734659,-89.4438914,7.901199845,0.12426172,0.029311126
221775,43.04734659,-89.4438914,7.901199845,0.07012778,0.004637795
221833,43.04734659,-89.4438914,7.901199845,0.0716269,-0.023951333
221892,43.04734659,-89.4438914,7.901199845,0.010804279,-0.016496375
221953,43.04734659,-89.4438914,7.901199845,-0.08446747,-0.006350413
222012,43.04734659,-89.4438914,7.901199845,0.37355056,-0.08705511
222071,43.04734659,-89.4438914,7.901199845,-0.16514313,-0.023530863
222129,43.04734659,-89.4438914,7.901199845,-0.37460586,-0.15762204
222188,43.04734659,-89.4438914,7.901199845,-0.083216526,-0.13401696
222247,43.04734659,-89.4438914,7.901199845,-0.086138315,-0.052408654
222305,43.04732125,-89.44377909,8.622172849,0.27213752,-0.012946373
222362,43.04732125,-89.44377909,8.622172849,-0.1610618,-0.14358811
222420,43.04732125,-89.44377909,8.622172849,-0.13570851,-0.04143619
222478,43.04732125,-89.44377909,8.622172849,0.11571649,0.023604082
222536,43.04732125,-89.44377909,8.622172849,0.15844506,0.013917929
222593,43.04732125,-89.44377909,8.622172849,0.05189316,-0.019189678
222654,43.04732125,-89.44377909,8.622172849,0.012720387,-0.04402014
222719,43.04732125,-89.44377909,8.622172849,-0.001705371,-0.029661374
222784,43.04732125,-89.44377909,8.622172849,-0.0662533,-0.023187915
222850,43.04732125,-89.44377909,8.622172849,-0.08531851,0.03470132
222911,43.04732125,-89.44377909,8.622172849,-0.015775034,-0.0521239
222968,43.04732125,-89.44377909,8.622172849,-0.15175907,-0.11562881
223026,43.04732125,-89.44377909,8.622172849,0.107218556,-0.051143546
223090,43.04732125,-89.44377909,8.622172849,0.081792235,0.004143406
223149,43.04732125,-89.44377909,8.622172849,-0.012984087,-0.018151069
223208,43.04732125,-89.44377909,8.622172849,-0.15040286,0.0436204
223267,43.04728871,-89.44366454,9.202359114,-0.18459733,-0.07288691
223322,43.04728871,-89.44366454,9.202359114,-0.061907988,-0.07184035
223387,43.04728871,-89.44366454,9.202359114,-0.005681966,0.001466278
223446,43.04728871,-89.44366454,9.202359114,0.007295819,-0.061425317
223506,43.04728871,-89.44366454,9.202359114,-0.010707537,0.003087001
223567,43.04728871,-89.44366454,9.202359114,-0.017029103,-0.08124513
223624,43.04728871,-89.44366454,9.202359114,-0.07763744,-0.08564928
223688,43.04728871,-89.44366454,9.202359114,0.046283476,-0.10685809
223745,43.04728871,-89.44366454,9.202359114,0.001302675,-0.08091275
223809,43.04728871,-89.44366454,9.202359114,0.014969427,0.041770354
223868,43.04728871,-89.44366454,9.202359114,0.002018123,-0.016001597
223929,43.04728871,-89.44366454,9.202359114,0.020783251,-0.082880795
223986,43.04728871,-89.44366454,9.202359114,1.94E-04,-0.071356826
224043,43.04728871,-89.44366454,9.202359114,0.042143468,-0.089551315
224100,43.04728871,-89.44366454,9.202359114,0.08264402,-0.06879268
224159,43.04728871,-89.44366454,9.202359114,-0.09201006,-0.14244214
224216,43.04728871,-89.44366454,9.202359114,0.13601224,-0.04172832
224280,43.04725174,-89.44355207,9.642266222,-0.006588341,-0.09501796
224338,43.04725174,-89.44355207,9.642266222,0.024110623,-0.118898556
224401,43.04725174,-89.44355207,9.642266222,0.0963251,-0.11560051
224467,43.04725174,-89.44355207,9.642266222,-0.012871234,-0.12220323
224528,43.04725174,-89.44355207,9.642266222,-0.08868258,-0.061038148
224587,43.04725174,-89.44355207,9.642266222,-0.010659287,-0.088880934
224649,43.04725174,-89.44355207,9.642266222,-0.04296747,-0.14177926
224712,43.04725174,-89.44355207,9.642266222,-0.058310185,-0.07390866
224770,43.04725174,-89.44355207,9.642266222,-0.040678144,-0.12800302
224827,43.04725174,-89.44355207,9.642266222,-0.15798767,-0.099694304
224882,43.04725174,-89.44355207,9.642266222,-0.07128049,-0.12153381
224946,43.04725174,-89.44355207,9.642266222,-0.016798265,-0.11663109
225003,43.04725174,-89.44355207,9.642266222,-0.041700922,-0.14596175
225066,43.04725174,-89.44355207,9.642266222,0.060561568,-0.16494803
225128,43.04725174,-89.44355207,9.642266222,0.00740837,-0.10151005
225191,43.04725174,-89.44355207,9.642266222,0.003017374,-0.0713716
225247,43.04725174,-89.44355207,9.642266222,-0.022571076,-0.16394967
225305,43.04721304,-89.44343966,9.737140816,-0.017786462,-0.11153533
225361,43.04721304,-89.44343966,9.737140816,-0.037281327,-0.08265029
225423,43.04721304,-89.44343966,9.737140816,0.023345297,-0.13160954
225482,43.04721304,-89.44343966,9.737140816,0.03782016,-0.07078419
225539,43.04721304,-89.44343966,9.737140816,-0.064919636,-0.10903929
225597,43.04721304,-89.44343966,9.737140816,-0.05663187,-0.10932515
225659,43.04721304,-89.44343966,9.737140816,-0.003863113,-0.12753613
225722,43.04721304,-89.44343966,9.737140816,-0.03653806,-0.16512743
225782,43.04721304,-89.44343966,9.737140816,-0.023968166,-0.1226583
225842,43.04721304,-89.44343966,9.737140816,0.006610342,-0.17532483
225903,43.04721304,-89.44343966,9.737140816,-0.033264704,-0.23066986
225963,43.04721304,-89.44343966,9.737140816,0.025801973,-0.14760163
226023,43.04721304,-89.44343966,9.737140816,0.015321857,-0.1982455
226081,43.04721304,-89.44343966,9.737140816,-0.008911515,-0.090860724
226140,43.04721304,-89.44343966,9.737140816,-4.47E-05,-0.13055708
226202,43.04721304,-89.44343966,9.737140816,-0.03683926,-0.11805105
226265,43.04717528,-89.44333659,9.470092869,0.021390205,-0.2109806
226321,43.04717528,-89.44333659,9.470092869,0.020849248,-0.16448772
226379,43.04717528,-89.44333659,9.470092869,-0.032136496,-0.17890534
226438,43.04717528,-89.44333659,9.470092869,-0.036155805,-0.14425284
226501,43.04717528,-89.44333659,9.470092869,-0.032809217,-0.17158242
226563,43.04717528,-89.44333659,9.470092869,0.034495972,-0.14625567
226620,43.04717528,-89.44333659,9.470092869,-0.04402908,-0.2012707
226677,43.04717528,-89.44333659,9.470092869,-0.045839943,-0.1999072
226734,43.04717528,-89.44333659,9.470092869,-0.14073883,-0.19277394
226793,43.04717528,-89.44333659,9.470092869,-0.097373664,-0.26711842
226860,43.04717528,-89.44333659,9.470092869,-0.07834245,-0.17978662
226923,43.04717528,-89.44333659,9.470092869,-0.04386254,-0.20210244
226979,43.04717528,-89.44333659,9.470092869,0.034571625,-0.18349205
227038,43.04717528,-89.44333659,9.470092869,-0.037967633,-0.11578148
227096,43.04717528,-89.44333659,9.470092869,-0.13814725,-0.24334933
227154,43.04717528,-89.44333659,9.470092869,-0.1812355,-0.19869342
227214,43.04717528,-89.44333659,9.470092869,-0.088118546,-0.2072766
227272,43.04714144,-89.44324582,8.741459141,-0.042864706,-0.19259997
227329,43.04714144,-89.44324582,8.741459141,0.07127358,-0.19718617
227396,43.04714144,-89.44324582,8.741459141,-0.005977331,-0.21906008
227457,43.04714144,-89.44324582,8.741459141,-0.030918483,-0.19351767
227515,43.04714144,-89.44324582,8.741459141,-0.02671322,-0.23353003
227574,43.04714144,-89.44324582,8.741459141,0.031903893,-0.24670425
227638,43.04714144,-89.44324582,8.741459141,0.021054879,-0.27396372
227695,43.04714144,-89.44324582,8.741459141,-0.085237764,-0.29928148
227753,43.04714144,-89.44324582,8.741459141,-0.09016551,-0.19793814
227811,43.04714144,-89.44324582,8.741459141,-0.012590474,-0.20756775
227867,43.04714144,-89.44324582,8.741459141,-0.039484695,-0.19467603
227925,43.04714144,-89.44324582,8.741459141,0.019565301,-0.2228916
227985,43.04714144,-89.44324582,8.741459141,0.005249793,-0.21882054
228043,43.04714144,-89.44324582,8.741459141,-0.119389184,-0.30246097
228105,43.04714144,-89.44324582,8.741459141,-0.08207627,-0.24450676
228166,43.04714144,-89.44324582,8.741459141,-0.112301506,-0.23597185
228223,43.04714144,-89.44324582,8.741459141,-0.033618253,-0.18517998
228287,43.04711779,-89.44317246,7.482294422,-0.026532097,-0.1988625
228344,43.04711779,-89.44317246,7.482294422,0.0334057,-0.22990748
228406,43.04711779,-89.44317246,7.482294422,-0.012776832,-0.19047327
228474,43.04711779,-89.44317246,7.482294422,-0.040007237,-0.16512375
228530,43.04711779,-89.44317246,7.482294422,-0.001157129,-0.15774822
228588,43.04711779,-89.44317246,7.482294422,0.021365674,-0.13948302
228645,43.04711779,-89.44317246,7.482294422,-0.08725369,-0.0872995
228702,43.04711779,-89.44317246,7.482294422,-0.086742155,0.030737942
228763,43.04711779,-89.44317246,7.482294422,-0.08634236,0.053854853
228825,43.04711779,-89.44317246,7.482294422,0.019459724,0.09842936
228886,43.04711779,-89.44317246,7.482294422,0.004790289,0.11505359
228949,43.04711779,-89.44317246,7.482294422,0.1319151,0.04449427
229009,43.04711779,-89.44317246,7.482294422,0.04017307,-0.0019261
229067,43.04711779,-89.44317246,7.482294422,-0.021871435,0.04322795
229127,43.04711779,-89.44317246,7.482294422,0.006928336,0.0654398
229188,43.04711779,-89.44317246,7.482294422,-0.065033816,0.026621075
229248,43.04711779,-89.44317246,7.482294422,0.049826935,0.020826036
229307,43.04709876,-89.44312058,6.316609777,0.1516946,0.06812485
229366,43.04709876,-89.44312058,6.316609777,0.11340571,0.08233087
229426,43.04709876,-89.44312058,6.316609777,0.17441095,0.044169202
229485,43.04709876,-89.44312058,6.316609777,-0.004275298,0.021739645
229548,43.04709876,-89.44312058,6.316609777,-0.011978541,0.025048923
229613,43.04709876,-89.44312058,6.316609777,0.060615566,0.04069809
229673,43.04709876,-89.44312058,6.316609777,-0.00116187,0.01050468
229736,43.04709876,-89.44312058,6.316609777,0.011162891,-0.021280114
229802,43.04709876,-89.44312058,6.316609777,0.101138294,0.041883398
229858,43.04709876,-89.44312058,6.316609777,0.21521622,0.1044863
229915,43.04709876,-89.44312058,6.316609777,0.2176238,0.025935136
229975,43.04709876,-89.44312058,6.316609777,0.24306205,0.12123843
230038,43.04709876,-89.44312058,6.316609777,0.2362332,0.15193038
230100,43.04709876,-89.44312058,6.316609777,0.045324877,0.14490874
230162,43.04709876,-89.44312058,6.316609777,0.03601701,0.15192027
230222,43.04709876,-89.44312058,6.316609777,-0.042432293,0.029607765
230282,43.04707621,-89.44307322,5.757413338,-0.002462922,0.056784734
230341,43.04707621,-89.44307322,5.757413338,0.063455954,0.0719988
230398,43.04707621,-89.44307322,5.757413338,0.03382954,0.072952494
230459,43.04707621,-89.44307322,5.757413338,0.11707114,0.06439683
230517,43.04707621,-89.44307322,5.757413338,0.085350685,0.07142143
230577,43.04707621,-89.44307322,5.757413338,0.05654733,0.119841166
230636,43.04707621,-89.44307322,5.757413338,0.18028218,0.11297159
230696,43.04707621,-89.44307322,5.757413338,0.18619211,0.045988973
230757,43.04707621,-89.44307322,5.757413338,0.060855396,0.01910672
230817,43.04707621,-89.44307322,5.757413338,0.19271225,0.0697149
230878,43.04707621,-89.44307322,5.757413338,0.091569275,0.08160042
230936,43.04707621,-89.44307322,5.757413338,0.16921702,0.15840381
230995,43.04707621,-89.44307322,5.757413338,0.20104684,0.051530764
231051,43.04707621,-89.44307322,5.757413338,0.15924828,0.043125875
231115,43.04707621,-89.44307322,5.757413338,0.016860064,0.06971625
231170,43.04707621,-89.44307322,5.757413338,0.23877718,-0.013930583
231226,43.04707621,-89.44307322,5.757413338,0.258435,0.040374238
231283,43.04704053,-89.44302563,5.827351445,0.21555822,-0.013970884
231339,43.04704053,-89.44302563,5.827351445,0.14988385,0.055843633
231397,43.04704053,-89.44302563,5.827351445,0.14058547,0.013503768
231458,43.04704053,-89.44302563,5.827351445,0.13285004,0.050806724
231516,43.04704053,-89.44302563,5.827351445,0.18276587,0.004473966
231579,43.04704053,-89.44302563,5.827351445,0.10056628,0.08389749
231638,43.04704053,-89.44302563,5.827351445,0.1508246,-0.0385409
231696,43.04704053,-89.44302563,5.827351445,0.31697044,0.029878445
231751,43.04704053,-89.44302563,5.827351445,0.18822862,0.053545985
231809,43.04704053,-89.44302563,5.827351445,0.04172685,0.01580924
231868,43.04704053,-89.44302563,5.827351445,0.15291645,-0.02499101
231927,43.04704053,-89.44302563,5.827351445,0.022891121,-0.023923341
231987,43.04704053,-89.44302563,5.827351445,0.14837016,-0.10831995
232046,43.04704053,-89.44302563,5.827351445,0.21995357,-0.050684802
232106,43.04704053,-89.44302563,5.827351445,0.1945851,-0.09907505
232167,43.04704053,-89.44302563,5.827351445,0.09739465,-0.1558886
232225,43.04704053,-89.44302563,5.827351445,0.11206114,0.08958065
232289,43.04699161,-89.44299137,6.102176973,0.17418842,-0.011801606
232347,43.04699161,-89.44299137,6.102176973,0.07825325,0.013586608
232406,43.04699161,-89.44299137,6.102176973,0.14837274,-0.009856132
232465,43.04699161,-89.44299137,6.102176973,0.08463097,-0.06524678
232522,43.04699161,-89.44299137,6.102176973,0.03750977,0.022361849
232586,43.04699161,-89.44299137,6.102176973,0.018668573,0.06385627
232644,43.04699161,-89.44299137,6.102176973,-0.00333796,0.036551762
232706,43.04699161,-89.44299137,6.102176973,-0.005907832,-0.093077585
232765,43.04699161,-89.44299137,6.102176973,0.040284563,0.021455271
232826,43.04699161,-89.44299137,6.102176973,0.025643019,0.025062028
232883,43.04699161,-89.44299137,6.102176973,0.08742061,0.004277417
232942,43.04699161,-89.44299137,6.102176973,0.054260336,-0.06536683
233000,43.04699161,-89.44299137,6.102176973,0.12931667,0.016763087
233062,43.04699161,-89.44299137,6.102176973,0.019994654,-0.06821039
233125,43.04699161,-89.44299137,6.102176973,0.04594655,0.013058757
233190,43.04699161,-89.44299137,6.102176973,-0.09508367,0.005475639
233250,43.04699161,-89.44299137,6.102176973,0.1044165,0.04852897
233318,43.04693283,-89.44297461,6.480221742,0.06506466,-0.001343461
233377,43.04693283,-89.44297461,6.480221742,0.16755664,-0.03356446
233439,43.04693283,-89.44297461,6.480221742,0.049929522,-0.055481747
233504,43.04693283,-89.44297461,6.480221742,0.018480081,-0.06482013
233565,43.04693283,-89.44297461,6.480221742,-0.023627175,-0.13750862
233627,43.04693283,-89.44297461,6.480221742,0.110206544,0.015467448
233686,43.04693283,-89.44297461,6.480221742,-0.025907384,0.014839166
233745,43.04693283,-89.44297461,6.480221742,0.17651981,-0.13417533
233806,43.04693283,-89.44297461,6.480221742,0.07785173,0.013804995
233868,43.04693283,-89.44297461,6.480221742,0.0773838,-0.09210132
233933,43.04693283,-89.44297461,6.480221742,0.019552156,-0.049546964
233994,43.04693283,-89.44297461,6.480221742,-0.001801451,-0.009639852
234051,43.04693283,-89.44297461,6.480221742,0.058636997,0.007520225
234123,43.04693283,-89.44297461,6.480221742,0.051976558,-0.06869923
234188,43.04693283,-89.44297461,6.480221742,-0.021301419,0.014828646
234251,43.04693283,-89.44297461,6.480221742,0.044870105,-0.07990923
234311,43.0468708,-89.44297414,6.757797809,0.0631533,-0.024308635
234370,43.0468708,-89.44297414,6.757797809,0.029041417,0.041652597
234429,43.0468708,-89.44297414,6.757797809,0.028833428,0.06611773
234486,43.0468708,-89.44297414,6.757797809,0.06903287,0.010838077
234546,43.0468708,-89.44297414,6.757797809,0.018676711,-0.002784841
234604,43.0468708,-89.44297414,6.757797809,0.09176001,0.04454073
234663,43.0468708,-89.44297414,6.757797809,-0.014686429,-0.012345015
234726,43.0468708,-89.44297414,6.757797809,0.042720854,-0.040654864
234791,43.0468708,-89.44297414,6.757797809,0.07424708,-0.012817041
234850,43.0468708,-89.44297414,6.757797809,0.033235054,0.002824204
234912,43.0468708,-89.44297414,6.757797809,-0.013638217,-0.021239886
234972,43.0468708,-89.44297414,6.757797809,-0.030505894,0.025389196
235037,43.0468708,-89.44297414,6.757797809,-0.002615176,-0.032680072
235101,43.0468708,-89.44297414,6.757797809,0.09239524,-0.006525568
235160,43.0468708,-89.44297414,6.757797809,0.0433257,0.02270288
235221,43.0468708,-89.44297414,6.757797809,0.13473971,0.005517541
235281,43.04680811,-89.44299128,7.15714813,-0.067641385,0.006919988
235339,43.04680811,-89.44299128,7.15714813,0.057773255,-0.023193087
235396,43.04680811,-89.44299128,7.15714813,0.057953056,0.026641242
235454,43.04680811,-89.44299128,7.15714813,0.107445695,-0.010388122
235511,43.04680811,-89.44299128,7.15714813,0.019489314,-0.00528902
235571,43.04680811,-89.44299128,7.15714813,0.14490674,-0.004674024
235628,43.04680811,-89.44299128,7.15714813,-0.022243762,-0.04634082
235686,43.04680811,-89.44299128,7.15714813,0.05517761,-0.012330531
235752,43.04680811,-89.44299128,7.15714813,0.093161345,-0.033440806
235815,43.04680811,-89.44299128,7.15714813,0.0836217,-0.039527245
235876,43.04680811,-89.44299128,7.15714813,0.07086672,0.07440699
235935,43.04680811,-89.44299128,7.15714813,0.035052687,-0.065506175
235994,43.04680811,-89.44299128,7.15714813,0.07892876,0.022869796
236056,43.04680811,-89.44299128,7.15714813,0.14076948,-0.015595012
236114,43.04680811,-89.44299128,7.15714813,0.08035746,-9.03E-05
236177,43.04680811,-89.44299128,7.15714813,0.12888457,-0.062770575
236235,43.04680811,-89.44299128,7.15714813,0.001898942,-0.021262255
236294,43.04673966,-89.44302568,7.682563261,0.024011232,-0.057922825
236462,43.04673966,-89.44302568,7.682563261,0.11111116,0.013220399
236520,43.04673966,-89.44302568,7.682563261,0.11236024,-0.050385054
236580,43.04673966,-89.44302568,7.682563261,0.12535186,0.017372739
236637,43.04673966,-89.44302568,7.682563261,0.06773949,-0.007900822
236698,43.04673966,-89.44302568,7.682563261,0.0879784,-0.08735305
236754,43.04673966,-89.44302568,7.682563261,0.13674043,0.001192338
236813,43.04673966,-89.44302568,7.682563261,0.11195315,-0.016308585
236879,43.04673966,-89.44302568,7.682563261,0.11963213,-0.039752193
236938,43.04673966,-89.44302568,7.682563261,0.10332419,0.004183375
236999,43.04673966,-89.44302568,7.682563261,0.108716674,-0.06704351
237066,43.04673966,-89.44302568,7.682563261,0.14818859,0.003001774
237126,43.04673966,-89.44302568,7.682563261,0.08603476,-0.025157366
237190,43.04673966,-89.44302568,7.682563261,0.05552616,-0.058844384
237247,43.04673966,-89.44302568,7.682563261,0.16321327,0.07063021
237307,43.04666879,-89.44307735,8.244633935,0.07985598,0.06671964
237364,43.04666879,-89.44307735,8.244633935,0.005881931,-0.028068827
237422,43.04666879,-89.44307735,8.244633935,0.06506579,-0.054948136
237484,43.04666879,-89.44307735,8.244633935,0.10530153,-0.055139758
237545,43.04666879,-89.44307735,8.244633935,0.06199275,-0.035460025
237604,43.04666879,-89.44307735,8.244633935,-0.06663036,0.025177445
237664,43.04666879,-89.44307735,8.244633935,0.03306907,-0.027061207
237726,43.04666879,-89.44307735,8.244633935,0.040882107,-0.0999447
237786,43.04666879,-89.44307735,8.244633935,0.07244759,-0.05201545
237856,43.04666879,-89.44307735,8.244633935,0.11235812,-0.005257589
237917,43.04666879,-89.44307735,8.244633935,0.048206706,-0.033938903
237978,43.04666879,-89.44307735,8.244633935,-0.016442144,-0.09650275
238041,43.04666879,-89.44307735,8.244633935,0.018304886,-0.021522729
238103,43.04666879,-89.44307735,8.244633935,0.034613468,-0.07886992
238163,43.04666879,-89.44307735,8.244633935,0.089150146,-0.048483364
238223,43.04666879,-89.44307735,8.244633935,0.07312444,-0.028555134
238286,43.04660165,-89.44314566,8.821501125,0.037008464,0.002907568
238343,43.04660165,-89.44314566,8.821501125,-0.031588517,-0.09503908
238404,43.04660165,-89.44314566,8.821501125,-0.057996873,-0.09225237
238466,43.04660165,-89.44314566,8.821501125,0.068788044,-0.050782807
238527,43.04660165,-89.44314566,8.821501125,0.0066562,-0.032033782
238586,43.04660165,-89.44314566,8.821501125,-0.015482692,-0.04353702
238643,43.04660165,-89.44314566,8.821501125,-0.08523641,-0.039179627
238706,43.04660165,-89.44314566,8.821501125,-0.038904935,-0.08010992
238767,43.04660165,-89.44314566,8.821501125,-0.04628408,-0.037197508
238825,43.04660165,-89.44314566,8.821501125,-0.044530477,-0.04887868
238884,43.04660165,-89.44314566,8.821501125,-0.021510154,-0.04114494
238941,43.04660165,-89.44314566,8.821501125,0.014180552,-0.0795332
239003,43.04660165,-89.44314566,8.821501125,-0.029851262,-0.036614295
239064,43.04660165,-89.44314566,8.821501125,-0.027875265,-0.09906604
239128,43.04660165,-89.44314566,8.821501125,-0.053285778,-0.043511033
239188,43.04660165,-89.44314566,8.821501125,-0.05409615,-0.015755236
239245,43.04660165,-89.44314566,8.821501125,-0.07643909,-0.053610798
239303,43.04653993,-89.44322937,9.35410673,-0.057077937,-0.0387262
239360,43.04653993,-89.44322937,9.35410673,-0.023637895,-0.015419461
239421,43.04653993,-89.44322937,9.35410673,-0.042494025,-0.053102918
239481,43.04653993,-89.44322937,9.35410673,-0.018120423,-0.060157478
239543,43.04653993,-89.44322937,9.35410673,0.001624323,-0.046920456
239606,43.04653993,-89.44322937,9.35410673,-0.007088567,-0.078478165
239666,43.04653993,-89.44322937,9.35410673,-0.02637514,-0.07943474
239728,43.04653993,-89.44322937,9.35410673,-0.014160705,-0.07730044
239787,43.04653993,-89.44322937,9.35410673,-0.095731646,-0.06421301
239845,43.04653993,-89.44322937,9.35410673,-0.10400384,-0.06043312
239905,43.04653993,-89.44322937,9.35410673,0.04089348,-0.11396765
239965,43.04653993,-89.44322937,9.35410673,-0.033350203,-0.09116145
240026,43.04653993,-89.44322937,9.35410673,0.00158016,-0.102989465
240084,43.04653993,-89.44322937,9.35410673,0.02450643,-0.10736204
240142,43.04653993,-89.44322937,9.35410673,0.042962126,-0.06281249
240201,43.04653993,-89.44322937,9.35410673,0.03679707,-0.086451106
240259,43.04647721,-89.44331721,9.773140994,-0.019268192,-0.0579318
240316,43.04647721,-89.44331721,9.773140994,-0.059042912,-0.044476047
240378,43.04647721,-89.44331721,9.773140994,-0.04030281,-0.054805644
240439,43.04647721,-89.44331721,9.773140994,-0.023521159,-0.12082315
240501,43.04647721,-89.44331721,9.773140994,-0.018152267,-0.13254882
240563,43.04647721,-89.44331721,9.773140994,-0.02811209,-0.16717236
240619,43.04647721,-89.44331721,9.773140994,0.078053236,-0.14851993
240679,43.04647721,-89.44331721,9.773140994,-0.03206617,-0.089485005
240745,43.04647721,-89.44331721,9.773140994,0.011761801,-0.05301694
240804,43.04647721,-89.44331721,9.773140994,0.01326884,-0.0789001
240861,43.04647721,-89.44331721,9.773140994,-0.083888344,-0.05590215
240917,43.04647721,-89.44331721,9.773140994,-0.003863258,-0.038844373
240980,43.04647721,-89.44331721,9.773140994,-0.08768882,-0.03894688
241043,43.04647721,-89.44331721,9.773140994,-0.10239736,-0.14682962
241101,43.04647721,-89.44331721,9.773140994,-0.08590841,-0.07711434
241161,43.04647721,-89.44331721,9.773140994,-0.033142697,-0.06809473
241216,43.04647721,-89.44331721,9.773140994,0.13834684,-0.055900495
241271,43.04641455,-89.44340372,9.965846114,0.03975468,0.00815627
241326,43.04641455,-89.44340372,9.965846114,-0.14369795,0.016496763
241389,43.04641455,-89.44340372,9.965846114,-0.14689207,-0.10156849
241450,43.04641455,-89.44340372,9.965846114,-0.09350155,-0.096436195
241511,43.04641455,-89.44340372,9.965846114,-0.09459265,-0.12471207
241572,43.04641455,-89.44340372,9.965846114,-0.07368348,-0.13968708
241631,43.04641455,-89.44340372,9.965846114,0.23635174,-0.09633351
241689,43.04641455,-89.44340372,9.965846114,-0.057075117,-0.11885532
241747,43.04641455,-89.44340372,9.965846114,0.15611206,0.005912385
241809,43.04641455,-89.44340372,9.965846114,-0.038898647,0.001636772
241879,43.04641455,-89.44340372,9.965846114,0.01604113,0.02608358
241941,43.04641455,-89.44340372,9.965846114,0.037372336,-0.044694528
241998,43.04641455,-89.44340372,9.965846114,-0.008307481,-0.07063934
242055,43.04641455,-89.44340372,9.965846114,0.03544988,0.03420269
242115,43.04641455,-89.44340372,9.965846114,-0.14695267,-0.03280893
242179,43.04641455,-89.44340372,9.965846114,-0.07919933,-0.050695013
242240,43.04641455,-89.44340372,9.965846114,-0.10190684,-0.031141067
242297,43.04635109,-89.44349358,10.07417815,-0.110713035,0.008472759
242353,43.04635109,-89.44349358,10.07417815,0.0688494,-0.18179506
242413,43.04635109,-89.44349358,10.07417815,0.052431908,-0.05870112
242478,43.04635109,-89.44349358,10.07417815,-0.002638295,-4.40E-05
242536,43.04635109,-89.44349358,10.07417815,1.03E-04,-0.061389405
242593,43.04635109,-89.44349358,10.07417815,-0.023469342,-0.031668905
242652,43.04635109,-89.44349358,10.07417815,-0.038131677,0.09270732
242714,43.04635109,-89.44349358,10.07417815,0.024848163,0.003909388
242775,43.04635109,-89.44349358,10.07417815,-0.013513748,0.02094714
242834,43.04635109,-89.44349358,10.07417815,-0.055144068,-0.015173699
242899,43.04635109,-89.44349358,10.07417815,0.055048887,-0.10071482
242960,43.04635109,-89.44349358,10.07417815,-0.006820582,-0.06395574
243021,43.04635109,-89.44349358,10.07417815,-0.09237109,-0.066624984
243086,43.04635109,-89.44349358,10.07417815,-0.052446086,-0.08238221
243147,43.04635109,-89.44349358,10.07417815,0.012861024,-0.046330485
243204,43.04635109,-89.44349358,10.07417815,-0.049314253,0.002856322
243262,43.04635109,-89.44349358,10.07417815,-0.18522182,-0.096561246
243320,43.04628822,-89.44358541,10.21492086,-0.17487693,-0.044606823
243377,43.04628822,-89.44358541,10.21492086,-0.08358225,0.034557346
243434,43.04628822,-89.44358541,10.21492086,-0.048583098,-0.03062117
243493,43.04628822,-89.44358541,10.21492086,-0.011156972,-0.096758835
243550,43.04628822,-89.44358541,10.21492086,-0.03639085,-0.064583465
243609,43.04628822,-89.44358541,10.21492086,-0.047658965,-0.020268235
243669,43.04628822,-89.44358541,10.21492086,-0.0749383,-0.0255114
243726,43.04628822,-89.44358541,10.21492086,-0.089459874,-0.022156201
243786,43.04628822,-89.44358541,10.21492086,-0.030711273,-0.007173358
243844,43.04628822,-89.44358541,10.21492086,-0.091965355,0.018266913
243904,43.04628822,-89.44358541,10.21492086,-0.15919448,-0.022477085
243965,43.04628822,-89.44358541,10.21492086,-0.09623232,-0.03946655
244029,43.04628822,-89.44358541,10.21492086,-0.012134865,-0.043202218
244089,43.04628822,-89.44358541,10.21492086,-0.13860914,-0.012589793
244146,43.04628822,-89.44358541,10.21492086,-0.0643184,0.025501821
244202,43.04628822,-89.44358541,10.21492086,-0.032848462,-0.026971875
244267,43.04622219,-89.44367974,10.49358112,-0.20703638,0.007187274
244325,43.04622219,-89.44367974,10.49358112,-0.027988277,-0.04326564
244384,43.04622219,-89.44367974,10.49358112,-0.119370095,0.020824166
244442,43.04622219,-89.44367974,10.49358112,0.007857561,-0.008873603
244503,43.04622219,-89.44367974,10.49358112,-0.1427062,0.015535285
244561,43.04622219,-89.44367974,10.49358112,0.026058001,-0.009669447
244621,43.04622219,-89.44367974,10.49358112,-0.06313352,-0.10934874
244682,43.04622219,-89.44367974,10.49358112,-0.09474786,-0.048320033
244745,43.04622219,-89.44367974,10.49358112,-0.028789822,-0.088311546
244802,43.04622219,-89.44367974,10.49358112,-0.050881386,-0.027921882
244861,43.04622219,-89.44367974,10.49358112,-0.1408525,0.059704706
244923,43.04622219,-89.44367974,10.49358112,-0.14053524,0.07183043
244987,43.04622219,-89.44367974,10.49358112,-0.096196525,0.015535654
245045,43.04622219,-89.44367974,10.49358112,-0.09501886,-0.017975233
245107,43.04622219,-89.44367974,10.49358112,-0.13528557,-0.03136472
245167,43.04622219,-89.44367974,10.49358112,-0.13354895,-0.028537545
245223,43.04622219,-89.44367974,10.49358112,-0.055557013,-0.01994592
245284,43.04615211,-89.44377702,10.88787459,-0.15530363,0.082450114
245341,43.04615211,-89.44377702,10.88787459,-0.087657504,0.022213608
245398,43.04615211,-89.44377702,10.88787459,-0.005170703,0.029728455
245456,43.04615211,-89.44377702,10.88787459,-0.02965029,0.015367184
245521,43.04615211,-89.44377702,10.88787459,-0.046261486,-0.00104733
245582,43.04615211,-89.44377702,10.88787459,-0.121642776,-0.016053401
245646,43.04615211,-89.44377702,10.88787459,-0.07972201,-0.00274602
245707,43.04615211,-89.44377702,10.88787459,-0.009928938,-0.007788036
245768,43.04615211,-89.44377702,10.88787459,-0.067418374,0.005776907
245826,43.04615211,-89.44377702,10.88787459,-0.11763691,-0.07865696
245884,43.04615211,-89.44377702,10.88787459,-0.05542949,0.050450142
245946,43.04615211,-89.44377702,10.88787459,-0.05290553,0.031248322
246006,43.04615211,-89.44377702,10.88787459,-0.022965131,-0.022732077
246064,43.04615211,-89.44377702,10.88787459,-0.09101956,0.10808875
246128,43.04615211,-89.44377702,10.88787459,-0.12342063,-0.10107304
246187,43.04615211,-89.44377702,10.88787459,-0.17244126,-0.020326948
246244,43.04615211,-89.44377702,10.88787459,0.025917163,-0.03389333
246309,43.04607484,-89.44387217,11.33732986,-0.09753073,-0.020101273
246366,43.04607484,-89.44387217,11.33732986,-0.12852001,0.088617265
246426,43.04607484,-89.44387217,11.33732986,-0.087786235,0.073331974
246489,43.04607484,-89.44387217,11.33732986,-0.066564806,0.113953635
246547,43.04607484,-89.44387217,11.33732986,-0.07618334,0.043316633
246608,43.04607484,-89.44387217,11.33732986,-0.043912996,0.011865897
246666,43.04607484,-89.44387217,11.33732986,-0.03490445,-0.022538634
246727,43.04607484,-89.44387217,11.33732986,0.05106464,0.026634134
246784,43.04607484,-89.44387217,11.33732986,-0.020859739,0.040648695
246846,43.04607484,-89.44387217,11.33732986,-0.035079118,0.052982323
246903,43.04607484,-89.44387217,11.33732986,-0.019755524,0.06047784
246967,43.04607484,-89.44387217,11.33732986,-0.044321578,-0.061246403
247033,43.04607484,-89.44387217,11.33732986,-0.02997556,-0.03357566
247090,43.04607484,-89.44387217,11.33732986,0.042096112,0.047395095
247149,43.04607484,-89.44387217,11.33732986,0.013375045,0.046809208
247210,43.04607484,-89.44387217,11.33732986,-0.16967124,0.009176581
247269,43.04598942,-89.44396707,11.93299942,0.004487029,-0.044980668
247326,43.04598942,-89.44396707,11.93299942,0.006165382,-0.09225565
247381,43.04598942,-89.44396707,11.93299942,0.037862822,-0.15816784
247437,43.04598942,-89.44396707,11.93299942,-0.033284366,-0.10695294
247496,43.04598942,-89.44396707,11.93299942,0.03123782,-0.11883602
247556,43.04598942,-89.44396707,11.93299942,-0.06791367,-0.13000654
247619,43.04598942,-89.44396707,11.93299942,-0.11389668,-0.090759374
247678,43.04598942,-89.44396707,11.93299942,-0.101961076,-0.105706215
247739,43.04598942,-89.44396707,11.93299942,-0.053704906,-0.11312494
247796,43.04598942,-89.44396707,11.93299942,-0.05304102,-0.07430854
247861,43.04598942,-89.44396707,11.93299942,-0.07276933,-0.0936289
247922,43.04598942,-89.44396707,11.93299942,-0.06835166,-0.10728977
247979,43.04598942,-89.44396707,11.93299942,-0.049140133,-0.09981272
248042,43.04598942,-89.44396707,11.93299942,-0.05186293,-0.12160297
248102,43.04598942,-89.44396707,11.93299942,-0.007688945,-0.119367644
248161,43.04598942,-89.44396707,11.93299942,-0.00992519,-0.11243028
248218,43.04598942,-89.44396707,11.93299942,-0.05629189,-0.069713764
248282,43.04590061,-89.44406126,12.14059837,-0.03594158,-0.10824843
248338,43.04590061,-89.44406126,12.14059837,-0.009903614,-0.09104898
248399,43.04590061,-89.44406126,12.14059837,-0.018613428,-0.086930335
248462,43.04590061,-89.44406126,12.14059837,-0.031847086,-0.07443675
248521,43.04590061,-89.44406126,12.14059837,0.025891112,-0.05354102
248581,43.04590061,-89.44406126,12.14059837,0.04031207,-0.002540832
248643,43.04590061,-89.44406126,12.14059837,-0.032321904,-0.03619994
248704,43.04590061,-89.44406126,12.14059837,-0.08688407,-0.062566735
248761,43.04590061,-89.44406126,12.14059837,-0.015056034,-0.017507171
248819,43.04590061,-89.44406126,12.14059837,0.07203983,0.04090641
248883,43.04590061,-89.44406126,12.14059837,-0.008750377,0.005590378
248945,43.04590061,-89.44406126,12.14059837,-0.041554153,-0.023630086
249006,43.04590061,-89.44406126,12.14059837,-0.11681933,-0.033029158
249068,43.04590061,-89.44406126,12.14059837,-0.05792396,-0.026444133
249128,43.04590061,-89.44406126,12.14059837,0.06699264,-0.023290822
249188,43.04590061,-89.44406126,12.14059837,-0.0644851,-0.03472433
249244,43.04590061,-89.44406126,12.14059837,-0.0999102,0.009455466
249303,43.045815,-89.44414626,12.17018666,0.07036384,0.036759917
249360,43.045815,-89.44414626,12.17018666,0.003030816,-0.02481633
249417,43.045815,-89.44414626,12.17018666,0.081553586,0.05991371
249474,43.045815,-89.44414626,12.17018666,0.06147403,0.01727203
249532,43.045815,-89.44414626,12.17018666,0.040385958,-0.014271176
249591,43.045815,-89.44414626,12.17018666,0.020437945,-0.007386982
249648,43.045815,-89.44414626,12.17018666,0.07136128,0.025330829
249706,43.045815,-89.44414626,12.17018666,0.029650554,-0.003703322
249767,43.045815,-89.44414626,12.17018666,0.016058918,-0.006689921
249828,43.045815,-89.44414626,12.17018666,0.03889907,-0.088853255
249887,43.045815,-89.44414626,12.17018666,0.013838754,0.035196338
249946,43.045815,-89.44414626,12.17018666,0.010739236,-0.012063605
250010,43.045815,-89.44414626,12.17018666,0.015646763,-0.046105683
250069,43.045815,-89.44414626,12.17018666,-0.028324928,0.004885784
250132,43.045815,-89.44414626,12.17018666,0.014609179,0.03808841
250197,43.045815,-89.44414626,12.17018666,-0.0830639,-0.0228714
250252,43.04572459,-89.44423168,12.26387957,0.007751816,0.020135146
250309,43.04572459,-89.44423168,12.26387957,-0.0409396,-0.021097213
250367,43.04572459,-89.44423168,12.26387957,0.005270232,4.20E-04
250425,43.04572459,-89.44423168,12.26387957,-0.04158534,0.014410504
250480,43.04572459,-89.44423168,12.26387957,-0.056793053,-0.022220522
250535,43.04572459,-89.44423168,12.26387957,-0.04105988,-0.020915965
250594,43.04572459,-89.44423168,12.26387957,-0.028281052,-0.0203726
250655,43.04572459,-89.44423168,12.26387957,-0.081927665,-0.001122862
250714,43.04572459,-89.44423168,12.26387957,0.036714196,0.016826978
250772,43.04572459,-89.44423168,12.26387957,0.10625925,0.006196864
250829,43.04572459,-89.44423168,12.26387957,0.004998556,-0.001438722
250888,43.04572459,-89.44423168,12.26387957,-0.09683924,-0.013064185
250945,43.04572459,-89.44423168,12.26387957,0.011113112,-2.42E-04
251005,43.04572459,-89.44423168,12.26387957,-0.050039954,-0.029689044
251065,43.04572459,-89.44423168,12.26387957,0.004440477,-0.05656605
251122,43.04572459,-89.44423168,12.26387957,-0.077298984,-0.08675292
251193,43.04572459,-89.44423168,12.26387957,-0.033764746,-0.017479
251255,43.04572459,-89.44423168,12.26387957,-0.078476995,-0.043882255
251316,43.04563225,-89.44432086,12.43298251,0.02248614,-7.42E-04
251375,43.04563225,-89.44432086,12.43298251,-0.08283079,-0.026914202
251434,43.04563225,-89.44432086,12.43298251,-0.00554824,-0.066834055
251491,43.04563225,-89.44432086,12.43298251,0.0087726,-0.090987936
251547,43.04563225,-89.44432086,12.43298251,-0.039820157,-0.0986424
251604,43.04563225,-89.44432086,12.43298251,-0.14802183,0.012716498
251662,43.04563225,-89.44432086,12.43298251,-0.09759745,-0.006697679
251724,43.04563225,-89.44432086,12.43298251,-0.07074909,-0.037216987
251783,43.04563225,-89.44432086,12.43298251,0.073440954,-0.049591098
251842,43.04563225,-89.44432086,12.43298251,0.031738386,-0.0865693
251903,43.04563225,-89.44432086,12.43298251,-0.022578957,-0.11494499
251969,43.04563225,-89.44432086,12.43298251,0.009461598,-0.09871812
252028,43.04563225,-89.44432086,12.43298251,0.028663322,-0.05182101
252084,43.04563225,-89.44432086,12.43298251,0.024020068,-0.09854758
252145,43.04563225,-89.44432086,12.43298251,0.008273508,-0.107205786
252205,43.04563225,-89.44432086,12.43298251,-0.040919077,-0.064078845
252262,43.0455358,-89.44440818,12.50931343,0.002913231,-0.07078039
252318,43.0455358,-89.44440818,12.50931343,0.04483059,-0.034189034
252377,43.0455358,-89.44440818,12.50931343,0.023336846,-0.07940119
252433,43.0455358,-89.44440818,12.50931343,0.003680463,-0.0842843
252492,43.0455358,-89.44440818,12.50931343,-0.059815913,-0.017775914
252551,43.0455358,-89.44440818,12.50931343,0.007835298,-0.07118942
252610,43.0455358,-89.44440818,12.50931343,-0.032165557,-0.10598463
252673,43.0455358,-89.44440818,12.50931343,-0.021599602,-0.07778525
252732,43.0455358,-89.44440818,12.50931343,-0.04351182,-0.054338176
252793,43.0455358,-89.44440818,12.50931343,-0.06705503,-0.048456073
252858,43.0455358,-89.44440818,12.50931343,-0.01423736,-0.08455192
252917,43.0455358,-89.44440818,12.50931343,-0.05591061,-0.08307803
252978,43.0455358,-89.44440818,12.50931343,-0.012499667,-0.07746156
253043,43.0455358,-89.44440818,12.50931343,-0.08348372,-0.050673045
253109,43.0455358,-89.44440818,12.50931343,0.016009424,-0.0825453
253167,43.0455358,-89.44440818,12.50931343,0.025948474,-0.062379077
253222,43.0455358,-89.44440818,12.50931343,0.029228719,-0.10562596
253283,43.04544157,-89.44448818,12.3453105,-0.031351708,-0.09314585
253338,43.04544157,-89.44448818,12.3453105,0.008587549,-0.047154978
253393,43.04544157,-89.44448818,12.3453105,0.017367918,-0.02881243
253452,43.04544157,-89.44448818,12.3453105,0.018429223,-0.086134784
253514,43.04544157,-89.44448818,12.3453105,-0.042639725,-0.04516168
253573,43.04544157,-89.44448818,12.3453105,0.005196033,-0.047147337
253634,43.04544157,-89.44448818,12.3453105,0.013554663,-0.04371659
253697,43.04544157,-89.44448818,12.3453105,0.022079661,-0.005922679
253754,43.04544157,-89.44448818,12.3453105,-0.07120307,-0.088253655
253815,43.04544157,-89.44448818,12.3453105,-0.033692803,-0.06921867
253874,43.04544157,-89.44448818,12.3453105,-0.017394733,-0.062477432
253934,43.04544157,-89.44448818,12.3453105,-0.007499519,-0.06906893
253993,43.04544157,-89.44448818,12.3453105,0.004068804,-0.051727537
254058,43.04544157,-89.44448818,12.3453105,0.07183493,-0.04777198
254116,43.04544157,-89.44448818,12.3453105,0.03457167,-0.04723728
254175,43.04544157,-89.44448818,12.3453105,0.051228475,-0.07459784
254233,43.04544157,-89.44448818,12.3453105,0.005637713,-0.037688456
254296,43.04534929,-89.44456591,12.05788706,0.012250042,-0.055963125
254353,43.04534929,-89.44456591,12.05788706,0.043415148,-0.043274358
254410,43.04534929,-89.44456591,12.05788706,-0.022191418,-0.056078702
254469,43.04534929,-89.44456591,12.05788706,0.055142045,-0.046347428
254527,43.04534929,-89.44456591,12.05788706,0.015277471,0.018992178
254586,43.04534929,-89.44456591,12.05788706,-0.041801166,-0.10338445
254653,43.04534929,-89.44456591,12.05788706,0.05331819,-0.069765374
254712,43.04534929,-89.44456591,12.05788706,0.08246094,0.027405554
254770,43.04534929,-89.44456591,12.05788706,0.09673695,-0.015982987
254828,43.04534929,-89.44456591,12.05788706,0.027162077,-0.028871939
254886,43.04534929,-89.44456591,12.05788706,-0.05113014,-0.005260907
254946,43.04534929,-89.44456591,12.05788706,0.07223009,-0.044457864
255006,43.04534929,-89.44456591,12.05788706,-0.017279161,-0.019475466
255065,43.04534929,-89.44456591,12.05788706,0.013211511,-0.09645559
255122,43.04534929,-89.44456591,12.05788706,0.08389794,-0.07227912
255180,43.04534929,-89.44456591,12.05788706,0.06984112,-0.033697426
255237,43.04534929,-89.44456591,12.05788706,-0.013666331,-0.047233406
255295,43.0452601,-89.44463882,11.69966601,0.038699035,-0.006961739
255352,43.0452601,-89.44463882,11.69966601,0.02153547,-0.07385667
255410,43.0452601,-89.44463882,11.69966601,-0.006104875,-0.005524852
255469,43.0452601,-89.44463882,11.69966601,0.063091464,-0.029201156
255528,43.0452601,-89.44463882,11.69966601,0.03750437,-0.040339276
255585,43.0452601,-89.44463882,11.69966601,-0.059676565,-0.048162486
255647,43.0452601,-89.44463882,11.69966601,0.056015935,-0.02210365
255705,43.0452601,-89.44463882,11.69966601,0.04827958,-0.05780218
255762,43.0452601,-89.44463882,11.69966601,0.01846432,-0.05582914
255826,43.0452601,-89.44463882,11.69966601,0.04454116,-0.09511895
255887,43.0452601,-89.44463882,11.69966601,-0.06633081,-0.05033707
255944,43.0452601,-89.44463882,11.69966601,0.018214919,-0.02277636
256006,43.0452601,-89.44463882,11.69966601,0.053290386,-0.067044176
256069,43.0452601,-89.44463882,11.69966601,0.018839004,-0.048503764
256133,43.0452601,-89.44463882,11.69966601,-0.061542403,-0.060180817
256192,43.0452601,-89.44463882,11.69966601,0.037928786,0.011255333
256249,43.0452601,-89.44463882,11.69966601,0.005330155,-0.022080433
256310,43.04517769,-89.44470766,11.28094196,-0.08647245,-0.05574215
256369,43.04517769,-89.44470766,11.28094196,-0.026386606,-0.04308663
256429,43.04517769,-89.44470766,11.28094196,-0.054835737,-0.03896214
256491,43.04517769,-89.44470766,11.28094196,-0.032111336,-0.073212
256550,43.04517769,-89.44470766,11.28094196,-0.02127405,-0.07674955
256610,43.04517769,-89.44470766,11.28094196,-0.047989286,-0.054612722
256670,43.04517769,-89.44470766,11.28094196,0.028579514,-0.04132631
256728,43.04517769,-89.44470766,11.28094196,0.00929365,-0.031994157
256787,43.04517769,-89.44470766,11.28094196,-0.008454647,-0.02704019
256846,43.04517769,-89.44470766,11.28094196,0.08789626,-0.056674752
256903,43.04517769,-89.44470766,11.28094196,-0.005881556,-0.121446826
256962,43.04517769,-89.44470766,11.28094196,0.01172623,-0.066091456
257021,43.04517769,-89.44470766,11.28094196,0.017267626,-0.09247842
257083,43.04517769,-89.44470766,11.28094196,0.064360544,-0.03819315
257140,43.04517769,-89.44470766,11.28094196,0.09840508,-0.029835666
257198,43.04517769,-89.44470766,11.28094196,-0.053042557,-0.07981769
257259,43.04509929,-89.4447756,10.78892879,0.07746892,-0.10197765
257318,43.04509929,-89.4447756,10.78892879,0.018222919,-0.108820215
257379,43.04509929,-89.4447756,10.78892879,-0.052250218,-0.13510008
257439,43.04509929,-89.4447756,10.78892879,0.12482783,-0.079238005
257497,43.04509929,-89.4447756,10.78892879,-0.002010628,-0.0968427
257555,43.04509929,-89.4447756,10.78892879,0.035072356,-0.10547467
257614,43.04509929,-89.4447756,10.78892879,0.011642351,-0.112340525
257677,43.04509929,-89.4447756,10.78892879,0.00529886,-0.1606656
257735,43.04509929,-89.4447756,10.78892879,0.028876368,-0.1799342
257798,43.04509929,-89.4447756,10.78892879,0.033992775,-0.1385875
257858,43.04509929,-89.4447756,10.78892879,0.014646706,-0.15184236
257915,43.04509929,-89.4447756,10.78892879,0.04198308,-0.10928574
257975,43.04509929,-89.4447756,10.78892879,0.02026438,-0.16378655
258034,43.04509929,-89.4447756,10.78892879,0.059274726,-0.17900123
258095,43.04509929,-89.4447756,10.78892879,0.09614324,-0.10276949
258156,43.04509929,-89.4447756,10.78892879,-0.001393382,-0.12169774
258214,43.04509929,-89.4447756,10.78892879,0.083112285,-0.094439246
258273,43.04502687,-89.44483402,9.951728323,0.033036876,-0.1338692
258331,43.04502687,-89.44483402,9.951728323,0.07941084,-0.15693691
258393,43.04502687,-89.44483402,9.951728323,0.065142475,-0.12332406
258453,43.04502687,-89.44483402,9.951728323,0.030241504,-0.174663
258514,43.04502687,-89.44483402,9.951728323,0.057485063,-0.14168186
258574,43.04502687,-89.44483402,9.951728323,0.007749765,-0.14583384
258631,43.04502687,-89.44483402,9.951728323,0.08009029,-0.13793167
258687,43.04502687,-89.44483402,9.951728323,0.04392892,-0.14392665
258746,43.04502687,-89.44483402,9.951728323,0.09917187,-0.121715955
258804,43.04502687,-89.44483402,9.951728323,0.07515999,-0.116135225
258875,43.04502687,-89.44483402,9.951728323,0.044492666,-0.1553448
258939,43.04502687,-89.44483402,9.951728323,0.04287588,-0.13409846
258999,43.04502687,-89.44483402,9.951728323,0.06750148,-0.13343687
259061,43.04502687,-89.44483402,9.951728323,0.03258253,-0.09633252
259122,43.04502687,-89.44483402,9.951728323,0.08919734,-0.12656888
259185,43.04502687,-89.44483402,9.951728323,0.124327265,-0.12076463
259250,43.04502687,-89.44483402,9.951728323,0.01853494,-0.09230643
259309,43.04496641,-89.44488519,8.757543837,0.028424492,-0.2362406
259368,43.04496641,-89.44488519,8.757543837,0.12347068,-0.12754278
259425,43.04496641,-89.44488519,8.757543837,0.13321848,-0.026675394
259485,43.04496641,-89.44488519,8.757543837,0.06976512,-0.06349942
259548,43.04496641,-89.44488519,8.757543837,0.11731501,-0.092966825
259607,43.04496641,-89.44488519,8.757543837,0.1616636,-0.13272247
259671,43.04496641,-89.44488519,8.757543837,0.093755394,-0.16738889
259734,43.04496641,-89.44488519,8.757543837,0.13690995,-0.18248473
259799,43.04496641,-89.44488519,8.757543837,-0.12345303,-0.17211549
259860,43.04496641,-89.44488519,8.757543837,-0.10483519,-0.13861859
259918,43.04496641,-89.44488519,8.757543837,0.056822684,-0.11006089
259980,43.04496641,-89.44488519,8.757543837,0.021689774,-0.08498284
260039,43.04496641,-89.44488519,8.757543837,0.088291235,-0.0640788
260098,43.04496641,-89.44488519,8.757543837,0.1125029,-0.064667985
260157,43.04496641,-89.44488519,8.757543837,0.09606221,-0.061705813
260218,43.04496641,-89.44488519,8.757543837,0.19109057,0.001312837
260278,43.04492407,-89.44493047,7.342378017,0.18230191,-0.020674378
260332,43.04492407,-89.44493047,7.342378017,0.13685128,-0.08603916
260398,43.04492407,-89.44493047,7.342378017,0.09144983,-0.12784295
260454,43.04492407,-89.44493047,7.342378017,0.055515718,-0.10702515
260511,43.04492407,-89.44493047,7.342378017,0.011085817,-0.13822149
260567,43.04492407,-89.44493047,7.342378017,0.02996009,-0.19423564
260622,43.04492407,-89.44493047,7.342378017,0.070763424,-0.20109855
260678,43.04492407,-89.44493047,7.342378017,0.154995,-0.13520165
260732,43.04492407,-89.44493047,7.342378017,0.09210313,-0.17886318
260788,43.04492407,-89.44493047,7.342378017,0.045644317,-0.20113777
260846,43.04492407,-89.44493047,7.342378017,0.102679014,-0.13476673
260907,43.04492407,-89.44493047,7.342378017,0.060408607,-0.15466708
260967,43.04492407,-89.44493047,7.342378017,0.022559013,-0.10455565
261026,43.04492407,-89.44493047,7.342378017,-0.003095402,-0.024595847
261085,43.04492407,-89.44493047,7.342378017,0.020193566,0.011493322
261147,43.04492407,-89.44493047,7.342378017,0.059264123,-0.025694754
261210,43.04492407,-89.44493047,7.342378017,0.103585325,9.64E-04
261268,43.04489953,-89.44497279,5.801105521,0.08528019,-0.03268727
261324,43.04489953,-89.44497279,5.801105521,0.13276972,-0.028576175
261382,43.04489953,-89.44497279,5.801105521,0.038651884,-0.0238618
261442,43.04489953,-89.44497279,5.801105521,0.040297113,-0.045574818
261507,43.04489953,-89.44497279,5.801105521,0.027057864,-0.023291001
261563,43.04489953,-89.44497279,5.801105521,0.010881458,-0.026128443
261625,43.04489953,-89.44497279,5.801105521,-0.022824476,0.02599168
261684,43.04489953,-89.44497279,5.801105521,-0.02303461,0.06447294
261743,43.04489953,-89.44497279,5.801105521,0.001233358,0.007428172
261803,43.04489953,-89.44497279,5.801105521,-0.018790346,-0.02492372
261860,43.04489953,-89.44497279,5.801105521,0.017961232,0.022720085
261925,43.04489953,-89.44497279,5.801105521,0.034052167,0.01988821
261982,43.04489953,-89.44497279,5.801105521,0.037177447,0.062038444
262039,43.04489953,-89.44497279,5.801105521,-0.01894439,0.09563667
262101,43.04489953,-89.44497279,5.801105521,0.03173947,0.08984662
262168,43.04489953,-89.44497279,5.801105521,-0.012230307,0.10255237
262225,43.04489953,-89.44497279,5.801105521,-0.023449233,0.031487137
262283,43.04488977,-89.44501071,4.69751264,0.08087553,0.21654047
262343,43.04488977,-89.44501071,4.69751264,-0.018829847,-0.02281638
262401,43.04488977,-89.44501071,4.69751264,-0.049174167,-0.087745935
262462,43.04488977,-89.44501071,4.69751264,0.07246614,0.24692406
262526,43.04488977,-89.44501071,4.69751264,-0.015684508,0.022325912
262585,43.04488977,-89.44501071,4.69751264,0.032351702,0.13244618
262644,43.04488977,-89.44501071,4.69751264,0.027224118,0.12660046
262705,43.04488977,-89.44501071,4.69751264,0.013152247,0.09010856
262763,43.04488977,-89.44501071,4.69751264,0.060696084,0.09910931
262824,43.04488977,-89.44501071,4.69751264,0.040133663,0.1424938
262881,43.04488977,-89.44501071,4.69751264,0.11121847,0.09627975
262939,43.04488977,-89.44501071,4.69751264,0.0760562,0.019414188
262998,43.04488977,-89.44501071,4.69751264,0.059384275,0.07223526
263058,43.04488977,-89.44501071,4.69751264,-0.018866127,0.17004801
263116,43.04488977,-89.44501071,4.69751264,0.08434609,0.109988295
263172,43.04488977,-89.44501071,4.69751264,0.058271207,0.08179946
263230,43.04488977,-89.44501071,4.69751264,0.03631649,0.22417457
263289,43.04488789,-89.44504978,4.293912896,0.0983428,0.08187825
263347,43.04488789,-89.44504978,4.293912896,0.06097196,0.082402624
263407,43.04488789,-89.44504978,4.293912896,0.00146089,0.053901576
263465,43.04488789,-89.44504978,4.293912896,0.065585844,0.13786043
263530,43.04488789,-89.44504978,4.293912896,0.109064564,0.0892274
263591,43.04488789,-89.44504978,4.293912896,0.12656258,0.11732263
263649,43.04488789,-89.44504978,4.293912896,0.08442181,0.08602415
263706,43.04488789,-89.44504978,4.293912896,0.17398804,0.090711296
263766,43.04488789,-89.44504978,4.293912896,0.10936678,0.00443222
263823,43.04488789,-89.44504978,4.293912896,0.09947287,0.05701441
263884,43.04488789,-89.44504978,4.293912896,0.07992805,0.04166491
263943,43.04488789,-89.44504978,4.293912896,-0.016688852,0.09010759
264002,43.04488789,-89.44504978,4.293912896,-0.099000864,0.09140454
264066,43.04488789,-89.44504978,4.293912896,0.013629004,0.09746429
264125,43.04488789,-89.44504978,4.293912896,0.14617074,0.10679021
264183,43.04488789,-89.44504978,4.293912896,0.06363102,0.004640195
264245,43.04488789,-89.44504978,4.293912896,0.18571976,0.03490805
264308,43.04489709,-89.44510098,4.549446111,0.053704955,0.038680267
264370,43.04489709,-89.44510098,4.549446111,0.031473644,0.062426895
264433,43.04489709,-89.44510098,4.549446111,-0.11553684,-0.004398045
264490,43.04489709,-89.44510098,4.549446111,-0.004092441,0.03526367
264550,43.04489709,-89.44510098,4.549446111,0.23929244,0.21137421
264613,43.04489709,-89.44510098,4.549446111,0.26458183,0.079297855
264672,43.04489709,-89.44510098,4.549446111,0.042663235,0.03494427
264733,43.04489709,-89.44510098,4.549446111,0.26819903,-0.030874245
264793,43.04489709,-89.44510098,4.549446111,0.18353988,0.14144318
264851,43.04489709,-89.44510098,4.549446111,0.034406345,0.1707854
264911,43.04489709,-89.44510098,4.549446111,0.047423016,0.051429655
264975,43.04489709,-89.44510098,4.549446111,-0.12528983,0.077465594
265035,43.04489709,-89.44510098,4.549446111,-0.21492076,-0.06807583
265092,43.04489709,-89.44510098,4.549446111,-0.08721318,0.10003231
265151,43.04489709,-89.44510098,4.549446111,-0.1675588,0.34462875
265213,43.04489709,-89.44510098,4.549446111,0.11249274,0.23616551
265278,43.04492731,-89.44515878,5.363235286,0.34381422,0.1298522
265336,43.04492731,-89.44515878,5.363235286,0.011592348,0.14436017
265403,43.04492731,-89.44515878,5.363235286,-0.06467777,0.15954278
265467,43.04492731,-89.44515878,5.363235286,-0.08971535,0.152928
265531,43.04492731,-89.44515878,5.363235286,-0.07683911,0.15152617
265596,43.04492731,-89.44515878,5.363235286,-0.056728974,0.11156191
265655,43.04492731,-89.44515878,5.363235286,-0.07877764,0.15539923
265714,43.04492731,-89.44515878,5.363235286,-0.1208127,0.1687355
265782,43.04492731,-89.44515878,5.363235286,-0.08496859,0.14931984
265843,43.04492731,-89.44515878,5.363235286,-0.031927854,0.1208732
265899,43.04492731,-89.44515878,5.363235286,-0.09635769,0.1317219
265959,43.04492731,-89.44515878,5.363235286,-0.09120959,0.14001916
266017,43.04492731,-89.44515878,5.363235286,-0.067402035,0.09331791
266074,43.04492731,-89.44515878,5.363235286,-0.08666956,0.09764039
266138,43.04492731,-89.44515878,5.363235286,-0.09495444,0.0781539
266199,43.04492731,-89.44515878,5.363235286,-0.07356029,0.09966341
266258,43.04492731,-89.44515878,5.363235286,-0.038844645,0.11236434
266318,43.04497715,-89.44522477,6.797331888,-0.048054997,0.07319357
266485,43.04497715,-89.44522477,6.797331888,-0.09973734,0.1059761
266543,43.04497715,-89.44522477,6.797331888,-0.119065545,0.07086562
266603,43.04497715,-89.44522477,6.797331888,-0.071233556,0.065640494
266665,43.04497715,-89.44522477,6.797331888,-0.023147115,0.078797765
266729,43.04497715,-89.44522477,6.797331888,0.015750088,0.04722202
266791,43.04497715,-89.44522477,6.797331888,-0.08275853,0.034179978
266855,43.04497715,-89.44522477,6.797331888,-0.043580845,0.071964025
266914,43.04497715,-89.44522477,6.797331888,-0.121186115,0.066312715
266977,43.04497715,-89.44522477,6.797331888,-0.093334585,0.0440598
267042,43.04497715,-89.44522477,6.797331888,-0.062458355,0.06783845
267106,43.04497715,-89.44522477,6.797331888,-0.07141453,0.042838875
267167,43.04497715,-89.44522477,6.797331888,-0.08234102,0.041468486
267228,43.04497715,-89.44522477,6.797331888,-0.055804044,0.009935602
267287,43.04504192,-89.44530648,8.399438333,-0.04833536,0.002730216
267345,43.04504192,-89.44530648,8.399438333,-0.023247926,-0.090907454
267412,43.04504192,-89.44530648,8.399438333,-0.06933893,-0.22124363
267473,43.04504192,-89.44530648,8.399438333,-0.07314042,-0.25072384
267532,43.04504192,-89.44530648,8.399438333,-0.09431679,-0.20091067
267591,43.04504192,-89.44530648,8.399438333,-0.003180229,-0.23822929
267650,43.04504192,-89.44530648,8.399438333,-0.05363637,-0.25489128
267708,43.04504192,-89.44530648,8.399438333,-0.06214787,-0.15252927
267771,43.04504192,-89.44530648,8.399438333,-0.045523863,-0.20041938
267831,43.04504192,-89.44530648,8.399438333,-0.0324955,-0.19276758
267894,43.04504192,-89.44530648,8.399438333,-0.049083527,-0.20030664
267960,43.04504192,-89.44530648,8.399438333,-0.040189423,-0.10992489
268022,43.04504192,-89.44530648,8.399438333,-0.036811154,-0.09960011
268088,43.04504192,-89.44530648,8.399438333,-0.045813195,-0.056233395
268147,43.04504192,-89.44530648,8.399438333,-0.038756784,0.002445643
268218,43.04504192,-89.44530648,8.399438333,-0.09194834,-0.011220735
268276,43.04511103,-89.44539928,9.278330297,-0.040066205,0.038793832
268333,43.04511103,-89.44539928,9.278330297,-0.04400389,0.013313499
268394,43.04511103,-89.44539928,9.278330297,-0.05536899,0.010764134
268466,43.04511103,-89.44539928,9.278330297,-0.08304664,-0.06553265
268526,43.04511103,-89.44539928,9.278330297,-0.1051536,-0.042339914
268585,43.04511103,-89.44539928,9.278330297,-0.07573658,-0.049633455
268650,43.04511103,-89.44539928,9.278330297,-0.0877818,-0.03729375
268712,43.04511103,-89.44539928,9.278330297,-0.12828864,-0.056209214
268770,43.04511103,-89.44539928,9.278330297,-0.09222917,-0.06287779
268835,43.04511103,-89.44539928,9.278330297,-0.07128014,-0.024154736
268892,43.04511103,-89.44539928,9.278330297,-0.08946821,-0.035861634
268957,43.04511103,-89.44539928,9.278330297,-0.080093555,-0.10710325
269014,43.04511103,-89.44539928,9.278330297,-0.06197037,-0.041496903
269074,43.04511103,-89.44539928,9.278330297,-0.07118495,-0.071439736
269136,43.04511103,-89.44539928,9.278330297,-0.103108704,-0.0793817
269196,43.04511103,-89.44539928,9.278330297,-0.057945695,-0.07538057
269258,43.04518414,-89.44549247,10.08300617,-0.06877507,-0.08959866
269320,43.04518414,-89.44549247,10.08300617,-0.098445155,-0.1036466
269378,43.04518414,-89.44549247,10.08300617,-0.10130191,-0.14365683
269438,43.04518414,-89.44549247,10.08300617,-0.09731208,-0.18390003
269502,43.04518414,-89.44549247,10.08300617,-0.07087315,-0.16526078
269562,43.04518414,-89.44549247,10.08300617,-0.1383547,-0.17586039
269621,43.04518414,-89.44549247,10.08300617,-0.07796573,-0.19754158
269679,43.04518414,-89.44549247,10.08300617,-0.09284622,-0.17694187
269739,43.04518414,-89.44549247,10.08300617,-0.14389987,-0.1734656
269800,43.04518414,-89.44549247,10.08300617,-0.018005101,-0.18391219
269870,43.04518414,-89.44549247,10.08300617,-0.05000314,-0.17908742
269930,43.04518414,-89.44549247,10.08300617,-0.07562981,-0.12760851
269995,43.04518414,-89.44549247,10.08300617,-0.079230264,-0.15145066
270058,43.04518414,-89.44549247,10.08300617,-0.053681944,-0.16638047
270120,43.04518414,-89.44549247,10.08300617,0.001894375,-0.19422704
270178,43.04518414,-89.44549247,10.08300617,-0.043711852,-0.17526744
270235,43.04518414,-89.44549247,10.08300617,-0.038233254,-0.16588263
270293,43.04525522,-89.44558537,10.29601647,-0.055961598,-0.15082458
270350,43.04525522,-89.44558537,10.29601647,-0.05852836,-0.16248612
270410,43.04525522,-89.44558537,10.29601647,-0.07296262,-0.17062168
270467,43.04525522,-89.44558537,10.29601647,-0.07015036,-0.17448226
270527,43.04525522,-89.44558537,10.29601647,-0.0660562,-0.1770536
270583,43.04525522,-89.44558537,10.29601647,-0.06119393,-0.16726926
270643,43.04525522,-89.44558537,10.29601647,-0.01735965,-0.11414893
270701,43.04525522,-89.44558537,10.29601647,-0.027103221,-0.15722245
270762,43.04525522,-89.44558537,10.29601647,-0.03442243,-0.17847198
270829,43.04525522,-89.44558537,10.29601647,-0.013886001,-0.17358053
270890,43.04525522,-89.44558537,10.29601647,0.019703623,-0.151356
270948,43.04525522,-89.44558537,10.29601647,-0.033763018,-0.13830633
271008,43.04525522,-89.44558537,10.29601647,-0.019853652,-0.14367285
271066,43.04525522,-89.44558537,10.29601647,-0.040411398,-0.16097374
271126,43.04525522,-89.44558537,10.29601647,-0.040507037,-0.14835347
271191,43.04525522,-89.44558537,10.29601647,-0.009003704,-0.190705
271252,43.04525522,-89.44558537,10.29601647,0.021659845,-0.14566438
271313,43.04531956,-89.44567484,10.03597513,-0.013707096,-0.19916986
271371,43.04531956,-89.44567484,10.03597513,-0.04136448,-0.14390153
271428,43.04531956,-89.44567484,10.03597513,0.009907508,-0.1493007
271504,43.04531956,-89.44567484,10.03597513,-0.032527797,-0.14733662
271559,43.04531956,-89.44567484,10.03597513,-0.012779866,-0.16087587
271621,43.04531956,-89.44567484,10.03597513,0.018870637,-0.15536219
271680,43.04531956,-89.44567484,10.03597513,0.003927577,-0.15962467
271742,43.04531956,-89.44567484,10.03597513,0.021914061,-0.1911703
271804,43.04531956,-89.44567484,10.03597513,8.59E-04,-0.15874325
271869,43.04531956,-89.44567484,10.03597513,0.04261193,-0.15800011
271930,43.04531956,-89.44567484,10.03597513,0.06494802,-0.1570496
271990,43.04531956,-89.44567484,10.03597513,0.073108464,-0.14540201
272049,43.04531956,-89.44567484,10.03597513,0.096228026,-0.15369537
272107,43.04531956,-89.44567484,10.03597513,0.07427249,-0.17890923
272167,43.04531956,-89.44567484,10.03597513,0.09564335,-0.16547419
272224,43.04531956,-89.44567484,10.03597513,0.08754794,-0.13206428
272286,43.0453764,-89.4457546,9.38110809,0.08873092,-0.1474157
272344,43.0453764,-89.4457546,9.38110809,0.11882451,-0.1339195
272407,43.0453764,-89.4457546,9.38110809,0.10625723,-0.14763269
272465,43.0453764,-89.4457546,9.38110809,0.13152577,-0.1337719
272523,43.0453764,-89.4457546,9.38110809,0.17912771,-0.11769947
272582,43.0453764,-89.4457546,9.38110809,0.18152937,-0.14814262
272646,43.0453764,-89.4457546,9.38110809,0.16001755,-0.1329947
272711,43.0453764,-89.4457546,9.38110809,0.24625528,-0.12731344
272775,43.0453764,-89.4457546,9.38110809,0.19773802,-0.11490096
272835,43.0453764,-89.4457546,9.38110809,0.17601871,-0.078696646
272896,43.0453764,-89.4457546,9.38110809,0.20777567,-0.11549746
272956,43.0453764,-89.4457546,9.38110809,0.19269222,-0.102739885
273019,43.0453764,-89.4457546,9.38110809,0.16785969,-0.12474667
273082,43.0453764,-89.4457546,9.38110809,0.1809191,-0.10669156
273141,43.0453764,-89.4457546,9.38110809,0.17064075,-0.10006022
273213,43.0453764,-89.4457546,9.38110809,0.20266894,-0.081031345
273271,43.04543267,-89.44581232,8.592792395,0.24582954,-0.10820451
273327,43.04543267,-89.44581232,8.592792395,0.19085033,-0.0903081
273385,43.04543267,-89.44581232,8.592792395,0.18288048,-0.07346128
273441,43.04543267,-89.44581232,8.592792395,0.17181876,-0.024850734
273498,43.04543267,-89.44581232,8.592792395,0.12753369,-0.032244522
273556,43.04543267,-89.44581232,8.592792395,0.16713865,-0.050071985
273619,43.04543267,-89.44581232,8.592792395,0.1567045,-0.064484365
273679,43.04543267,-89.44581232,8.592792395,0.19350268,-0.080462635
273736,43.04543267,-89.44581232,8.592792395,0.18529378,-0.06724427
273796,43.04543267,-89.44581232,8.592792395,0.16874853,-0.08637554
273855,43.04543267,-89.44581232,8.592792395,0.1433239,-0.07677204
273915,43.04543267,-89.44581232,8.592792395,0.18226327,-0.034996677
273972,43.04543267,-89.44581232,8.592792395,0.19169326,-0.078319736
274032,43.04543267,-89.44581232,8.592792395,0.15954287,-0.06606728
274094,43.04543267,-89.44581232,8.592792395,0.14672858,-0.06290186
274154,43.04543267,-89.44581232,8.592792395,0.024034727,-0.25864932
274213,43.04543267,-89.44581232,8.592792395,0.16202508,-0.021329122
274274,43.04549419,-89.44584249,7.962896277,0.24010547,-0.037641346
274332,43.04549419,-89.44584249,7.962896277,0.24536367,-0.08235221
274391,43.04549419,-89.44584249,7.962896277,0.2837769,-0.105707765
274453,43.04549419,-89.44584249,7.962896277,0.11249942,-0.0850995
274511,43.04549419,-89.44584249,7.962896277,0.1399054,-0.08090938
274570,43.04549419,-89.44584249,7.962896277,0.12218016,7.11E-04
274627,43.04549419,-89.44584249,7.962896277,0.16036196,0.024745598
274687,43.04549419,-89.44584249,7.962896277,0.13290183,-0.037743535
274744,43.04549419,-89.44584249,7.962896277,0.2368557,-0.015192676
274802,43.04549419,-89.44584249,7.962896277,0.24076764,-0.013439275
274863,43.04549419,-89.44584249,7.962896277,0.217297,0.004227295
274922,43.04549419,-89.44584249,7.962896277,0.20836575,0.029192636
274979,43.04549419,-89.44584249,7.962896277,0.117758416,0.001933837
275039,43.04549419,-89.44584249,7.962896277,0.15759312,0.01690067
275098,43.04549419,-89.44584249,7.962896277,0.18042223,0.029278226
275159,43.04549419,-89.44584249,7.962896277,0.17226395,-0.035003737
275217,43.04549419,-89.44584249,7.962896277,0.19673301,-0.03110759
275280,43.0455506,-89.44584474,7.660107952,0.1506151,-2.53E-04
275338,43.0455506,-89.44584474,7.660107952,0.16374438,0.042059954
275395,43.0455506,-89.44584474,7.660107952,0.1829704,0.017559791
275453,43.0455506,-89.44584474,7.660107952,0.13700305,0.004220103
275514,43.0455506,-89.44584474,7.660107952,0.087596506,0.014323314
275572,43.0455506,-89.44584474,7.660107952,0.10878634,0.002207123
275631,43.0455506,-89.44584474,7.660107952,0.109603584,0.004879939
275688,43.0455506,-89.44584474,7.660107952,0.102766,0.031453893
275745,43.0455506,-89.44584474,7.660107952,0.052888528,0.018702492
275802,43.0455506,-89.44584474,7.660107952,0.047413416,-0.02204996
275865,43.0455506,-89.44584474,7.660107952,0.099419154,0.01823243
275925,43.0455506,-89.44584474,7.660107952,0.026156804,0.034539003
275986,43.0455506,-89.44584474,7.660107952,0.032462597,0.053761385
276046,43.0455506,-89.44584474,7.660107952,-0.021679299,-0.009402134
276110,43.0455506,-89.44584474,7.660107952,-0.0123852,0.0286439
276167,43.0455506,-89.44584474,7.660107952,-0.08949831,0.12380874
276225,43.0455506,-89.44584474,7.660107952,0.00149482,0.03459889
276291,43.0456124,-89.44581692,7.791938986,-0.05447456,-0.028926369
276347,43.0456124,-89.44581692,7.791938986,-0.05565539,0.07030116
276405,43.0456124,-89.44581692,7.791938986,-0.093635775,0.07174414
276467,43.0456124,-89.44581692,7.791938986,-0.17715691,-0.071405336
276527,43.0456124,-89.44581692,7.791938986,-0.14981097,-0.001496356
276587,43.0456124,-89.44581692,7.791938986,-0.041820996,-0.012050795
276645,43.0456124,-89.44581692,7.791938986,0.006817157,0.01870711
276703,43.0456124,-89.44581692,7.791938986,0.043714825,0.08098171
276764,43.0456124,-89.44581692,7.791938986,0.04533866,-0.053695466
276825,43.0456124,-89.44581692,7.791938986,-0.1236169,0.052987356
276884,43.0456124,-89.44581692,7.791938986,-0.2863206,0.08218279
276941,43.0456124,-89.44581692,7.791938986,-0.18790999,0.005925508
276999,43.0456124,-89.44581692,7.791938986,-0.12264236,-0.028393513
277060,43.0456124,-89.44581692,7.791938986,-0.035908718,-0.005365122
277121,43.0456124,-89.44581692,7.791938986,0.006202762,0.02672564
277182,43.0456124,-89.44581692,7.791938986,-0.124358945,-0.018818941
277241,43.0456124,-89.44581692,7.791938986,-0.15785132,0.057793144
277303,43.04568017,-89.44577355,8.253128174,-0.17644276,0.003097854
277467,43.04568017,-89.44577355,8.253128174,-0.10863399,0.057873454
277526,43.04568017,-89.44577355,8.253128174,-0.06188653,-0.04472964
277584,43.04568017,-89.44577355,8.253128174,-0.1207612,0.04917505
277644,43.04568017,-89.44577355,8.253128174,-0.11395104,0.032946315
277704,43.04568017,-89.44577355,8.253128174,-0.18352099,-0.034989074
277768,43.04568017,-89.44577355,8.253128174,-0.058824517,-0.056041177
277828,43.04568017,-89.44577355,8.253128174,-0.11460297,-0.090318866
277886,43.04568017,-89.44577355,8.253128174,0.058859393,-0.029479539
277943,43.04568017,-89.44577355,8.253128174,-0.23461704,-0.12726325
278002,43.04568017,-89.44577355,8.253128174,-0.16658466,-0.06639125
278062,43.04568017,-89.44577355,8.253128174,-0.15462759,-0.073490806
278124,43.04568017,-89.44577355,8.253128174,-0.1528112,-0.059640266
278184,43.04568017,-89.44577355,8.253128174,-0.12582915,-0.071750194
278242,43.04568017,-89.44577355,8.253128174,-0.12869392,0.011901446
278303,43.04575797,-89.44572818,8.802134778,-0.11976005,-0.024634141
278361,43.04575797,-89.44572818,8.802134778,-0.11106901,0.001579785
278419,43.04575797,-89.44572818,8.802134778,-0.091064386,0.010273572
278480,43.04575797,-89.44572818,8.802134778,-0.060764693,0.025323382
278544,43.04575797,-89.44572818,8.802134778,-0.09378756,-0.06797554
278602,43.04575797,-89.44572818,8.802134778,-0.06587727,-0.0642769
278667,43.04575797,-89.44572818,8.802134778,-0.08650975,-0.030114982
278724,43.04575797,-89.44572818,8.802134778,-0.09203092,-0.02410956
278783,43.04575797,-89.44572818,8.802134778,-0.004138043,-0.09538269
278841,43.04575797,-89.44572818,8.802134778,-0.072512366,-0.03761066
278897,43.04575797,-89.44572818,8.802134778,-0.049848195,-0.044298477
278959,43.04575797,-89.44572818,8.802134778,-0.03132403,-0.014384494
279017,43.04575797,-89.44572818,8.802134778,-0.08415066,-0.033978045
279078,43.04575797,-89.44572818,8.802134778,-0.05996051,-0.05397665
279137,43.04575797,-89.44572818,8.802134778,-0.14587373,-0.06884101
279198,43.04575797,-89.44572818,8.802134778,-0.0835384,-0.052539792
279259,43.04575797,-89.44572818,8.802134778,-0.11535932,-0.035485826
279316,43.04584077,-89.44568628,9.269084135,-0.14172107,-0.057653897
279373,43.04584077,-89.44568628,9.269084135,-0.115601555,-0.09610658
279430,43.04584077,-89.44568628,9.269084135,-0.16890886,-0.09301434
279487,43.04584077,-89.44568628,9.269084135,-0.14356531,-0.029975751
279545,43.04584077,-89.44568628,9.269084135,-0.10453296,-0.022947304
279604,43.04584077,-89.44568628,9.269084135,-0.06625872,-0.009730085
279661,43.04584077,-89.44568628,9.269084135,-0.04924433,0.02405638
279721,43.04584077,-89.44568628,9.269084135,-0.10693974,0.009249555
279784,43.04584077,-89.44568628,9.269084135,-0.13538653,0.06303553
279844,43.04584077,-89.44568628,9.269084135,-0.07214621,0.017657334
279905,43.04584077,-89.44568628,9.269084135,-0.06424409,-0.008813813
279968,43.04584077,-89.44568628,9.269084135,-0.05486354,-0.010081128
280026,43.04584077,-89.44568628,9.269084135,-0.10277119,-0.0776982
280086,43.04584077,-89.44568628,9.269084135,-0.09679869,-0.060506627
280145,43.04584077,-89.44568628,9.269084135,-0.013810652,0.018651688
280211,43.04584077,-89.44568628,9.269084135,-0.05134609,0.001854621
280280,43.04592833,-89.44564805,9.730307293,-0.072545424,0.02523208
280425,43.04592833,-89.44564805,9.730307293,-0.06626547,-0.04694332
280482,43.04592833,-89.44564805,9.730307293,-0.13203005,-0.068095036
280542,43.04592833,-89.44564805,9.730307293,-0.10401991,-0.055711545
280601,43.04592833,-89.44564805,9.730307293,-0.10085206,-0.009266896
280658,43.04592833,-89.44564805,9.730307293,-0.053085655,-0.042026542
280716,43.04592833,-89.44564805,9.730307293,-0.026150087,-0.021677257
280774,43.04592833,-89.44564805,9.730307293,-0.06853693,-0.05675446
280833,43.04592833,-89.44564805,9.730307293,-0.04094531,-0.001472796
280891,43.04592833,-89.44564805,9.730307293,0.004639443,-0.019841217
280949,43.04592833,-89.44564805,9.730307293,-0.027870277,-0.045548897
281008,43.04592833,-89.44564805,9.730307293,-0.0635245,-0.06092937
281066,43.04592833,-89.44564805,9.730307293,0.027011434,-0.015822867
281123,43.04592833,-89.44564805,9.730307293,-0.061574325,0.040291835
281183,43.04592833,-89.44564805,9.730307293,-0.10325271,-0.041214556
281242,43.04592833,-89.44564805,9.730307293,-0.12656592,-0.054303523
281299,43.04602269,-89.44561489,10.1815037,-0.11917721,-0.06760057
281356,43.04602269,-89.44561489,10.1815037,-0.011204864,-0.117546946
281413,43.04602269,-89.44561489,10.1815037,-0.1097332,-0.094702534
281469,43.04602269,-89.44561489,10.1815037,-0.052992254,-0.051316112
281529,43.04602269,-89.44561489,10.1815037,-0.14868371,-0.10855591
281588,43.04602269,-89.44561489,10.1815037,0.027852606,-0.10632653
281648,43.04602269,-89.44561489,10.1815037,0.04594253,-0.048786663
281705,43.04602269,-89.44561489,10.1815037,-0.028753497,-0.012694471
281762,43.04602269,-89.44561489,10.1815037,0.05487684,-0.14931916
281819,43.04602269,-89.44561489,10.1815037,-0.04361116,-0.13554733
281876,43.04602269,-89.44561489,10.1815037,-0.13023214,-0.1495358
281934,43.04602269,-89.44561489,10.1815037,-0.08232611,-0.15849234
281992,43.04602269,-89.44561489,10.1815037,0.032396156,-0.14951855
282051,43.04602269,-89.44561489,10.1815037,-0.041329406,-0.14614505
282110,43.04602269,-89.44561489,10.1815037,-0.039778966,-0.08486483
282167,43.04602269,-89.44561489,10.1815037,-0.06983209,-0.17995864
282226,43.04602269,-89.44561489,10.1815037,-0.17348367,-0.17267501
282290,43.04611718,-89.44558443,10.39772287,0.20375279,-0.14020409
282350,43.04611718,-89.44558443,10.39772287,0.010531168,-0.15114437
282407,43.04611718,-89.44558443,10.39772287,-0.191537,-0.16741763
282466,43.04611718,-89.44558443,10.39772287,-0.04967448,-0.18299676
282524,43.04611718,-89.44558443,10.39772287,-0.19665936,-0.22808616
282581,43.04611718,-89.44558443,10.39772287,0.25268993,-0.12472834
282636,43.04611718,-89.44558443,10.39772287,0.018319525,-0.24884513
282692,43.04611718,-89.44558443,10.39772287,0.060629897,-0.031803247
282750,43.04611718,-89.44558443,10.39772287,-0.12555581,0.02666511
282805,43.04611718,-89.44558443,10.39772287,-0.32104895,-0.06499384
282860,43.04611718,-89.44558443,10.39772287,0.026220964,-0.12207002
282915,43.04611718,-89.44558443,10.39772287,-0.2584954,-0.30410245
282970,43.04611718,-89.44558443,10.39772287,0.24134585,-0.07800039
283026,43.04611718,-89.44558443,10.39772287,-0.3086204,-0.23017173
283084,43.04611718,-89.44558443,10.39772287,-0.15776037,-0.27241337
283140,43.04611718,-89.44558443,10.39772287,0.022860382,-0.17234235
283201,43.04611718,-89.44558443,10.39772287,4.60E-04,-0.15528566
283268,43.04620685,-89.44555837,10.10990333,0.06563902,-0.10385343
283325,43.04620685,-89.44555837,10.10990333,-0.21698129,-0.14087428
283386,43.04620685,-89.44555837,10.10990333,0.059436284,-0.08561727
283448,43.04620685,-89.44555837,10.10990333,-0.021209266,-0.1301378
283506,43.04620685,-89.44555837,10.10990333,0.007561065,-0.147765
283565,43.04620685,-89.44555837,10.10990333,-2.11E-04,-0.11512037
283628,43.04620685,-89.44555837,10.10990333,-0.039443165,-0.04409797
283689,43.04620685,-89.44555837,10.10990333,0.07834369,-0.062939666
283747,43.04620685,-89.44555837,10.10990333,-0.08245863,-0.15051615
283807,43.04620685,-89.44555837,10.10990333,-0.004966782,-0.16155522
283867,43.04620685,-89.44555837,10.10990333,-0.013083074,-0.13999808
283926,43.04620685,-89.44555837,10.10990333,-0.020465586,-0.15102972
283983,43.04620685,-89.44555837,10.10990333,-0.019749807,-0.15868412
284043,43.04620685,-89.44555837,10.10990333,-0.05604141,-0.1191669
284105,43.04620685,-89.44555837,10.10990333,-0.04978635,-0.07091406
284164,43.04620685,-89.44555837,10.10990333,-0.028086826,-0.093260825
284222,43.04620685,-89.44555837,10.10990333,-0.014898174,-0.14268419
284286,43.04628666,-89.44553517,9.476110453,0.002897125,-0.17169715
284342,43.04628666,-89.44553517,9.476110453,-0.007858168,-0.13342172
284401,43.04628666,-89.44553517,9.476110453,-0.03235624,-0.12328106
284458,43.04628666,-89.44553517,9.476110453,-0.026520856,-0.14006425
284516,43.04628666,-89.44553517,9.476110453,-0.01720912,-0.16128004
284582,43.04628666,-89.44553517,9.476110453,-0.019196458,-0.074155286
284644,43.04628666,-89.44553517,9.476110453,-0.04229862,-0.12213184
284701,43.04628666,-89.44553517,9.476110453,-0.001227142,-0.13226597
284760,43.04628666,-89.44553517,9.476110453,-0.05721733,-0.07652022
284818,43.04628666,-89.44553517,9.476110453,-0.04912586,-0.13856731
284879,43.04628666,-89.44553517,9.476110453,-0.018418286,-0.13608885
284939,43.04628666,-89.44553517,9.476110453,-0.005466741,-0.12510177
285001,43.04628666,-89.44553517,9.476110453,-0.048422474,-0.13543782
285060,43.04628666,-89.44553517,9.476110453,-0.009530112,-0.13579851
285122,43.04628666,-89.44553517,9.476110453,-0.02574694,-0.121224955
285189,43.04628666,-89.44553517,9.476110453,-0.048996825,-0.09770649
285248,43.04628666,-89.44553517,9.476110453,-0.013671713,-0.06379587
285324,43.04635687,-89.44551798,8.576280591,0.016344624,-0.06720291
285384,43.04635687,-89.44551798,8.576280591,-0.004614924,-0.11847929
285449,43.04635687,-89.44551798,8.576280591,0.001108771,-0.10381552
285506,43.04635687,-89.44551798,8.576280591,-0.007960916,-0.065401874
285565,43.04635687,-89.44551798,8.576280591,-0.003377861,-0.10344078
285625,43.04635687,-89.44551798,8.576280591,-0.001913248,-0.107581794
285681,43.04635687,-89.44551798,8.576280591,0.036052015,-0.055933088
285740,43.04635687,-89.44551798,8.576280591,-0.011579527,-0.07349599
285799,43.04635687,-89.44551798,8.576280591,6.64E-04,-0.12735823
285858,43.04635687,-89.44551798,8.576280591,0.016454658,-0.06915812
285919,43.04635687,-89.44551798,8.576280591,0.010193469,-0.06514501
285986,43.04635687,-89.44551798,8.576280591,0.014551551,-0.107137464
286049,43.04635687,-89.44551798,8.576280591,-0.010443025,-0.054636028
286108,43.04635687,-89.44551798,8.576280591,0.03746379,-0.044185765
286170,43.04635687,-89.44551798,8.576280591,0.017882777,-0.11604599
286232,43.04635687,-89.44551798,8.576280591,0.21540985,0.004785744
286296,43.04641353,-89.44550613,7.562106703,0.044207767,0.08778121
286357,43.04641353,-89.44550613,7.562106703,0.17305101,-0.009387208
286418,43.04641353,-89.44550613,7.562106703,0.108739905,-0.030264761
286479,43.04641353,-89.44550613,7.562106703,0.18378028,-0.039015964
286541,43.04641353,-89.44550613,7.562106703,0.25161958,-0.08162621
286603,43.04641353,-89.44550613,7.562106703,0.09596815,-0.018853724
286664,43.04641353,-89.44550613,7.562106703,0.18509473,0.025956847
286728,43.04641353,-89.44550613,7.562106703,0.14386952,-0.010999258
286787,43.04641353,-89.44550613,7.562106703,0.0727121,-0.08242026
286846,43.04641353,-89.44550613,7.562106703,0.11786394,-0.09284623
286910,43.04641353,-89.44550613,7.562106703,0.23479107,-0.013443652
286972,43.04641353,-89.44550613,7.562106703,0.22022185,-0.096836984
287031,43.04641353,-89.44550613,7.562106703,0.22931305,-0.02326518
287090,43.04641353,-89.44550613,7.562106703,0.30327466,0.057850204
287150,43.04641353,-89.44550613,7.562106703,0.17423047,0.067696735
287210,43.04641353,-89.44550613,7.562106703,0.2232512,0.1042228
287267,43.04646267,-89.44548869,6.802189788,0.22128268,0.04744674
287324,43.04646267,-89.44548869,6.802189788,0.18391745,0.009704111
287386,43.04646267,-89.44548869,6.802189788,0.17619577,0.13223416
287447,43.04646267,-89.44548869,6.802189788,0.20184246,-0.06288517
287509,43.04646267,-89.44548869,6.802189788,0.1350744,0.018715484
287570,43.04646267,-89.44548869,6.802189788,0.1460651,0.0946588
287626,43.04646267,-89.44548869,6.802189788,0.23847753,0.07465932
287680,43.04646267,-89.44548869,6.802189788,0.28747928,0.050626818
287737,43.04646267,-89.44548869,6.802189788,0.2668797,0.14577734
287791,43.04646267,-89.44548869,6.802189788,0.17876686,0.031743944
287846,43.04646267,-89.44548869,6.802189788,0.06812799,0.040356204
287903,43.04646267,-89.44548869,6.802189788,-0.02594164,0.10292585
287959,43.04646267,-89.44548869,6.802189788,0.25842145,-0.018799286
288018,43.04646267,-89.44548869,6.802189788,0.2888693,-0.022193765
288077,43.04646267,-89.44548869,6.802189788,0.2574468,0.038183466
288137,43.04646267,-89.44548869,6.802189788,0.15576184,0.04631411
288210,43.04646267,-89.44548869,6.802189788,0.051342774,0.04840201
288267,43.04650577,-89.44544896,6.547991538,0.22779237,0.05343102
288326,43.04650577,-89.44544896,6.547991538,0.24495922,-0.053300828
288385,43.04650577,-89.44544896,6.547991538,0.24207982,-0.06449059
288448,43.04650577,-89.44544896,6.547991538,0.19872586,-0.007816564
288506,43.04650577,-89.44544896,6.547991538,-0.010185318,-0.12268291
288565,43.04650577,-89.44544896,6.547991538,0.12673296,0.027174965
288623,43.04650577,-89.44544896,6.547991538,0.21038578,0.04841814
288682,43.04650577,-89.44544896,6.547991538,0.20568648,0.033717
288740,43.04650577,-89.44544896,6.547991538,0.28104287,0.049847577
288799,43.04650577,-89.44544896,6.547991538,0.2876946,0.08241195
288860,43.04650577,-89.44544896,6.547991538,0.14290501,-0.022034293
288918,43.04650577,-89.44544896,6.547991538,0.36247104,-0.010925001
288975,43.04650577,-89.44544896,6.547991538,0.22926557,-0.017483905
289034,43.04650577,-89.44544896,6.547991538,0.24931447,0.0244146
289091,43.04650577,-89.44544896,6.547991538,0.05689917,-0.0829813
289148,43.04650577,-89.44544896,6.547991538,0.18966469,-0.011052857
289207,43.04650577,-89.44544896,6.547991538,0.13883156,-0.033304557
289276,43.04653628,-89.44538418,6.582175698,0.17016993,-0.011135789
289335,43.04653628,-89.44538418,6.582175698,0.29127428,-0.048773956
289393,43.04653628,-89.44538418,6.582175698,0.15932949,-0.03480275
289451,43.04653628,-89.44538418,6.582175698,0.1471983,-0.03450624
289513,43.04653628,-89.44538418,6.582175698,0.21728565,-0.100084394
289577,43.04653628,-89.44538418,6.582175698,0.15688932,-0.006500755
289634,43.04653628,-89.44538418,6.582175698,0.09621207,0.046056427
289699,43.04653628,-89.44538418,6.582175698,0.103094086,-0.02592367
289755,43.04653628,-89.44538418,6.582175698,0.049804546,0.005243169
289818,43.04653628,-89.44538418,6.582175698,0.1168038,-0.03739523
289879,43.04653628,-89.44538418,6.582175698,0.10184866,-0.027402285
289937,43.04653628,-89.44538418,6.582175698,0.11830787,-0.013140751
289997,43.04653628,-89.44538418,6.582175698,0.05686557,-0.0596686
290055,43.04653628,-89.44538418,6.582175698,0.028319051,-0.014199637
290114,43.04653628,-89.44538418,6.582175698,0.006846662,-0.031156907
290177,43.04653628,-89.44538418,6.582175698,0.012184707,-0.041256223
290239,43.04653628,-89.44538418,6.582175698,0.060656574,-0.060467858
290298,43.04654824,-89.44530354,6.759180907,-0.018820409,0.00156954
290355,43.04654824,-89.44530354,6.759180907,-0.04603773,0.027278343
290417,43.04654824,-89.44530354,6.759180907,0.01014018,-0.011723632
290480,43.04654824,-89.44530354,6.759180907,0.009218041,-0.023682864
290541,43.04654824,-89.44530354,6.759180907,0.014378673,-0.039700083
290599,43.04654824,-89.44530354,6.759180907,0.020444093,-0.07224547
290660,43.04654824,-89.44530354,6.759180907,-0.048969835,-0.0759514
290720,43.04654824,-89.44530354,6.759180907,-0.079788364,-0.06909041
290783,43.04654824,-89.44530354,6.759180907,-0.047099795,-0.11971557
290848,43.04654824,-89.44530354,6.759180907,-0.024773864,-0.044424605
290907,43.04654824,-89.44530354,6.759180907,-0.0868592,-0.044850603
290968,43.04654824,-89.44530354,6.759180907,-0.027247801,-0.026961219
291027,43.04654824,-89.44530354,6.759180907,-0.053977057,-0.037457626
291088,43.04654824,-89.44530354,6.759180907,-0.05388656,-0.041928843
291148,43.04654824,-89.44530354,6.759180907,-0.004879636,0.002484025
291206,43.04654824,-89.44530354,6.759180907,-0.067685716,-0.047215797
291262,43.04654957,-89.44521432,7.024068382,-0.056789942,-0.04908701
291321,43.04654957,-89.44521432,7.024068382,0.009252959,-0.054218736
291381,43.04654957,-89.44521432,7.024068382,-0.03197415,-0.057676706
291440,43.04654957,-89.44521432,7.024068382,-0.033452753,-0.06881072
291498,43.04654957,-89.44521432,7.024068382,-0.036226027,-0.059593327
291555,43.04654957,-89.44521432,7.024068382,-0.036514163,-0.06340162
291611,43.04654957,-89.44521432,7.024068382,-0.015941635,-0.040002733
291670,43.04654957,-89.44521432,7.024068382,-0.027301323,-0.060895864
291730,43.04654957,-89.44521432,7.024068382,-0.048831206,-0.06267224
291787,43.04654957,-89.44521432,7.024068382,-0.023275254,-0.034004286
291847,43.04654957,-89.44521432,7.024068382,-0.045706812,-0.0664075
291907,43.04654957,-89.44521432,7.024068382,-0.022752821,-0.03274232
291967,43.04654957,-89.44521432,7.024068382,-0.03174774,-0.05550468
292028,43.04654957,-89.44521432,7.024068382,-0.04996295,-0.040033054
292087,43.04654957,-89.44521432,7.024068382,-0.057050653,-0.041615456
292146,43.04654957,-89.44521432,7.024068382,-0.0642224,-0.030078065
292204,43.04654957,-89.44521432,7.024068382,-0.034087684,-0.049754962
292263,43.046543,-89.4451254,7.258878438,-0.05563035,-0.052831862
292446,43.046543,-89.4451254,7.258878438,-0.05452621,-0.043039124
292505,43.046543,-89.4451254,7.258878438,-0.03926365,-0.05399054
292567,43.046543,-89.4451254,7.258878438,-0.02472549,-0.029033056
292628,43.046543,-89.4451254,7.258878438,-0.07289861,-0.020045243
292687,43.046543,-89.4451254,7.258878438,-0.0787738,-0.05776773
292744,43.046543,-89.4451254,7.258878438,0.041201748,-0.033333655
292803,43.046543,-89.4451254,7.258878438,0.042750176,-0.015284384
292860,43.046543,-89.4451254,7.258878438,-0.071794994,-0.042009093
292919,43.046543,-89.4451254,7.258878438,0.18220471,-0.016077194
292980,43.046543,-89.4451254,7.258878438,-0.040694278,-0.058821388
293041,43.046543,-89.4451254,7.258878438,-0.3796859,0.0677872
293099,43.046543,-89.4451254,7.258878438,0.11247896,-0.059287466
293160,43.046543,-89.4451254,7.258878438,-0.19929373,-0.06328701
293219,43.046543,-89.4451254,7.258878438,-0.10297157,0.06457449
293281,43.04653206,-89.44503235,7.464975386,0.17127751,-0.044814702
293338,43.04653206,-89.44503235,7.464975386,-0.27426922,-0.07406863
293395,43.04653206,-89.44503235,7.464975386,-0.16439602,-0.060990933
293452,43.04653206,-89.44503235,7.464975386,-0.08510273,-0.036607224
293510,43.04653206,-89.44503235,7.464975386,-0.07233642,-0.11468774
293571,43.04653206,-89.44503235,7.464975386,-0.026846565,-0.048457637
293629,43.04653206,-89.44503235,7.464975386,-2.24E-04,0.013408538
293687,43.04653206,-89.44503235,7.464975386,-0.07712523,-0.07041115
293749,43.04653206,-89.44503235,7.464975386,-0.02545098,-0.1447641
293807,43.04653206,-89.44503235,7.464975386,-0.0649196,-0.10988457
293867,43.04653206,-89.44503235,7.464975386,-0.059193503,-0.09868731
293929,43.04653206,-89.44503235,7.464975386,-0.056785285,-0.11909992
293992,43.04653206,-89.44503235,7.464975386,-0.062332213,-0.11182053
294048,43.04653206,-89.44503235,7.464975386,-0.037778754,-0.13786148
294114,43.04653206,-89.44503235,7.464975386,-0.03476149,-0.16727236
294171,43.04653206,-89.44503235,7.464975386,-0.09479845,-0.12786947
294231,43.04653206,-89.44503235,7.464975386,-0.101500876,-0.09500839
294294,43.04652177,-89.44493779,7.557989519,-0.05401882,-0.11969609
294351,43.04652177,-89.44493779,7.557989519,-0.10913778,-0.14553076
294413,43.04652177,-89.44493779,7.557989519,-0.064173594,-0.08587072
294473,43.04652177,-89.44493779,7.557989519,-0.10622287,-0.099294186
294534,43.04652177,-89.44493779,7.557989519,-0.11200904,-0.1825355
294598,43.04652177,-89.44493779,7.557989519,-0.12266888,-0.2219085
294659,43.04652177,-89.44493779,7.557989519,-0.1733622,-0.14663394
294717,43.04652177,-89.44493779,7.557989519,-0.13065292,-0.13349329
294774,43.04652177,-89.44493779,7.557989519,-0.07779696,-0.111455426
294838,43.04652177,-89.44493779,7.557989519,-0.14860661,-0.10711043
294902,43.04652177,-89.44493779,7.557989519,-0.08086019,-0.110080995
294967,43.04652177,-89.44493779,7.557989519,-0.16428252,-0.118404865
295031,43.04652177,-89.44493779,7.557989519,-0.11311858,-0.1423569
295099,43.04652177,-89.44493779,7.557989519,-0.22517884,-0.1589234
295162,43.04652177,-89.44493779,7.557989519,-0.15787205,-0.12356237
295221,43.04652177,-89.44493779,7.557989519,-0.17409343,-0.10302242
295287,43.04651636,-89.44485204,7.255511332,-0.13204901,-0.09617551
295345,43.04651636,-89.44485204,7.255511332,-0.19133218,-0.202709
295410,43.04651636,-89.44485204,7.255511332,-0.2169028,-0.15305792
295468,43.04651636,-89.44485204,7.255511332,-0.20434137,-0.12697713
295527,43.04651636,-89.44485204,7.255511332,-0.28033397,-0.20501788
295585,43.04651636,-89.44485204,7.255511332,-0.15853906,-0.1961532
295642,43.04651636,-89.44485204,7.255511332,-0.16238262,-0.134511
295702,43.04651636,-89.44485204,7.255511332,-0.18515718,-0.048442323
295762,43.04651636,-89.44485204,7.255511332,-0.15644039,0.015850948
295820,43.04651636,-89.44485204,7.255511332,-0.22206225,-0.0669354
295881,43.04651636,-89.44485204,7.255511332,-0.22674793,-0.025884926
295940,43.04651636,-89.44485204,7.255511332,-0.2325338,-0.019172167
296000,43.04651636,-89.44485204,7.255511332,-0.17541793,-0.009755348
296062,43.04651636,-89.44485204,7.255511332,-0.18127292,-0.049997874
296123,43.04651636,-89.44485204,7.255511332,-0.18810219,-0.04538662
296188,43.04651636,-89.44485204,7.255511332,-0.19805138,-0.06463243
296244,43.04651636,-89.44485204,7.255511332,-0.28791612,-0.03813579
296304,43.04651611,-89.44477505,6.809665518,-0.29181165,-0.012387658
296365,43.04651611,-89.44477505,6.809665518,-0.3132918,-0.09498264
296426,43.04651611,-89.44477505,6.809665518,-0.24934618,-0.06831058
296487,43.04651611,-89.44477505,6.809665518,-0.19218554,-0.061419632
296545,43.04651611,-89.44477505,6.809665518,-0.20554136,-0.08428955
296608,43.04651611,-89.44477505,6.809665518,-0.17130709,-0.050648022
296669,43.04651611,-89.44477505,6.809665518,-0.21889424,-0.0712054
296734,43.04651611,-89.44477505,6.809665518,-0.329286,-0.048801776
296790,43.04651611,-89.44477505,6.809665518,-0.26162887,-0.09337324
296855,43.04651611,-89.44477505,6.809665518,-0.22477517,-0.07915432
296911,43.04651611,-89.44477505,6.809665518,-0.19914918,-0.08521982
296972,43.04651611,-89.44477505,6.809665518,-0.14864051,-0.1952458
297030,43.04651611,-89.44477505,6.809665518,0.02945879,-0.08326991
297091,43.04651611,-89.44477505,6.809665518,-0.14195888,-0.09841313
297149,43.04651611,-89.44477505,6.809665518,-0.2815116,-0.106679246
297212,43.04651611,-89.44477505,6.809665518,-0.25248626,-0.09866304
297269,43.04653424,-89.44470434,6.395162867,-0.2353952,0.058038823
297326,43.04653424,-89.44470434,6.395162867,-0.14138055,0.03936576
297393,43.04653424,-89.44470434,6.395162867,-0.15633897,0.04470723
297457,43.04653424,-89.44470434,6.395162867,-0.19292612,0.013114973
297520,43.04653424,-89.44470434,6.395162867,-0.09264628,0.14328462
297579,43.04653424,-89.44470434,6.395162867,-0.20142627,-0.025364684
297635,43.04653424,-89.44470434,6.395162867,-0.16895337,-0.005797836
297698,43.04653424,-89.44470434,6.395162867,-0.12977426,0.09481132
297760,43.04653424,-89.44470434,6.395162867,-0.15073526,0.06232779
297818,43.04653424,-89.44470434,6.395162867,-0.14385583,0.043663744
297876,43.04653424,-89.44470434,6.395162867,-0.27284756,0.08342912
297932,43.04653424,-89.44470434,6.395162867,-0.20080563,0.098767124
297988,43.04653424,-89.44470434,6.395162867,-0.19696264,0.03765276
298048,43.04653424,-89.44470434,6.395162867,-0.15059133,0.042576727
298107,43.04653424,-89.44470434,6.395162867,-0.14120726,0.028068602
298165,43.04653424,-89.44470434,6.395162867,-0.112342045,0.060394593
298222,43.04653424,-89.44470434,6.395162867,-0.112189986,0.05218182
298281,43.04656883,-89.44465001,6.372272471,-0.05020518,0.13535896
298338,43.04656883,-89.44465001,6.372272471,-0.22214203,-0.029162193
298397,43.04656883,-89.44465001,6.372272471,-0.06624563,0.018884663
298454,43.04656883,-89.44465001,6.372272471,-0.13936533,0.001929496
298515,43.04656883,-89.44465001,6.372272471,-0.19769865,0.06842155
298575,43.04656883,-89.44465001,6.372272471,-0.21899424,0.07887997
298635,43.04656883,-89.44465001,6.372272471,-0.054666903,0.057384133
298690,43.04656883,-89.44465001,6.372272471,-0.06792677,0.032858603
298747,43.04656883,-89.44465001,6.372272471,-0.07624401,0.039857686
298805,43.04656883,-89.44465001,6.372272471,-0.07305614,0.08947741
298869,43.04656883,-89.44465001,6.372272471,-0.11972874,0.03384321
298929,43.04656883,-89.44465001,6.372272471,-0.15901417,0.037616074
298987,43.04656883,-89.44465001,6.372272471,-0.030964509,0.027537894
299049,43.04656883,-89.44465001,6.372272471,-0.008349863,0.011273669
299111,43.04656883,-89.44465001,6.372272471,-0.08791979,0.07245791
299169,43.04656883,-89.44465001,6.372272471,-0.053036947,0.10523033
299229,43.04656883,-89.44465001,6.372272471,-0.096771635,0.06839788
299287,43.04661763,-89.44460464,6.662472331,-0.025003346,0.003278797
299344,43.04661763,-89.44460464,6.662472331,-0.06623118,0.060525786
299402,43.04661763,-89.44460464,6.662472331,-0.044159453,0.05635254
299459,43.04661763,-89.44460464,6.662472331,-0.030958455,0.011072578
299520,43.04661763,-89.44460464,6.662472331,-0.065256186,0.06681958
299577,43.04661763,-89.44460464,6.662472331,-0.0606393,-0.012515348
299634,43.04661763,-89.44460464,6.662472331,-0.13848218,0.026522357
299699,43.04661763,-89.44460464,6.662472331,0.068124585,-0.005144204
299762,43.04661763,-89.44460464,6.662472331,0.00445267,0.014008023
299823,43.04661763,-89.44460464,6.662472331,0.035915278,-0.07687415
299889,43.04661763,-89.44460464,6.662472331,0.013711542,0.003573744
299946,43.04661763,-89.44460464,6.662472331,-0.060708564,0.08582862
300007,43.04661763,-89.44460464,6.662472331,-0.08731473,0.009617248
300071,43.04661763,-89.44460464,6.662472331,-0.036346555,0.11305235
300134,43.04661763,-89.44460464,6.662472331,0.03989794,0.110519126
300194,43.04661763,-89.44460464,6.662472331,0.12844984,0.09141826
300250,43.04661763,-89.44460464,6.662472331,0.10158428,0.03993599
300313,43.04667956,-89.44456837,7.130717614,0.030850668,-0.012720622
300372,43.04667956,-89.44456837,7.130717614,-0.051911414,0.12956537
300430,43.04667956,-89.44456837,7.130717614,0.06941523,-0.006981473
300490,43.04667956,-89.44456837,7.130717614,0.071956515,0.09298421
300557,43.04667956,-89.44456837,7.130717614,0.18381958,0.065573275
300615,43.04667956,-89.44456837,7.130717614,0.08901021,0.010889247
300680,43.04667956,-89.44456837,7.130717614,1.01E-04,-0.039769564
300746,43.04667956,-89.44456837,7.130717614,0.00883136,-0.08137055
300809,43.04667956,-89.44456837,7.130717614,0.20034963,0.24914385
300870,43.04667956,-89.44456837,7.130717614,0.098770626,0.06575289
300928,43.04667956,-89.44456837,7.130717614,0.092623636,0.03046225
300996,43.04667956,-89.44456837,7.130717614,0.044399917,0.025898844
301063,43.04667956,-89.44456837,7.130717614,0.019329224,0.06542353
301126,43.04667956,-89.44456837,7.130717614,-0.044206306,0.024967832
301191,43.04667956,-89.44456837,7.130717614,-0.0881165,-0.013640776
301249,43.04667956,-89.44456837,7.130717614,0.06209751,-0.010673691
301311,43.04674997,-89.44453474,7.74038087,0.060038485,-0.013093007
301489,43.04674997,-89.44453474,7.74038087,-0.03240947,0.016329657
301550,43.04674997,-89.44453474,7.74038087,0.0999912,0.039959747
301624,43.04674997,-89.44453474,7.74038087,0.048795365,0.019438991
301680,43.04674997,-89.44453474,7.74038087,0.02744161,0.0713866
301740,43.04674997,-89.44453474,7.74038087,-0.023860965,-0.017685236
301804,43.04674997,-89.44453474,7.74038087,0.015797244,0.010371361
301865,43.04674997,-89.44453474,7.74038087,0.047582038,0.078428924
301924,43.04674997,-89.44453474,7.74038087,-0.04566929,-0.035915647
301982,43.04674997,-89.44453474,7.74038087,-0.06420259,-0.050670594
302043,43.04674997,-89.44453474,7.74038087,-0.06537868,-0.031848326
302105,43.04674997,-89.44453474,7.74038087,-0.032739766,-0.002113529
302166,43.04674997,-89.44453474,7.74038087,-0.019480526,-0.15362616
302224,43.04674997,-89.44453474,7.74038087,-0.16799,-0.08776572
302287,43.04682913,-89.44450162,8.396645896,-0.07056212,0.043635592
302343,43.04682913,-89.44450162,8.396645896,-0.030594314,-0.034396857
302401,43.04682913,-89.44450162,8.396645896,-0.064733475,-0.001543774
302463,43.04682913,-89.44450162,8.396645896,0.010474143,-0.044489846
302519,43.04682913,-89.44450162,8.396645896,-0.003890316,0.017850587
302578,43.04682913,-89.44450162,8.396645896,0.046067774,-0.02117108
302642,43.04682913,-89.44450162,8.396645896,0.023670552,0.028379824
302698,43.04682913,-89.44450162,8.396645896,0.057814267,-0.004143324
302756,43.04682913,-89.44450162,8.396645896,0.1087612,0.019326892
302818,43.04682913,-89.44450162,8.396645896,0.10078173,-0.03474247
302877,43.04682913,-89.44450162,8.396645896,0.057955638,-0.03920991
302934,43.04682913,-89.44450162,8.396645896,0.054034263,-0.06523091
302992,43.04682913,-89.44450162,8.396645896,0.057598405,-0.1127047
303048,43.04682913,-89.44450162,8.396645896,0.04146422,-0.12294316
303110,43.04682913,-89.44450162,8.396645896,0.10800929,-0.17056346
303167,43.04682913,-89.44450162,8.396645896,0.0844429,-0.13146953
303225,43.04682913,-89.44450162,8.396645896,0.05123662,-0.12393036
303283,43.0469118,-89.44446649,8.919627781,0.032386113,-0.174492
303340,43.0469118,-89.44446649,8.919627781,0.039465725,-0.13625829
303398,43.0469118,-89.44446649,8.919627781,0.005082728,-0.13713065
303462,43.0469118,-89.44446649,8.919627781,0.058352653,-0.07868689
303521,43.0469118,-89.44446649,8.919627781,0.0437038,-0.12795374
303579,43.0469118,-89.44446649,8.919627781,0.041964788,-0.07794906
303638,43.0469118,-89.44446649,8.919627781,0.05509551,-0.07426156
303697,43.0469118,-89.44446649,8.919627781,0.006990889,-0.06793324
303754,43.0469118,-89.44446649,8.919627781,0.031058498,-0.06488321
303811,43.0469118,-89.44446649,8.919627781,0.041134432,-0.02143712
303875,43.0469118,-89.44446649,8.919627781,0.023832005,-0.007793205
303939,43.0469118,-89.44446649,8.919627781,-0.022706445,-0.004433375
304000,43.0469118,-89.44446649,8.919627781,-0.003825025,7.80E-04
304060,43.0469118,-89.44446649,8.919627781,0.042001054,-0.053167798
304131,43.0469118,-89.44446649,8.919627781,0.06655245,-0.087265804
304191,43.0469118,-89.44446649,8.919627781,0.14857897,0.002371664
304248,43.0469118,-89.44446649,8.919627781,0.062163316,-0.06339774
304305,43.04699451,-89.44443292,9.106345532,0.005840836,-0.08458176
304360,43.04699451,-89.44443292,9.106345532,0.09337843,-0.013225016
304417,43.04699451,-89.44443292,9.106345532,-0.16236016,-0.026301617
304475,43.04699451,-89.44443292,9.106345532,0.121248946,-0.08399621
304535,43.04699451,-89.44443292,9.106345532,0.13734375,0.038532414
304593,43.04699451,-89.44443292,9.106345532,0.06936093,-0.022228131
304651,43.04699451,-89.44443292,9.106345532,0.09470563,-0.058626812
304717,43.04699451,-89.44443292,9.106345532,-0.09369664,-0.03569722
304779,43.04699451,-89.44443292,9.106345532,0.026722329,-0.060513582
304839,43.04699451,-89.44443292,9.106345532,0.07240168,-0.063961565
304901,43.04699451,-89.44443292,9.106345532,0.028601125,-0.03768381
304962,43.04699451,-89.44443292,9.106345532,0.043885607,-0.03320387
305022,43.04699451,-89.44443292,9.106345532,0.0464899,-0.03421043
305083,43.04699451,-89.44443292,9.106345532,-0.03240919,-0.07603882
305144,43.04699451,-89.44443292,9.106345532,0.05309416,-0.07923793
305204,43.04699451,-89.44443292,9.106345532,-0.022132596,-0.035540722
305265,43.04707299,-89.44439856,9.147081779,0.00401312,-0.11179945
305320,43.04707299,-89.44439856,9.147081779,-0.03111048,-0.06523564
305381,43.04707299,-89.44439856,9.147081779,-0.002103103,-0.08673079
305438,43.04707299,-89.44439856,9.147081779,0.006438425,0.025718087
305500,43.04707299,-89.44439856,9.147081779,-0.07468076,-0.10614457
305565,43.04707299,-89.44439856,9.147081779,0.024152616,-0.07507872
305626,43.04707299,-89.44439856,9.147081779,-0.07635873,-0.1220033
305688,43.04707299,-89.44439856,9.147081779,-0.006286856,-0.089031056
305748,43.04707299,-89.44439856,9.147081779,-0.071876384,-0.038510423
305805,43.04707299,-89.44439856,9.147081779,-0.03200806,-0.10816126
305864,43.04707299,-89.44439856,9.147081779,0.002450637,0.050317522
305924,43.04707299,-89.44439856,9.147081779,-0.032835227,-0.09553303
305983,43.04707299,-89.44439856,9.147081779,-0.031909086,-0.08019946
306039,43.04707299,-89.44439856,9.147081779,0.004730513,-0.06348189
306098,43.04707299,-89.44439856,9.147081779,-0.013841555,-0.1050207
306157,43.04707299,-89.44439856,9.147081779,0.01232357,-0.08994913
306214,43.04707299,-89.44439856,9.147081779,0.04084318,-0.083069846
306273,43.04715036,-89.44437068,8.98819261,0.039325412,-0.103483774
306330,43.04715036,-89.44437068,8.98819261,0.012253025,-0.07053082
306387,43.04715036,-89.44437068,8.98819261,0.036214914,-0.014890988
306446,43.04715036,-89.44437068,8.98819261,0.06703279,-0.107657716
306506,43.04715036,-89.44437068,8.98819261,0.067417674,-0.1305234
306566,43.04715036,-89.44437068,8.98819261,0.06178953,-0.020458732
306625,43.04715036,-89.44437068,8.98819261,0.14337835,-0.08095593
306684,43.04715036,-89.44437068,8.98819261,0.043034855,-0.033506926
306746,43.04715036,-89.44437068,8.98819261,0.0615692,-0.14421682
306806,43.04715036,-89.44437068,8.98819261,0.1291859,-0.1340488
306867,43.04715036,-89.44437068,8.98819261,0.02970593,-0.13066766
306925,43.04715036,-89.44437068,8.98819261,-0.03756659,-0.081009254
306984,43.04715036,-89.44437068,8.98819261,0.012124886,-0.14632812
307048,43.04715036,-89.44437068,8.98819261,0.12883048,-0.13373022
307111,43.04715036,-89.44437068,8.98819261,0.21727544,-0.12445646
307170,43.04715036,-89.44437068,8.98819261,0.045246456,-0.082812406
307229,43.04715036,-89.44437068,8.98819261,0.12212871,-0.14287014
307288,43.0472212,-89.44434624,8.50732959,-0.035408616,-0.14302622
307345,43.0472212,-89.44434624,8.50732959,0.1193095,-0.18272917
307402,43.0472212,-89.44434624,8.50732959,0.02072063,-0.04034006
307460,43.0472212,-89.44434624,8.50732959,0.03924536,-0.101098984
307520,43.0472212,-89.44434624,8.50732959,0.23278674,-0.05687281
307578,43.0472212,-89.44434624,8.50732959,0.17749502,-0.17131189
307638,43.0472212,-89.44434624,8.50732959,0.17590302,-0.049453374
307694,43.0472212,-89.44434624,8.50732959,0.1414289,-0.09158483
307754,43.0472212,-89.44434624,8.50732959,0.12468174,-0.07083755
307813,43.0472212,-89.44434624,8.50732959,0.22693177,-0.014478279
307871,43.0472212,-89.44434624,8.50732959,0.09009816,-0.03291309
307928,43.0472212,-89.44434624,8.50732959,0.1973816,-0.027102787
307989,43.0472212,-89.44434624,8.50732959,0.12166055,-0.02199491
308048,43.0472212,-89.44434624,8.50732959,0.24574,-0.001646907
308107,43.0472212,-89.44434624,8.50732959,0.2903381,-0.007946755
308165,43.0472212,-89.44434624,8.50732959,0.2344557,-0.13808438
308225,43.0472212,-89.44434624,8.50732959,0.19152516,-0.10387358
308288,43.04728152,-89.44431732,7.884390048,0.34236932,-0.005768338
308346,43.04728152,-89.44431732,7.884390048,0.26344344,-0.038044468
308405,43.04728152,-89.44431732,7.884390048,0.24596536,-0.067355715
308462,43.04728152,-89.44431732,7.884390048,0.29122663,-0.07229057
308520,43.04728152,-89.44431732,7.884390048,0.337845,-0.03704368
308577,43.04728152,-89.44431732,7.884390048,0.2456296,0.011698112
308635,43.04728152,-89.44431732,7.884390048,0.32859275,0.008473587
308693,43.04728152,-89.44431732,7.884390048,0.3394017,0.007546451
308752,43.04728152,-89.44431732,7.884390048,0.30570665,0.008906679
308812,43.04728152,-89.44431732,7.884390048,0.2679485,-0.08954568
308872,43.04728152,-89.44431732,7.884390048,0.2656263,0.04605191
308930,43.04728152,-89.44431732,7.884390048,0.35443553,-0.06122664
308990,43.04728152,-89.44431732,7.884390048,0.363652,-0.025138762
309048,43.04728152,-89.44431732,7.884390048,0.18433988,-0.054460235
309109,43.04728152,-89.44431732,7.884390048,0.23719276,-0.029655484
309167,43.04728152,-89.44431732,7.884390048,0.13614178,-0.061518326
309224,43.04728152,-89.44431732,7.884390048,0.10207471,-0.009433013
309287,43.04733256,-89.44427278,7.420996196,0.22576796,-0.026584335
309346,43.04733256,-89.44427278,7.420996196,0.29660493,0.014204855
309405,43.04733256,-89.44427278,7.420996196,0.27883172,-0.002383109
309464,43.04733256,-89.44427278,7.420996196,0.22264238,0.007151315
309521,43.04733256,-89.44427278,7.420996196,0.12544443,0.051462665
309577,43.04733256,-89.44427278,7.420996196,-0.05239989,-0.065703705
309637,43.04733256,-89.44427278,7.420996196,0.06439245,-0.025817314
309697,43.04733256,-89.44427278,7.420996196,0.037187412,-0.005969115
309757,43.04733256,-89.44427278,7.420996196,0.10282973,-0.071030214
309816,43.04733256,-89.44427278,7.420996196,0.17848298,-0.022063231
309873,43.04733256,-89.44427278,7.420996196,0.08978747,-0.004516992
309930,43.04733256,-89.44427278,7.420996196,0.11940585,-0.07139491
309987,43.04733256,-89.44427278,7.420996196,0.06840714,-0.06787807
310047,43.04733256,-89.44427278,7.420996196,0.10375879,0.10737702
310111,43.04733256,-89.44427278,7.420996196,0.006083908,-0.033451572
310169,43.04733256,-89.44427278,7.420996196,0.06028866,-0.024379188
310232,43.04733256,-89.44427278,7.420996196,0.06913205,0.005075636
310288,43.04736267,-89.4442079,7.011859803,0.08373955,-0.04421255
310346,43.04736267,-89.4442079,7.011859803,0.06763792,-0.06980411
310404,43.04736267,-89.4442079,7.011859803,0.13520467,-0.053213295
310462,43.04736267,-89.4442079,7.011859803,0.10250508,-0.004546831
310520,43.04736267,-89.4442079,7.011859803,0.11595069,-0.008327421
310578,43.04736267,-89.4442079,7.011859803,0.026281117,-0.00536667
310641,43.04736267,-89.4442079,7.011859803,0.109334074,-0.029988132
310698,43.04736267,-89.4442079,7.011859803,0.070944935,-0.028926691
310757,43.04736267,-89.4442079,7.011859803,0.12355088,-0.006145106
310816,43.04736267,-89.4442079,7.011859803,0.12290151,0.017272163
310874,43.04736267,-89.4442079,7.011859803,0.15340726,-0.015067286
310933,43.04736267,-89.4442079,7.011859803,0.13475822,-0.036527585
310995,43.04736267,-89.4442079,7.011859803,0.13375655,-0.05059991
311060,43.04736267,-89.4442079,7.011859803,0.13066469,-0.024768922
311118,43.04736267,-89.4442079,7.011859803,0.13991563,-0.03386686
311179,43.04736267,-89.4442079,7.011859803,0.14291441,-0.04585374
311238,43.04736267,-89.4442079,7.011859803,0.14054438,-0.02347927
311295,43.04738178,-89.4441318,6.74915766,0.095132895,-0.022265175
311351,43.04738178,-89.4441318,6.74915766,0.12077789,-0.031740155
311415,43.04738178,-89.4441318,6.74915766,0.1397703,0.01639631
311476,43.04738178,-89.4441318,6.74915766,0.12793395,-0.0475489
311538,43.04738178,-89.4441318,6.74915766,0.13832924,-0.016739665
311599,43.04738178,-89.4441318,6.74915766,0.14698565,-0.011302836
311673,43.04738178,-89.4441318,6.74915766,0.16053294,-0.058021177
311729,43.04738178,-89.4441318,6.74915766,0.0499139,-0.023657447
311790,43.04738178,-89.4441318,6.74915766,0.13804242,-0.060586505
311847,43.04738178,-89.4441318,6.74915766,0.07509121,-0.09048214
311905,43.04738178,-89.4441318,6.74915766,0.0821579,-0.048227645
311964,43.04738178,-89.4441318,6.74915766,0.09915567,-0.061557487
312021,43.04738178,-89.4441318,6.74915766,0.09486112,-0.09453556
312082,43.04738178,-89.4441318,6.74915766,0.14013483,-0.07305906
312140,43.04738178,-89.4441318,6.74915766,0.01639868,-0.051702205
312200,43.04738178,-89.4441318,6.74915766,0.054121368,0.002982954
312259,43.04738178,-89.4441318,6.74915766,0.09987682,-0.021043178
312318,43.04738598,-89.44405117,6.633798643,0.12199,0.024169972
312376,43.04738598,-89.44405117,6.633798643,0.08697663,0.03867127
312433,43.04738598,-89.44405117,6.633798643,0.17284976,0.065464795
312494,43.04738598,-89.44405117,6.633798643,0.08639875,0.026990963
312558,43.04738598,-89.44405117,6.633798643,0.06483905,0.055813678
312619,43.04738598,-89.44405117,6.633798643,0.03784816,0.037840296
312677,43.04738598,-89.44405117,6.633798643,0.027903827,0.006641101
312736,43.04738598,-89.44405117,6.633798643,-0.022664702,4.37E-04
312796,43.04738598,-89.44405117,6.633798643,-0.067492254,0.006706976
312855,43.04738598,-89.44405117,6.633798643,0.10793412,0.054449275
312916,43.04738598,-89.44405117,6.633798643,-0.05821971,0.029415997
312975,43.04738598,-89.44405117,6.633798643,-0.029683076,0.08499525
313032,43.04738598,-89.44405117,6.633798643,-0.001508111,0.021602347
313090,43.04738598,-89.44405117,6.633798643,-0.045669038,-0.005546263
313150,43.04738598,-89.44405117,6.633798643,-0.10337066,0.021990832
313212,43.04738598,-89.44405117,6.633798643,-0.077398114,0.06313471
313277,43.04737315,-89.44396959,6.834301593,-0.07572363,0.04240735
313332,43.04737315,-89.44396959,6.834301593,-0.07076471,0.041784193
313391,43.04737315,-89.44396959,6.834301593,-0.07243192,0.006698779
313450,43.04737315,-89.44396959,6.834301593,-0.06182885,0.032240912
313509,43.04737315,-89.44396959,6.834301593,-0.07368803,0.009216216
313570,43.04737315,-89.44396959,6.834301593,-0.08065365,-0.027389934
313631,43.04737315,-89.44396959,6.834301593,-0.092584684,0.0413863
313692,43.04737315,-89.44396959,6.834301593,-0.12390791,-0.007272569
313755,43.04737315,-89.44396959,6.834301593,-0.051707648,0.051052254
313813,43.04737315,-89.44396959,6.834301593,0.014933323,0.016698353
313870,43.04737315,-89.44396959,6.834301593,-0.057652444,0.022360124
313936,43.04737315,-89.44396959,6.834301593,-0.036679517,0.012625964
313996,43.04737315,-89.44396959,6.834301593,0.09142787,0.06200942
314058,43.04737315,-89.44396959,6.834301593,-0.049884368,0.022690305
314116,43.04737315,-89.44396959,6.834301593,-0.06321892,0.028541371
314175,43.04737315,-89.44396959,6.834301593,-0.04322284,-0.006214246
314243,43.04737315,-89.44396959,6.834301593,-0.07360851,0.016077155
314304,43.04735038,-89.44388355,7.309696557,-0.13923381,0.028119143
314472,43.04735038,-89.44388355,7.309696557,-0.041195646,-0.010767303
314528,43.04735038,-89.44388355,7.309696557,-0.02892211,0.002415383
314590,43.04735038,-89.44388355,7.309696557,-0.08524502,0.012781965
314653,43.04735038,-89.44388355,7.309696557,-0.09302667,0.014641125
314714,43.04735038,-89.44388355,7.309696557,-0.03404034,0.013548617
314775,43.04735038,-89.44388355,7.309696557,-0.13584001,-0.019439384
314832,43.04735038,-89.44388355,7.309696557,-0.053578258,0.012140791
314893,43.04735038,-89.44388355,7.309696557,0.002560297,-0.01199653
314953,43.04735038,-89.44388355,7.309696557,-0.053265456,-0.060981825
315018,43.04735038,-89.44388355,7.309696557,-0.1512731,0.02294654
315077,43.04735038,-89.44388355,7.309696557,0.33031058,-0.029157903
315135,43.04735038,-89.44388355,7.309696557,-0.058281437,-0.12100969
315196,43.04735038,-89.44388355,7.309696557,-0.3402112,-0.054212667
315256,43.04735038,-89.44388355,7.309696557,-0.10825821,-0.027004484
315314,43.04732431,-89.44378704,7.908819033,-0.036195558,-0.023318589
315372,43.04732431,-89.44378704,7.908819033,-0.08936554,-0.04475349
315435,43.04732431,-89.44378704,7.908819033,0.003337417,-0.07415134
315493,43.04732431,-89.44378704,7.908819033,0.19453199,-0.059728343
315550,43.04732431,-89.44378704,7.908819033,0.038433257,0.009408771
315608,43.04732431,-89.44378704,7.908819033,-0.18409644,-0.053890403
315665,43.04732431,-89.44378704,7.908819033,-0.12892187,0.011533589
315722,43.04732431,-89.44378704,7.908819033,-0.15892887,-0.05086784
315779,43.04732431,-89.44378704,7.908819033,0.09034724,0.027248023
315836,43.04732431,-89.44378704,7.908819033,-0.05013856,-0.029061848
315895,43.04732431,-89.44378704,7.908819033,0.047154453,0.026876198
315957,43.04732431,-89.44378704,7.908819033,0.07863139,-0.007594762
316017,43.04732431,-89.44378704,7.908819033,0.112121545,0.024065958
316079,43.04732431,-89.44378704,7.908819033,0.07217282,-0.06377579
316138,43.04732431,-89.44378704,7.908819033,0.013737269,-0.032102086
316203,43.04732431,-89.44378704,7.908819033,0.015504042,0.11958881
316267,43.04729246,-89.44367984,8.449453254,0.04193368,-0.024617068
316324,43.04729246,-89.44367984,8.449453254,0.12170346,-0.007407555
316384,43.04729246,-89.44367984,8.449453254,0.03855638,0.008413443
316441,43.04729246,-89.44367984,8.449453254,-0.055287562,0.001344385
316501,43.04729246,-89.44367984,8.449453254,-0.001010489,-0.04515747
316561,43.04729246,-89.44367984,8.449453254,0.021836497,0.0340866
316622,43.04729246,-89.44367984,8.449453254,0.054808192,-0.07961543
316682,43.04729246,-89.44367984,8.449453254,0.07133551,-0.03219061
316743,43.04729246,-89.44367984,8.449453254,0.049064666,0.02385605
316800,43.04729246,-89.44367984,8.449453254,0.047519702,-0.053583167
316858,43.04729246,-89.44367984,8.449453254,-0.03570414,-0.07256548
316916,43.04729246,-89.44367984,8.449453254,0.053450346,-0.032346323
316981,43.04729246,-89.44367984,8.449453254,0.042747658,-0.017474012
317043,43.04729246,-89.44367984,8.449453254,-0.04336617,0.0102818
317104,43.04729246,-89.44367984,8.449453254,-0.111818366,-0.08654699
317162,43.04729246,-89.44367984,8.449453254,-0.0246103,0.010392564
317219,43.04729246,-89.44367984,8.449453254,-0.06822877,0.005890273
317281,43.04725847,-89.44357088,8.950878846,0.016982239,0.010201176
317338,43.04725847,-89.44357088,8.950878846,-0.06839849,0.02823389
317397,43.04725847,-89.44357088,8.950878846,0.011829032,0.037653733
317456,43.04725847,-89.44357088,8.950878846,-0.17623119,-0.03581582
317513,43.04725847,-89.44357088,8.950878846,-0.044479415,0.026875118
317570,43.04725847,-89.44357088,8.950878846,-0.014775764,0.001041902
317627,43.04725847,-89.44357088,8.950878846,-0.077883214,-0.1451825
317689,43.04725847,-89.44357088,8.950878846,0.069445975,-0.12375131
317745,43.04725847,-89.44357088,8.950878846,-0.09529747,-0.01848582
317803,43.04725847,-89.44357088,8.950878846,0.002810561,-0.036208518
317865,43.04725847,-89.44357088,8.950878846,0.002340016,0.001515779
317927,43.04725847,-89.44357088,8.950878846,-0.016618999,0.02632804
317986,43.04725847,-89.44357088,8.950878846,-0.04530016,-0.019444028
318054,43.04725847,-89.44357088,8.950878846,-0.067435384,-0.026434215
318116,43.04725847,-89.44357088,8.950878846,-0.013547245,-0.11224944
318180,43.04725847,-89.44357088,8.950878846,-0.05424365,-0.03627344
318246,43.04725847,-89.44357088,8.950878846,-0.019170186,-0.060225353
318304,43.04722046,-89.44345772,9.386673396,-0.15017185,-0.014719028
318361,43.04722046,-89.44345772,9.386673396,-0.09151571,-0.05557404
318423,43.04722046,-89.44345772,9.386673396,-0.06538793,-0.114210084
318487,43.04722046,-89.44345772,9.386673396,-0.057566423,-0.08186247
318544,43.04722046,-89.44345772,9.386673396,0.030787755,-0.1416058
318602,43.04722046,-89.44345772,9.386673396,0.005811479,-0.08880763
318660,43.04722046,-89.44345772,9.386673396,-0.047264975,-0.11424434
318719,43.04722046,-89.44345772,9.386673396,-0.0357313,-0.102218285
318781,43.04722046,-89.44345772,9.386673396,9.63E-04,-0.06567409
318842,43.04722046,-89.44345772,9.386673396,-0.018571617,-0.073675625
318900,43.04722046,-89.44345772,9.386673396,-0.01585938,-0.09495157
318957,43.04722046,-89.44345772,9.386673396,-0.042450923,-0.086696945
319014,43.04722046,-89.44345772,9.386673396,0.009129298,-0.057756517
319073,43.04722046,-89.44345772,9.386673396,0.024353476,-0.14172134
319130,43.04722046,-89.44345772,9.386673396,0.021981314,-0.1650436
319194,43.04722046,-89.44345772,9.386673396,0.01238373,-0.13325694
319255,43.04722046,-89.44345772,9.386673396,-0.032490153,-0.13045378
319313,43.0471811,-89.44334796,9.554942193,0.003739156,-0.15093744
319370,43.0471811,-89.44334796,9.554942193,-0.047873992,-0.13319361
319427,43.0471811,-89.44334796,9.554942193,-0.008753021,-0.16035722
319487,43.0471811,-89.44334796,9.554942193,-0.002879597,-0.17165262
319548,43.0471811,-89.44334796,9.554942193,-0.06058817,-0.1712998
319609,43.0471811,-89.44334796,9.554942193,-0.010326017,-0.20826335
319669,43.0471811,-89.44334796,9.554942193,-0.12612572,-0.18895751
319729,43.0471811,-89.44334796,9.554942193,-0.05154551,-0.17640653
319789,43.0471811,-89.44334796,9.554942193,0.061947256,-0.20151037
319851,43.0471811,-89.44334796,9.554942193,-0.15649083,-0.21577418
319911,43.0471811,-89.44334796,9.554942193,-0.10594863,-0.2004749
319971,43.0471811,-89.44334796,9.554942193,-0.08341263,-0.17587008
320031,43.0471811,-89.44334796,9.554942193,-0.062023498,-0.22645672
320092,43.0471811,-89.44334796,9.554942193,0.03051535,-0.22433852
320151,43.0471811,-89.44334796,9.554942193,-0.12247536,-0.20403689
320214,43.0471811,-89.44334796,9.554942193,0.00345931,-0.20679311
320276,43.04714366,-89.44324676,9.19597496,-0.044630982,-0.23160467
320336,43.04714366,-89.44324676,9.19597496,-0.013897698,-0.19913132
320403,43.04714366,-89.44324676,9.19597496,-0.013297112,-0.24560927
320463,43.04714366,-89.44324676,9.19597496,-0.003919249,-0.23909564
320521,43.04714366,-89.44324676,9.19597496,-0.042226724,-0.22642018
320579,43.04714366,-89.44324676,9.19597496,-0.06707412,-0.21036042
320639,43.04714366,-89.44324676,9.19597496,0.018360965,-0.37040883
320696,43.04714366,-89.44324676,9.19597496,-0.028690428,-0.18054757
320752,43.04714366,-89.44324676,9.19597496,-0.031880826,-0.20821871
320814,43.04714366,-89.44324676,9.19597496,-0.005394998,-0.2771519
320873,43.04714366,-89.44324676,9.19597496,0.024138805,-0.19026786
320934,43.04714366,-89.44324676,9.19597496,0.026017718,-0.16150577
320991,43.04714366,-89.44324676,9.19597496,0.008920843,-0.16478372
321048,43.04714366,-89.44324676,9.19597496,-0.051915646,-0.15260297
321108,43.04714366,-89.44324676,9.19597496,-0.10537265,-0.19135317
321169,43.04714366,-89.44324676,9.19597496,-0.060980115,-0.17669892
321228,43.04714366,-89.44324676,9.19597496,-0.072844766,-0.17331341
321288,43.04711412,-89.44316409,8.188702186,0.051509794,-0.24426642
321344,43.04711412,-89.44316409,8.188702186,0.003264635,-0.2728798
321404,43.04711412,-89.44316409,8.188702186,-0.01759643,-0.2254907
321461,43.04711412,-89.44316409,8.188702186,0.082704954,-0.14306034
321518,43.04711412,-89.44316409,8.188702186,-0.11322888,-0.14678
321575,43.04711412,-89.44316409,8.188702186,-0.054326866,-0.059911456
321632,43.04711412,-89.44316409,8.188702186,0.022768093,-2.16E-04
321692,43.04711412,-89.44316409,8.188702186,-0.014629424,-0.06027081
321750,43.04711412,-89.44316409,8.188702186,0.12523305,-0.030973507
321808,43.04711412,-89.44316409,8.188702186,-0.026940178,0.05327609
321865,43.04711412,-89.44316409,8.188702186,-0.077156626,0.045316014
321921,43.04711412,-89.44316409,8.188702186,0.021251714,0.032188587
321979,43.04711412,-89.44316409,8.188702186,-0.12596822,-0.016407123
322039,43.04711412,-89.44316409,8.188702186,0.013978941,-0.001117988
322102,43.04711412,-89.44316409,8.188702186,0.09294373,0.001837458
322160,43.04711412,-89.44316409,8.188702186,0.15098038,-0.009378361
322217,43.04711412,-89.44316409,8.188702186,0.055615537,0.08561544
322274,43.04709158,-89.44309871,7.178193998,0.021617923,-0.050301224
322330,43.04709158,-89.44309871,7.178193998,0.1675167,0.02457509
322388,43.04709158,-89.44309871,7.178193998,0.07601861,-0.004855383
322445,43.04709158,-89.44309871,7.178193998,0.053803436,0.021708878
322503,43.04709158,-89.44309871,7.178193998,0.30737868,0.06710305
322562,43.04709158,-89.44309871,7.178193998,0.2356385,0.16590501
322618,43.04709158,-89.44309871,7.178193998,0.16798633,0.035828806
322676,43.04709158,-89.44309871,7.178193998,0.2319403,0.02015797
322737,43.04709158,-89.44309871,7.178193998,0.14908339,0.007014096
322795,43.04709158,-89.44309871,7.178193998,0.10043063,0.077846274
322854,43.04709158,-89.44309871,7.178193998,0.006086004,0.02670455
322916,43.04709158,-89.44309871,7.178193998,0.15315948,-0.044565663
322978,43.04709158,-89.44309871,7.178193998,0.107300244,-0.031566244
323038,43.04709158,-89.44309871,7.178193998,0.20805098,-0.07007293
323095,43.04709158,-89.44309871,7.178193998,0.21962112,-0.12933871
323153,43.04709158,-89.44309871,7.178193998,0.18829376,-0.08307694
323218,43.04709158,-89.44309871,7.178193998,0.30681723,-0.04781673
323284,43.04706453,-89.44303894,6.646231432,0.18929294,-0.04460449
323342,43.04706453,-89.44303894,6.646231432,0.1627624,0.017651731
323403,43.04706453,-89.44303894,6.646231432,0.14633897,0.12568969
323464,43.04706453,-89.44303894,6.646231432,0.15547675,0.1092872
323526,43.04706453,-89.44303894,6.646231432,0.027839288,0.095424145
323583,43.04706453,-89.44303894,6.646231432,0.12828791,0.13049115
323640,43.04706453,-89.44303894,6.646231432,0.20401283,0.06778349
323706,43.04706453,-89.44303894,6.646231432,0.27612567,0.014785649
323763,43.04706453,-89.44303894,6.646231432,0.21387453,0.005834421
323822,43.04706453,-89.44303894,6.646231432,0.32277378,0.029981865
323878,43.04706453,-89.44303894,6.646231432,0.294651,-1.00E-04
323935,43.04706453,-89.44303894,6.646231432,0.10992995,0.034426473
323993,43.04706453,-89.44303894,6.646231432,0.120256245,-0.031434227
324053,43.04706453,-89.44303894,6.646231432,0.12315672,0.04041055
324112,43.04706453,-89.44303894,6.646231432,0.09944166,0.017782504
324170,43.04706453,-89.44303894,6.646231432,0.24448961,0.028176358
324226,43.04706453,-89.44303894,6.646231432,0.2583457,0.156204
324291,43.04702077,-89.44299532,6.536627638,0.15749232,-0.00718447
324348,43.04702077,-89.44299532,6.536627638,0.18987371,0.047046218
324405,43.04702077,-89.44299532,6.536627638,0.2692425,0.047140867
324465,43.04702077,-89.44299532,6.536627638,0.03915713,-0.005941042
324523,43.04702077,-89.44299532,6.536627638,0.23622496,-0.040779185
324580,43.04702077,-89.44299532,6.536627638,0.18004593,0.04733579
324636,43.04702077,-89.44299532,6.536627638,0.1170577,-0.027994787
324697,43.04702077,-89.44299532,6.536627638,0.06684561,-0.10519616
324756,43.04702077,-89.44299532,6.536627638,0.05865087,-0.011376036
324815,43.04702077,-89.44299532,6.536627638,0.12542175,-0.061054736
324873,43.04702077,-89.44299532,6.536627638,-0.06558208,-0.002443121
324936,43.04702077,-89.44299532,6.536627638,0.03413688,-0.011026411
324994,43.04702077,-89.44299532,6.536627638,0.051583894,-0.00953803
325054,43.04702077,-89.44299532,6.536627638,0.10585939,0.039821055
325111,43.04702077,-89.44299532,6.536627638,0.1253198,0.07445654
325176,43.04702077,-89.44299532,6.536627638,0.042536166,-0.05425102
325234,43.04702077,-89.44299532,6.536627638,-0.042637166,-0.008428902
325294,43.04696346,-89.44297344,6.677175443,0.025068417,0.0441372
325353,43.04696346,-89.44297344,6.677175443,0.021476237,0.048262216
325416,43.04696346,-89.44297344,6.677175443,0.072909884,0.04328009
325474,43.04696346,-89.44297344,6.677175443,0.03509762,-0.07765063
325532,43.04696346,-89.44297344,6.677175443,0.1309468,-0.004000262
325590,43.04696346,-89.44297344,6.677175443,0.007015063,0.024838628
325649,43.04696346,-89.44297344,6.677175443,-0.05449565,-0.018105954
325706,43.04696346,-89.44297344,6.677175443,-0.05832639,-0.030705754
325768,43.04696346,-89.44297344,6.677175443,-0.10299967,-0.03208512
325826,43.04696346,-89.44297344,6.677175443,0.027220987,-0.003648926
325885,43.04696346,-89.44297344,6.677175443,0.059378136,-0.06371903
325943,43.04696346,-89.44297344,6.677175443,0.07440755,9.00E-04
326002,43.04696346,-89.44297344,6.677175443,0.008561221,-0.0404373
326061,43.04696346,-89.44297344,6.677175443,-0.11277509,-0.053986706
326123,43.04696346,-89.44297344,6.677175443,0.022304531,0.077174716
326186,43.04696346,-89.44297344,6.677175443,0.07961201,0.025995268
326246,43.04696346,-89.44297344,6.677175443,0.034326155,-0.070861
326305,43.04689905,-89.44296795,6.984661436,0.029260393,0.042715475
326363,43.04689905,-89.44296795,6.984661436,-0.06231295,-0.041309647
326420,43.04689905,-89.44296795,6.984661436,-0.008592436,-0.103309564
326478,43.04689905,-89.44296795,6.984661436,-0.043290257,-0.022895226
326535,43.04689905,-89.44296795,6.984661436,0.007677726,-0.05974099
326595,43.04689905,-89.44296795,6.984661436,0.115086846,-0.047708288
326657,43.04689905,-89.44296795,6.984661436,0.09632103,-0.05813343
326713,43.04689905,-89.44296795,6.984661436,0.06617279,-0.11067702
326772,43.04689905,-89.44296795,6.984661436,0.06223054,-0.043255895
326835,43.04689905,-89.44296795,6.984661436,0.012380657,-0.117201366
326899,43.04689905,-89.44296795,6.984661436,0.025900738,-0.017819595
326964,43.04689905,-89.44296795,6.984661436,0.02076514,-0.04955469
327024,43.04689905,-89.44296795,6.984661436,-0.004237286,-0.018863594
327084,43.04689905,-89.44296795,6.984661436,0.04073555,0.03323194
327144,43.04689905,-89.44296795,6.984661436,-0.001825913,0.012955429
327202,43.04689905,-89.44296795,6.984661436,0.07232629,-0.05455055
327264,43.04689905,-89.44296795,6.984661436,0.12724388,-0.05531639
327327,43.04683434,-89.44297563,7.224698076,0.025863258,-0.048153434
327384,43.04683434,-89.44297563,7.224698076,0.017464891,-0.04986768
327441,43.04683434,-89.44297563,7.224698076,0.14493896,-0.03059989
327510,43.04683434,-89.44297563,7.224698076,0.16726094,-0.035860915
327568,43.04683434,-89.44297563,7.224698076,0.16281809,0.01749147
327625,43.04683434,-89.44297563,7.224698076,0.12347253,-0.030483827
327682,43.04683434,-89.44297563,7.224698076,0.082242444,-7.89E-04
327740,43.04683434,-89.44297563,7.224698076,0.10442167,-0.049561888
327802,43.04683434,-89.44297563,7.224698076,0.114658445,-0.006035544
327861,43.04683434,-89.44297563,7.224698076,0.10554511,-0.015659207
327921,43.04683434,-89.44297563,7.224698076,0.11567257,-0.067388155
327980,43.04683434,-89.44297563,7.224698076,0.15337543,-0.02938778
328036,43.04683434,-89.44297563,7.224698076,0.12330406,-0.019719265
328094,43.04683434,-89.44297563,7.224698076,0.0979888,-0.024045339
328151,43.04683434,-89.44297563,7.224698076,0.14709075,-0.058000714
328210,43.04683434,-89.44297563,7.224698076,0.1553993,-0.024480363
328269,43.04676606,-89.44300013,7.567685896,0.15091607,-0.017795064
328447,43.04676606,-89.44300013,7.567685896,0.1102451,0.027577208
328504,43.04676606,-89.44300013,7.567685896,0.16734281,-0.016598726
328564,43.04676606,-89.44300013,7.567685896,0.17769645,-0.05894039
328621,43.04676606,-89.44300013,7.567685896,0.13041492,-0.02976479
328677,43.04676606,-89.44300013,7.567685896,0.035930555,-0.013990555
328736,43.04676606,-89.44300013,7.567685896,0.005434092,-0.02338657
328793,43.04676606,-89.44300013,7.567685896,0.16884224,-0.084540434
328856,43.04676606,-89.44300013,7.567685896,0.08204688,0.009140934
328914,43.04676606,-89.44300013,7.567685896,0.12603948,-0.045640834
328972,43.04676606,-89.44300013,7.567685896,0.12110596,0.051900577
329031,43.04676606,-89.44300013,7.567685896,0.10802223,-0.067841634
329090,43.04676606,-89.44300013,7.567685896,0.04811971,-0.008716597
329147,43.04676606,-89.44300013,7.567685896,0.072519794,-0.055413436
329212,43.04676606,-89.44300013,7.567685896,0.10567774,-0.023091266
329274,43.04669948,-89.44304689,7.970135769,0.08254307,-0.010511252
329334,43.04669948,-89.44304689,7.970135769,0.07912337,-0.005425308
329393,43.04669948,-89.44304689,7.970135769,0.06632695,-0.040359642
329450,43.04669948,-89.44304689,7.970135769,0.0558916,-0.026338639
329511,43.04669948,-89.44304689,7.970135769,0.04371663,-0.02416994
329571,43.04669948,-89.44304689,7.970135769,0.067826405,-0.06659374
329635,43.04669948,-89.44304689,7.970135769,-0.003902216,-0.010418758
329699,43.04669948,-89.44304689,7.970135769,0.04653785,-0.04754537
329755,43.04669948,-89.44304689,7.970135769,0.04229479,-0.01748082
329818,43.04669948,-89.44304689,7.970135769,-0.01983537,-0.022994092
329875,43.04669948,-89.44304689,7.970135769,0.03223268,-0.0744539
329933,43.04669948,-89.44304689,7.970135769,0.055494577,-0.020981912
329992,43.04669948,-89.44304689,7.970135769,0.022340426,-0.031904794
330050,43.04669948,-89.44304689,7.970135769,0.007616618,-0.01578626
330106,43.04669948,-89.44304689,7.970135769,-0.074478425,-0.07155649
330164,43.04669948,-89.44304689,7.970135769,-0.057429656,-0.10333699
330224,43.04669948,-89.44304689,7.970135769,0.028278006,-0.05526156
330295,43.0466361,-89.44311394,8.4388659,0.0661716,-0.021368492
330353,43.0466361,-89.44311394,8.4388659,0.008862966,-0.09362332
330409,43.0466361,-89.44311394,8.4388659,-0.062116794,-0.062961146
330469,43.0466361,-89.44311394,8.4388659,-0.13068755,-0.062253904
330532,43.0466361,-89.44311394,8.4388659,-0.08049627,-0.08307341
330593,43.0466361,-89.44311394,8.4388659,0.017685382,-0.14233014
330653,43.0466361,-89.44311394,8.4388659,0.081094004,-0.059926406
330716,43.0466361,-89.44311394,8.4388659,-0.047840413,-0.051133826
330773,43.0466361,-89.44311394,8.4388659,-0.06416804,-0.12486661
330835,43.0466361,-89.44311394,8.4388659,-0.11080795,-0.0749237
330894,43.0466361,-89.44311394,8.4388659,-0.06402783,-0.1334446
330955,43.0466361,-89.44311394,8.4388659,-0.001904304,-0.14236356
331014,43.0466361,-89.44311394,8.4388659,0.002053745,-0.09388588
331072,43.0466361,-89.44311394,8.4388659,-0.02004871,-0.08909306
331138,43.0466361,-89.44311394,8.4388659,-0.07032623,-0.09602435
331204,43.0466361,-89.44311394,8.4388659,-0.042505056,-0.061197836
331268,43.04657411,-89.44319068,8.779139853,-0.037040234,-0.073447384
331327,43.04657411,-89.44319068,8.779139853,-0.02653357,-0.06641293
331385,43.04657411,-89.44319068,8.779139853,-0.03497784,-0.08233984
331446,43.04657411,-89.44319068,8.779139853,-0.029763857,-0.07830081
331511,43.04657411,-89.44319068,8.779139853,-0.001963732,-0.05879857
331570,43.04657411,-89.44319068,8.779139853,-0.016359182,-0.13089557
331627,43.04657411,-89.44319068,8.779139853,-0.018791229,-0.08452614
331686,43.04657411,-89.44319068,8.779139853,-0.033761363,-0.074145675
331745,43.04657411,-89.44319068,8.779139853,-0.03572142,-0.07038954
331804,43.04657411,-89.44319068,8.779139853,-0.045268275,-0.07677014
331866,43.04657411,-89.44319068,8.779139853,-0.038374733,-0.069648795
331926,43.04657411,-89.44319068,8.779139853,-0.016763698,-0.069991134
331984,43.04657411,-89.44319068,8.779139853,-0.04110545,-0.07748761
332040,43.04657411,-89.44319068,8.779139853,-0.010468762,-0.07210589
332095,43.04657411,-89.44319068,8.779139853,-0.033521857,-0.08232312
332152,43.04657411,-89.44319068,8.779139853,-0.038362533,-0.093809746
332208,43.04657411,-89.44319068,8.779139853,-0.009933805,-0.092763625
332266,43.046515,-89.44326704,8.93774148,-0.0329281,-0.102885544
332322,43.046515,-89.44326704,8.93774148,1.94E-04,-0.038205113
332380,43.046515,-89.44326704,8.93774148,-0.003995741,-0.0541691
332444,43.046515,-89.44326704,8.93774148,-0.06576345,-0.06393896
332503,43.046515,-89.44326704,8.93774148,-0.006326295,-0.062608026
332562,43.046515,-89.44326704,8.93774148,0.047116157,-0.077178776
332621,43.046515,-89.44326704,8.93774148,-0.007833804,-0.09229185
332681,43.046515,-89.44326704,8.93774148,-0.022895323,-0.07070175
332739,43.046515,-89.44326704,8.93774148,-0.04214611,-0.064540535
332799,43.046515,-89.44326704,8.93774148,-0.063199446,-0.10682772
332858,43.046515,-89.44326704,8.93774148,0.056271467,-0.11423661
332915,43.046515,-89.44326704,8.93774148,0.06054693,-0.08740301
332974,43.046515,-89.44326704,8.93774148,-0.067228906,-0.054660175
333032,43.046515,-89.44326704,8.93774148,-0.02182368,-0.06724166
333094,43.046515,-89.44326704,8.93774148,-0.025836635,-0.039854806
333151,43.046515,-89.44326704,8.93774148,0.006667075,-0.05354545
333212,43.046515,-89.44326704,8.93774148,-0.036312353,-0.08694137
333271,43.04645742,-89.4433458,8.969860006,-0.015710862,-0.014106686
333327,43.04645742,-89.4433458,8.969860006,-0.151477,-0.0641502
333384,43.04645742,-89.4433458,8.969860006,0.024311302,0.03729122
333442,43.04645742,-89.4433458,8.969860006,0.024414297,-0.04304493
333499,43.04645742,-89.4433458,8.969860006,0.016398946,-0.026240576
333558,43.04645742,-89.4433458,8.969860006,-0.04200557,0.008006895
333614,43.04645742,-89.4433458,8.969860006,0.050481573,-0.02940263
333674,43.04645742,-89.4433458,8.969860006,0.022443589,0.021845264
333731,43.04645742,-89.4433458,8.969860006,0.11738723,0.051141523
333797,43.04645742,-89.4433458,8.969860006,0.08293775,-0.085557766
333858,43.04645742,-89.4433458,8.969860006,0.022240067,-0.056632243
333917,43.04645742,-89.4433458,8.969860006,-0.07447159,0.025739716
333975,43.04645742,-89.4433458,8.969860006,-0.003511914,-0.022657262
334032,43.04645742,-89.4433458,8.969860006,0.110071525,-0.033558458
334089,43.04645742,-89.4433458,8.969860006,0.07002736,0.075039886
334151,43.04645742,-89.4433458,8.969860006,-0.048095785,0.08428708
334210,43.04645742,-89.4433458,8.969860006,-0.061103698,0.018311724
334267,43.04640306,-89.4434258,9.06573978,-0.13065444,-0.06429844
334325,43.04640306,-89.4434258,9.06573978,-0.032124158,-0.13032262
334383,43.04640306,-89.4434258,9.06573978,-0.07814208,-0.030374045
334442,43.04640306,-89.4434258,9.06573978,0.003864827,-0.011546179
334503,43.04640306,-89.4434258,9.06573978,0.10977909,-0.04569073
334564,43.04640306,-89.4434258,9.06573978,-0.15231189,0.031855844
334625,43.04640306,-89.4434258,9.06573978,-0.08288658,0.001921051
334686,43.04640306,-89.4434258,9.06573978,-0.2348362,-0.065645486
334748,43.04640306,-89.4434258,9.06573978,-0.041313794,-0.14710888
334810,43.04640306,-89.4434258,9.06573978,0.042844564,-0.016575286
334869,43.04640306,-89.4434258,9.06573978,-0.04084952,-0.023273721
334929,43.04640306,-89.4434258,9.06573978,0.05721611,-0.031995237
334987,43.04640306,-89.4434258,9.06573978,-0.17345662,-0.20801814
335045,43.04640306,-89.4434258,9.06573978,-0.02855063,0.014942871
335103,43.04640306,-89.4434258,9.06573978,0.004214597,-0.009249516
335171,43.04640306,-89.4434258,9.06573978,-0.10882113,-0.09830514
335228,43.04640306,-89.4434258,9.06573978,-0.035593983,-0.06495396
335287,43.04634838,-89.44351015,9.229292577,-0.13375902,-0.047554392
335344,43.04634838,-89.44351015,9.229292577,-0.031965055,-0.07097037
335404,43.04634838,-89.44351015,9.229292577,-0.09830582,-0.049960636
335463,43.04634838,-89.44351015,9.229292577,-0.059818212,-0.038567282
335520,43.04634838,-89.44351015,9.229292577,-0.083163254,0.013931217
335578,43.04634838,-89.44351015,9.229292577,-0.010120803,0.001578035
335638,43.04634838,-89.44351015,9.229292577,0.009534672,-0.047731407
335705,43.04634838,-89.44351015,9.229292577,-0.022652099,-0.037388466
335762,43.04634838,-89.44351015,9.229292577,-0.002666502,-0.016907716
335818,43.04634838,-89.44351015,9.229292577,-0.1122244,-0.06556898
335874,43.04634838,-89.44351015,9.229292577,0.09218027,0.08654784
335935,43.04634838,-89.44351015,9.229292577,-0.07124582,-0.039862413
335993,43.04634838,-89.44351015,9.229292577,-0.052886017,-0.033950124
336050,43.04634838,-89.44351015,9.229292577,0.012368221,-0.037530135
336112,43.04634838,-89.44351015,9.229292577,0.018660314,-0.011473237
336179,43.04634838,-89.44351015,9.229292577,-0.071545735,-0.05612835
336237,43.04634838,-89.44351015,9.229292577,-0.042357285,0.034460858
336298,43.04629126,-89.44359813,9.418430344,-0.02950309,0.055645652
336355,43.04629126,-89.44359813,9.418430344,-0.12535131,-0.061171707
336416,43.04629126,-89.44359813,9.418430344,-0.006298924,-0.006608585
336475,43.04629126,-89.44359813,9.418430344,-0.098996304,-0.060458686
336535,43.04629126,-89.44359813,9.418430344,-0.0894707,-0.056301467
336595,43.04629126,-89.44359813,9.418430344,-0.021413518,-0.027679356
336654,43.04629126,-89.44359813,9.418430344,-0.07926395,-0.047649723
336715,43.04629126,-89.44359813,9.418430344,-0.07527871,-2.19E-04
336773,43.04629126,-89.44359813,9.418430344,-0.047570903,0.002876654
336832,43.04629126,-89.44359813,9.418430344,-0.16823436,0.034584522
336892,43.04629126,-89.44359813,9.418430344,-0.080063835,-0.044458658
336955,43.04629126,-89.44359813,9.418430344,-0.064436525,-0.075315595
337015,43.04629126,-89.44359813,9.418430344,-0.046508133,-0.038308207
337074,43.04629126,-89.44359813,9.418430344,-0.043400932,0.017637718
337133,43.04629126,-89.44359813,9.418430344,5.92E-04,-0.011179095
337193,43.04629126,-89.44359813,9.418430344,-0.12764373,-0.008871732
337252,43.04629126,-89.44359813,9.418430344,-0.05825708,-0.04746506
337313,43.04623136,-89.44368517,9.668725595,-0.093628176,-0.04316592
337370,43.04623136,-89.44368517,9.668725595,-0.047438055,0.010001321
337431,43.04623136,-89.44368517,9.668725595,-0.13272618,0.003429735
337495,43.04623136,-89.44368517,9.668725595,-0.03498905,0.02162063
337553,43.04623136,-89.44368517,9.668725595,-0.13904187,0.02894388
337613,43.04623136,-89.44368517,9.668725595,-0.09741184,-0.055178378
337678,43.04623136,-89.44368517,9.668725595,-0.06761521,-0.031383496
337742,43.04623136,-89.44368517,9.668725595,-0.124359116,-0.026429158
337801,43.04623136,-89.44368517,9.668725595,-0.1675256,-0.06064876
337858,43.04623136,-89.44368517,9.668725595,0.24954903,0.2688412
337917,43.04623136,-89.44368517,9.668725595,0.033112437,0.052028276
337975,43.04623136,-89.44368517,9.668725595,-0.1921534,-0.06493115
338036,43.04623136,-89.44368517,9.668725595,-0.24579352,-0.06295451
338094,43.04623136,-89.44368517,9.668725595,0.08800037,-0.04687113
338152,43.04623136,-89.44368517,9.668725595,-0.17300273,-0.018654592
338216,43.04623136,-89.44368517,9.668725595,-0.16377185,-0.024592616
338276,43.04616562,-89.44377343,10.01298997,-0.16033006,-0.04967909
338337,43.04616562,-89.44377343,10.01298997,-0.06723405,0.006172379
338394,43.04616562,-89.44377343,10.01298997,-0.09196281,0.03420675
338452,43.04616562,-89.44377343,10.01298997,-0.06623301,0.03507102
338509,43.04616562,-89.44377343,10.01298997,-0.04720044,0.040738385
338570,43.04616562,-89.44377343,10.01298997,0.016637526,0.04998784
338629,43.04616562,-89.44377343,10.01298997,0.009762575,-0.010553011
338690,43.04616562,-89.44377343,10.01298997,-0.09836262,0.03698298
338749,43.04616562,-89.44377343,10.01298997,-0.12167939,-0.07233499
338811,43.04616562,-89.44377343,10.01298997,-0.019622969,-0.01774572
338873,43.04616562,-89.44377343,10.01298997,0.019387035,-0.08916141
338932,43.04616562,-89.44377343,10.01298997,0.001642373,-0.00422741
338994,43.04616562,-89.44377343,10.01298997,-0.11401531,-0.004475886
339053,43.04616562,-89.44377343,10.01298997,-0.07625465,-2.96E-04
339115,43.04616562,-89.44377343,10.01298997,-0.040895205,0.04591356
339179,43.04616562,-89.44377343,10.01298997,0.01857497,-0.030348388
339239,43.04616562,-89.44377343,10.01298997,-0.12081099,0.025426975
339301,43.04609283,-89.44385876,10.3594858,0.06333681,0.056257676
339357,43.04609283,-89.44385876,10.3594858,0.08923638,-0.03553272
339416,43.04609283,-89.44385876,10.3594858,-0.08700316,0.036406178
339473,43.04609283,-89.44385876,10.3594858,-0.039813712,-0.12714234
339529,43.04609283,-89.44385876,10.3594858,-0.05328286,0.025014492
339594,43.04609283,-89.44385876,10.3594858,-0.17170599,0.001641453
339652,43.04609283,-89.44385876,10.3594858,-0.14665756,0.05413406
339711,43.04609283,-89.44385876,10.3594858,-0.10720848,0.019217424
339772,43.04609283,-89.44385876,10.3594858,-0.060198978,-0.003091962
339830,43.04609283,-89.44385876,10.3594858,-0.12991047,-0.027978739
339887,43.04609283,-89.44385876,10.3594858,-0.07104177,0.014826492
339944,43.04609283,-89.44385876,10.3594858,-0.025591955,-0.09272484
340003,43.04609283,-89.44385876,10.3594858,-0.02918555,-0.009015447
340060,43.04609283,-89.44385876,10.3594858,-0.19993147,0.028532017
340118,43.04609283,-89.44385876,10.3594858,0.02195886,0.021683678
340181,43.04609283,-89.44385876,10.3594858,-0.07774099,-0.030920312
340239,43.04609283,-89.44385876,10.3594858,0.078238755,-0.05448912
340301,43.04601664,-89.4439445,10.69389888,-0.028173544,-0.012817293
340360,43.04601664,-89.4439445,10.69389888,-0.024808232,-0.022292672
340418,43.04601664,-89.4439445,10.69389888,0.029844042,0.039235935
340479,43.04601664,-89.4439445,10.69389888,0.07098906,-0.018464833
340537,43.04601664,-89.4439445,10.69389888,-0.14911468,0.007937632
340599,43.04601664,-89.4439445,10.69389888,-0.08022044,0.002767763
340659,43.04601664,-89.4439445,10.69389888,-0.028587095,-0.02170155
340718,43.04601664,-89.4439445,10.69389888,-0.008511233,-0.06974325
340779,43.04601664,-89.4439445,10.69389888,-5.16E-04,-0.109364875
340839,43.04601664,-89.4439445,10.69389888,-0.017696247,-0.043539777
340896,43.04601664,-89.4439445,10.69389888,0.052208427,-0.047708675
340952,43.04601664,-89.4439445,10.69389888,0.025591979,0.00488539
341012,43.04601664,-89.4439445,10.69389888,0.012161342,-0.03166305
341073,43.04601664,-89.4439445,10.69389888,0.014730651,0.028750822
341134,43.04601664,-89.4439445,10.69389888,0.037267417,-0.05380263
341199,43.04601664,-89.4439445,10.69389888,0.03585187,5.96E-04
341259,43.04601664,-89.4439445,10.69389888,0.030593812,-0.005779901
341322,43.04593713,-89.44402903,10.97515433,2.64E-04,0.019225137
341381,43.04593713,-89.44402903,10.97515433,0.010723682,-0.048820563
341438,43.04593713,-89.44402903,10.97515433,-0.005934847,-0.018487675
341498,43.04593713,-89.44402903,10.97515433,-0.003736937,-0.054585375
341555,43.04593713,-89.44402903,10.97515433,0.001522161,-0.074689716
341613,43.04593713,-89.44402903,10.97515433,-0.03514236,-0.001213759
341671,43.04593713,-89.44402903,10.97515433,-0.019954287,-0.030003643
341725,43.04593713,-89.44402903,10.97515433,0.02237561,-0.051831167
341780,43.04593713,-89.44402903,10.97515433,-0.029306674,0.00218076
341838,43.04593713,-89.44402903,10.97515433,-0.030011121,-0.06146724
341900,43.04593713,-89.44402903,10.97515433,-0.038954496,0.02982533
341957,43.04593713,-89.44402903,10.97515433,0.033114888,-0.059503198
342017,43.04593713,-89.44402903,10.97515433,0.052594647,0.050953325
342078,43.04593713,-89.44402903,10.97515433,0.014244092,-0.060545012
342141,43.04593713,-89.44402903,10.97515433,-0.12922703,-0.005308355
342199,43.04593713,-89.44402903,10.97515433,0.024692561,0.008859062
342258,43.04593713,-89.44402903,10.97515433,0.016076893,0.05723868
342315,43.04585751,-89.44411148,11.2229466,0.005585052,-0.06874654
342375,43.04585751,-89.44411148,11.2229466,-0.043870322,-0.13649985
342437,43.04585751,-89.44411148,11.2229466,0.117002375,-0.09250394
342495,43.04585751,-89.44411148,11.2229466,-0.13941808,-0.010801054
342555,43.04585751,-89.44411148,11.2229466,-0.13614917,-0.09687507
342612,43.04585751,-89.44411148,11.2229466,0.06701498,-0.044109236
342669,43.04585751,-89.44411148,11.2229466,0.032852374,-0.030969216
342726,43.04585751,-89.44411148,11.2229466,0.050381966,-0.039505925
342785,43.04585751,-89.44411148,11.2229466,0.001468388,-0.085277736
342843,43.04585751,-89.44411148,11.2229466,0.04652836,-0.023727445
342904,43.04585751,-89.44411148,11.2229466,0.062115118,-0.05830538
342961,43.04585751,-89.44411148,11.2229466,0.14754237,-0.09187546
343022,43.04585751,-89.44411148,11.2229466,0.022113996,0.021640398
343084,43.04585751,-89.44411148,11.2229466,0.021768134,-0.06412779
343146,43.04585751,-89.44411148,11.2229466,0.06821854,0.031611934
343201,43.04585751,-89.44411148,11.2229466,-0.029907215,-0.07368937
343258,43.04585751,-89.44411148,11.2229466,-0.019468864,-0.011948812
343320,43.04577652,-89.44419565,11.39428088,-0.013372928,-0.089056656
343378,43.04577652,-89.44419565,11.39428088,-0.038113095,-0.00823014
343438,43.04577652,-89.44419565,11.39428088,-0.0485734,-0.05152601
343496,43.04577652,-89.44419565,11.39428088,-0.054121703,-0.005592766
343553,43.04577652,-89.44419565,11.39428088,-0.045990318,-0.019368215
343615,43.04577652,-89.44419565,11.39428088,-0.019332664,-0.038842477
343677,43.04577652,-89.44419565,11.39428088,-0.005226117,-0.015284116
343735,43.04577652,-89.44419565,11.39428088,-0.045483187,-0.06164979
343796,43.04577652,-89.44419565,11.39428088,-0.05107704,-0.003401283
343854,43.04577652,-89.44419565,11.39428088,-0.029914008,0.025888454
343916,43.04577652,-89.44419565,11.39428088,-0.051706567,-0.022320336
343976,43.04577652,-89.44419565,11.39428088,0.006406029,-0.081885844
344035,43.04577652,-89.44419565,11.39428088,-0.040278066,0.001469668
344092,43.04577652,-89.44419565,11.39428088,-0.024500996,-0.06967454
344150,43.04577652,-89.44419565,11.39428088,0.006999435,-0.029335925
344209,43.04577652,-89.44419565,11.39428088,-0.004049907,-0.054558173
344267,43.04569305,-89.44427285,11.46651886,0.056087244,0.053738363
344325,43.04569305,-89.44427285,11.46651886,0.013076087,-0.06650212
344382,43.04569305,-89.44427285,11.46651886,0.038194556,-0.04921126
344438,43.04569305,-89.44427285,11.46651886,0.018279724,-0.020376755
344497,43.04569305,-89.44427285,11.46651886,-0.02285843,-0.020922257
344556,43.04569305,-89.44427285,11.46651886,0.02966968,-0.05243815
344614,43.04569305,-89.44427285,11.46651886,0.044235718,-0.07929558
344671,43.04569305,-89.44427285,11.46651886,0.025557207,0.003163578
344730,43.04569305,-89.44427285,11.46651886,-0.018095598,-0.05333421
344786,43.04569305,-89.44427285,11.46651886,-0.043940175,-0.05815488
344844,43.04569305,-89.44427285,11.46651886,-0.011895708,-0.06216774
344907,43.04569305,-89.44427285,11.46651886,0.05749355,-0.025302028
344964,43.04569305,-89.44427285,11.46651886,-5.76E-04,-0.06358934
345022,43.04569305,-89.44427285,11.46651886,-0.067959435,-0.040545695
345079,43.04569305,-89.44427285,11.46651886,-0.026207263,-0.03903074
345138,43.04569305,-89.44427285,11.46651886,-0.09337146,-0.060342304
345199,43.04569305,-89.44427285,11.46651886,-0.07768354,-0.002368692
345259,43.04569305,-89.44427285,11.46651886,-0.106485344,0.034832586
345316,43.04560899,-89.44434822,11.49703092,-0.06120362,-0.050131638
345374,43.04560899,-89.44434822,11.49703092,-0.020758498,-0.002485474
345433,43.04560899,-89.44434822,11.49703092,-0.07936094,-0.052790757
345491,43.04560899,-89.44434822,11.49703092,-0.041029762,-0.019831639
345550,43.04560899,-89.44434822,11.49703092,-0.006840955,-0.025774017
345608,43.04560899,-89.44434822,11.49703092,0.003116848,0.011075231
345674,43.04560899,-89.44434822,11.49703092,-0.00853815,-0.04338901
345735,43.04560899,-89.44434822,11.49703092,0.017316261,0.004053413
345792,43.04560899,-89.44434822,11.49703092,0.020443242,-0.058292918
345851,43.04560899,-89.44434822,11.49703092,-0.02076392,-0.09006873
345911,43.04560899,-89.44434822,11.49703092,0.014190325,-0.041952886
345970,43.04560899,-89.44434822,11.49703092,-0.023400309,-0.055208992
346032,43.04560899,-89.44434822,11.49703092,-0.021505825,-0.09405763
346101,43.04560899,-89.44434822,11.49703092,0.003992633,0.022598922
346159,43.04560899,-89.44434822,11.49703092,-0.020723294,-0.07243909
346221,43.04560899,-89.44434822,11.49703092,-0.05258823,-0.07857958
346280,43.04552241,-89.4444248,11.45124093,-0.009618267,-0.08116024
346337,43.04552241,-89.4444248,11.45124093,-0.035548925,-0.057290003
346396,43.04552241,-89.4444248,11.45124093,-0.004817887,-0.0926562
346459,43.04552241,-89.4444248,11.45124093,-0.032113254,-0.052104305
346518,43.04552241,-89.4444248,11.45124093,-0.024761118,-0.036396682
346582,43.04552241,-89.4444248,11.45124093,-0.036478687,-0.03507805
346638,43.04552241,-89.4444248,11.45124093,-0.042897213,-0.018418076
346695,43.04552241,-89.4444248,11.45124093,-0.04997792,-0.045462076
346755,43.04552241,-89.4444248,11.45124093,-0.042614028,-0.04750388
346811,43.04552241,-89.4444248,11.45124093,-0.010311573,-0.05387293
346867,43.04552241,-89.4444248,11.45124093,0.023284256,-0.03424116
346923,43.04552241,-89.4444248,11.45124093,0.055476047,-0.050958134
346982,43.04552241,-89.4444248,11.45124093,0.026368123,-0.011628818
347039,43.04552241,-89.4444248,11.45124093,0.009034023,0.014720643
347100,43.04552241,-89.4444248,11.45124093,0.033613216,2.48E-04
347161,43.04552241,-89.4444248,11.45124093,-0.022295004,-0.038970858
347219,43.04552241,-89.4444248,11.45124093,-0.012440775,-0.048419204
347280,43.0454367,-89.44449762,11.32032952,7.04E-04,-0.033186395
347340,43.0454367,-89.44449762,11.32032952,-0.024507996,-0.03908774
347399,43.0454367,-89.44449762,11.32032952,-0.005880324,-0.048235446
347462,43.0454367,-89.44449762,11.32032952,-0.0247099,-0.016069293
347522,43.0454367,-89.44449762,11.32032952,-0.009379858,-0.023968862
347580,43.0454367,-89.44449762,11.32032952,0.034021232,-0.015285553
347638,43.0454367,-89.44449762,11.32032952,0.007083988,-0.050525505
347699,43.0454367,-89.44449762,11.32032952,-0.019067798,-0.006382834
347758,43.0454367,-89.44449762,11.32032952,0.015051284,-0.033610348
347815,43.0454367,-89.44449762,11.32032952,-0.01036705,-0.015518202
347872,43.0454367,-89.44449762,11.32032952,9.04E-04,0.005296134
347932,43.0454367,-89.44449762,11.32032952,0.014338876,-0.043266017
347997,43.0454367,-89.44449762,11.32032952,0.016984964,-0.05097937
348054,43.0454367,-89.44449762,11.32032952,0.043283556,-0.061979797
348116,43.0454367,-89.44449762,11.32032952,0.017272608,-0.03268324
348176,43.0454367,-89.44449762,11.32032952,-0.07707556,-0.021087697
348240,43.0454367,-89.44449762,11.32032952,-0.011388114,-0.019931935
348301,43.04535052,-89.44456756,11.17197524,0.01480664,-0.028663332
348359,43.04535052,-89.44456756,11.17197524,0.034742903,-0.005066872
348422,43.04535052,-89.44456756,11.17197524,-0.005908836,0.003378495
348481,43.04535052,-89.44456756,11.17197524,-0.07845858,-0.060804445
348538,43.04535052,-89.44456756,11.17197524,0.02866081,-0.05548247
348599,43.04535052,-89.44456756,11.17197524,0.005428867,-0.035663612
348659,43.04535052,-89.44456756,11.17197524,0.013351656,-0.012096081
348721,43.04535052,-89.44456756,11.17197524,0.045470342,-0.021534162
348783,43.04535052,-89.44456756,11.17197524,-0.010905223,-0.0446713
348843,43.04535052,-89.44456756,11.17197524,-0.045231868,-0.04639456
348902,43.04535052,-89.44456756,11.17197524,-0.031577718,-0.066790245
348961,43.04535052,-89.44456756,11.17197524,-0.018082295,-0.026265863
349024,43.04535052,-89.44456756,11.17197524,-0.003430474,-0.09470466
349090,43.04535052,-89.44456756,11.17197524,0.028378297,-0.019486265
349148,43.04535052,-89.44456756,11.17197524,0.099795185,-0.020562908
349210,43.04535052,-89.44456756,11.17197524,-0.025071288,-0.056605414
349275,43.04526536,-89.4446377,10.9886584,-0.05631053,-0.06059067
349338,43.04526536,-89.4446377,10.9886584,0.14529757,-0.001553242
349398,43.04526536,-89.4446377,10.9886584,0.08176625,-0.068658
349463,43.04526536,-89.4446377,10.9886584,0.025401656,-0.04003995
349525,43.04526536,-89.4446377,10.9886584,0.043901507,-0.08048611
349587,43.04526536,-89.4446377,10.9886584,0.021985672,-0.015844008
349648,43.04526536,-89.4446377,10.9886584,0.004606376,-0.01815529
349709,43.04526536,-89.4446377,10.9886584,0.1015832,-0.034143563
349772,43.04526536,-89.4446377,10.9886584,0.071068764,-0.03142927
349837,43.04526536,-89.4446377,10.9886584,-0.02759455,-0.02819761
349896,43.04526536,-89.4446377,10.9886584,0.007929713,-0.044784814
349958,43.04526536,-89.4446377,10.9886584,0.04309609,-0.053093817
350018,43.04526536,-89.4446377,10.9886584,-0.017103713,-0.04085986
350076,43.04526536,-89.4446377,10.9886584,-0.004798851,-0.08242029
350143,43.04526536,-89.4446377,10.9886584,-0.0736427,-0.055106208
350206,43.04526536,-89.4446377,10.9886584,0.025891889,-0.07586821
350273,43.04518151,-89.44470524,10.69626091,0.06184684,-0.036702298
350330,43.04518151,-89.44470524,10.69626091,-0.033254754,-0.04322879
350392,43.04518151,-89.44470524,10.69626091,0.056861274,-0.04717814
350448,43.04518151,-89.44470524,10.69626091,0.036031388,-0.058875512
350508,43.04518151,-89.44470524,10.69626091,0.017885286,-0.062487982
350566,43.04518151,-89.44470524,10.69626091,0.002647283,-0.08983247
350627,43.04518151,-89.44470524,10.69626091,-0.021632325,-0.026244605
350685,43.04518151,-89.44470524,10.69626091,0.052786924,-0.09186058
350746,43.04518151,-89.44470524,10.69626091,-0.005555832,-0.034883272
350805,43.04518151,-89.44470524,10.69626091,-0.009879801,-0.00840581
350866,43.04518151,-89.44470524,10.69626091,-0.009171783,-0.08219721
350929,43.04518151,-89.44470524,10.69626091,0.010559533,-0.13701795
350990,43.04518151,-89.44470524,10.69626091,0.038884185,-0.07719024
351048,43.04518151,-89.44470524,10.69626091,0.021540914,-0.016968701
351108,43.04518151,-89.44470524,10.69626091,0.118480936,-0.027542084
351169,43.04518151,-89.44470524,10.69626091,-0.047841627,-0.081243455
351228,43.04518151,-89.44470524,10.69626091,-0.06038828,-0.070384435
351287,43.04510454,-89.44476912,10.24808682,0.047938682,-0.032458328
351344,43.04510454,-89.44476912,10.24808682,0.008893562,-0.057448614
351408,43.04510454,-89.44476912,10.24808682,0.07086218,-0.07112315
351469,43.04510454,-89.44476912,10.24808682,-0.017001152,-0.08559484
351531,43.04510454,-89.44476912,10.24808682,-0.06734621,-0.11972662
351591,43.04510454,-89.44476912,10.24808682,-0.02756256,-0.11317768
351649,43.04510454,-89.44476912,10.24808682,-0.016240412,-0.0858098
351713,43.04510454,-89.44476912,10.24808682,-0.031166172,-0.120441236
351777,43.04510454,-89.44476912,10.24808682,0.02178842,-0.08622386
351839,43.04510454,-89.44476912,10.24808682,0.013033216,-0.15267791
351897,43.04510454,-89.44476912,10.24808682,0.011844317,-0.104711585
351955,43.04510454,-89.44476912,10.24808682,0.005726715,-0.116330005
352019,43.04510454,-89.44476912,10.24808682,0.021706276,-0.14908966
352078,43.04510454,-89.44476912,10.24808682,0.035504393,-0.13802794
352137,43.04510454,-89.44476912,10.24808682,-0.00154508,-0.10799287
352199,43.04510454,-89.44476912,10.24808682,0.023543812,-0.11533116
352260,43.0450323,-89.44483306,9.518863995,-0.002163307,-0.10968368
352319,43.0450323,-89.44483306,9.518863995,0.08638015,-0.15125926
352376,43.0450323,-89.44483306,9.518863995,0.046153903,-0.11277721
352433,43.0450323,-89.44483306,9.518863995,0.07375052,-0.14494188
352493,43.0450323,-89.44483306,9.518863995,0.11909113,-0.15742944
352553,43.0450323,-89.44483306,9.518863995,0.03237772,-0.16068125
352613,43.0450323,-89.44483306,9.518863995,0.037943806,-0.16617598
352674,43.0450323,-89.44483306,9.518863995,0.026452765,-0.13438192
352736,43.0450323,-89.44483306,9.518863995,0.02861442,-0.1501477
352800,43.0450323,-89.44483306,9.518863995,0.029785689,-0.19075711
352861,43.0450323,-89.44483306,9.518863995,0.07980943,-0.13943909
352921,43.0450323,-89.44483306,9.518863995,0.053175688,-0.14970885
352981,43.0450323,-89.44483306,9.518863995,0.07692134,-0.1388711
353043,43.0450323,-89.44483306,9.518863995,0.047713205,-0.1773818
353101,43.0450323,-89.44483306,9.518863995,0.055122983,-0.16348559
353161,43.0450323,-89.44483306,9.518863995,0.023972845,-0.15629087
353218,43.0450323,-89.44483306,9.518863995,0.03684517,-0.15286976
353279,43.04497252,-89.44488626,8.347270584,0.045696095,-0.17515783
353337,43.04497252,-89.44488626,8.347270584,0.028055644,-0.15601517
353400,43.04497252,-89.44488626,8.347270584,0.010354783,-0.14353938
353460,43.04497252,-89.44488626,8.347270584,0.12804769,-0.15718631
353518,43.04497252,-89.44488626,8.347270584,0.06864006,-0.087978244
353576,43.04497252,-89.44488626,8.347270584,0.053450305,-0.14334096
353634,43.04497252,-89.44488626,8.347270584,0.0770838,-0.15469241
353695,43.04497252,-89.44488626,8.347270584,0.04494745,-0.09424866
353755,43.04497252,-89.44488626,8.347270584,0.046058174,-0.14533249
353813,43.04497252,-89.44488626,8.347270584,0.064185075,-0.14247206
353873,43.04497252,-89.44488626,8.347270584,0.07335395,-0.16137563
353940,43.04497252,-89.44488626,8.347270584,0.019875174,-0.15492783
354000,43.04497252,-89.44488626,8.347270584,0.1294963,-0.16052113
354062,43.04497252,-89.44488626,8.347270584,-0.0850247,-0.12906875
354123,43.04497252,-89.44488626,8.347270584,0.003219921,-0.14753759
354183,43.04497252,-89.44488626,8.347270584,0.07172324,-0.19663316
354251,43.04497252,-89.44488626,8.347270584,0.011689113,-0.16721746
354321,43.044936,-89.44492796,6.791638336,0.014844909,-0.12515324
354389,43.044936,-89.44492796,6.791638336,0.05673092,-0.044868577
354454,43.044936,-89.44492796,6.791638336,0.081102625,0.0565715
354516,43.044936,-89.44492796,6.791638336,0.07349256,0.006596575
354574,43.044936,-89.44492796,6.791638336,0.09936735,0.020404238
354631,43.044936,-89.44492796,6.791638336,0.13085726,0.051952563
354695,43.044936,-89.44492796,6.791638336,0.09069804,0.022607988
354752,43.044936,-89.44492796,6.791638336,0.07542256,-0.01603527
354811,43.044936,-89.44492796,6.791638336,0.017622765,-0.021904446
354871,43.044936,-89.44492796,6.791638336,0.002355965,0.02447883
354932,43.044936,-89.44492796,6.791638336,0.019516785,-0.014607272
354992,43.044936,-89.44492796,6.791638336,-0.012740051,-0.040745914
355049,43.044936,-89.44492796,6.791638336,0.15378682,0.0846021
355106,43.044936,-89.44492796,6.791638336,0.041580245,-0.11367528
355167,43.044936,-89.44492796,6.791638336,0.05280173,-0.041998286
355230,43.044936,-89.44492796,6.791638336,0.009082621,0.08961265
355288,43.04491126,-89.44496217,5.418209911,0.022590213,0.16587049
355347,43.04491126,-89.44496217,5.418209911,0.14538752,0.19297087
355407,43.04491126,-89.44496217,5.418209911,0.1163358,0.29011133
355467,43.04491126,-89.44496217,5.418209911,0.09090293,0.30837315
355525,43.04491126,-89.44496217,5.418209911,0.17062484,0.30669355
355585,43.04491126,-89.44496217,5.418209911,0.09471879,0.31582567
355646,43.04491126,-89.44496217,5.418209911,0.10485417,0.3366961
355705,43.04491126,-89.44496217,5.418209911,0.07806951,0.26924273
355766,43.04491126,-89.44496217,5.418209911,0.06971179,0.09947761
355826,43.04491126,-89.44496217,5.418209911,0.0971488,0.11006948
355886,43.04491126,-89.44496217,5.418209911,0.11178564,0.09100762
355953,43.04491126,-89.44496217,5.418209911,0.07665235,0.10664573
356016,43.04491126,-89.44496217,5.418209911,0.14292146,0.121706255
356076,43.04491126,-89.44496217,5.418209911,0.03990451,0.14158344
356136,43.04491126,-89.44496217,5.418209911,0.11604447,0.12488628
356193,43.04491126,-89.44496217,5.418209911,0.11350993,0.12035335
356254,43.04491126,-89.44496217,5.418209911,0.18375807,0.13708176
356313,43.04489241,-89.44499945,5.069039846,0.14161988,0.1354099
356371,43.04489241,-89.44499945,5.069039846,0.2867848,0.14039157
356432,43.04489241,-89.44499945,5.069039846,0.2361679,0.12656204
356490,43.04489241,-89.44499945,5.069039846,0.20977093,0.11267704
356547,43.04489241,-89.44499945,5.069039846,0.1890498,0.05914743
356604,43.04489241,-89.44499945,5.069039846,0.13608278,0.079886794
356660,43.04489241,-89.44499945,5.069039846,0.05809475,0.037678003
356722,43.04489241,-89.44499945,5.069039846,0.20419839,-0.016442185
356779,43.04489241,-89.44499945,5.069039846,0.22443403,0.019787386
356841,43.04489241,-89.44499945,5.069039846,0.22676787,0.08001221
356898,43.04489241,-89.44499945,5.069039846,0.24859664,0.07286449
356960,43.04489241,-89.44499945,5.069039846,0.1899427,0.02481695
357022,43.04489241,-89.44499945,5.069039846,0.20224427,0.05626944
357083,43.04489241,-89.44499945,5.069039846,0.1981585,0.03196842
357143,43.04489241,-89.44499945,5.069039846,0.0838733,0.06477748
357204,43.04489241,-89.44499945,5.069039846,0.29451206,0.07131051
357265,43.04489241,-89.44499945,5.069039846,0.17259413,0.042371057
357323,43.0448838,-89.44505902,5.257355991,0.12540568,0.037163176
357383,43.0448838,-89.44505902,5.257355991,0.2923833,0.0607942
357443,43.0448838,-89.44505902,5.257355991,0.280667,-0.018461242
357504,43.0448838,-89.44505902,5.257355991,0.2821552,0.013114663
357563,43.0448838,-89.44505902,5.257355991,0.093028806,-0.006037966
357627,43.0448838,-89.44505902,5.257355991,0.08378224,0.007798461
357684,43.0448838,-89.44505902,5.257355991,0.091427736,-0.012945156
357743,43.0448838,-89.44505902,5.257355991,0.24765952,-0.015885776
357801,43.0448838,-89.44505902,5.257355991,0.22808097,0.01054716
357860,43.0448838,-89.44505902,5.257355991,0.20590949,-0.029597733
357920,43.0448838,-89.44505902,5.257355991,0.21478735,-0.023616012
357982,43.0448838,-89.44505902,5.257355991,0.1273089,-0.055497482
358041,43.0448838,-89.44505902,5.257355991,0.13607429,-0.01332961
358100,43.0448838,-89.44505902,5.257355991,-0.0174695,-0.012966114
358160,43.0448838,-89.44505902,5.257355991,0.032594558,0.0530532
358214,43.0448838,-89.44505902,5.257355991,-0.008824258,0.077313766
358271,43.04489947,-89.44513109,5.672062101,0.15108724,0.006717213
358329,43.04489947,-89.44513109,5.672062101,0.14376412,-0.00942174
358394,43.04489947,-89.44513109,5.672062101,0.09626302,-0.095556915
358456,43.04489947,-89.44513109,5.672062101,0.19266133,-0.025452495
358517,43.04489947,-89.44513109,5.672062101,0.1092054,-0.00475989
358581,43.04489947,-89.44513109,5.672062101,-0.012427015,-0.11301754
358645,43.04489947,-89.44513109,5.672062101,-0.048716538,-0.13970679
358703,43.04489947,-89.44513109,5.672062101,-0.020913664,-0.19857775
358761,43.04489947,-89.44513109,5.672062101,0.09212979,-0.16149963
358820,43.04489947,-89.44513109,5.672062101,0.116488405,-0.16764167
358878,43.04489947,-89.44513109,5.672062101,0.06826464,-0.17854631
358936,43.04489947,-89.44513109,5.672062101,0.002967543,-0.22321635
358992,43.04489947,-89.44513109,5.672062101,0.001030616,-0.15713482
359056,43.04489947,-89.44513109,5.672062101,-0.001162968,-0.18015212
359114,43.04489947,-89.44513109,5.672062101,0.008544969,-0.19806291
359171,43.04489947,-89.44513109,5.672062101,-0.004650381,-0.122513704
359226,43.04489947,-89.44513109,5.672062101,0.005184904,-0.058197055
359282,43.0449372,-89.44519417,5.943844713,-4.34E-04,0.0017777
359340,43.0449372,-89.44519417,5.943844713,-0.021437028,0.020610511
359395,43.0449372,-89.44519417,5.943844713,-0.06277208,0.06584353
359453,43.0449372,-89.44519417,5.943844713,-0.059250414,0.03539513
359513,43.0449372,-89.44519417,5.943844713,-0.044165824,0.05365657
359574,43.0449372,-89.44519417,5.943844713,-0.12443796,0.011702122
359633,43.0449372,-89.44519417,5.943844713,-0.09167775,0.068250686
359691,43.0449372,-89.44519417,5.943844713,-0.10566674,0.027666844
359758,43.0449372,-89.44519417,5.943844713,-0.08097792,-0.023226287
359816,43.0449372,-89.44519417,5.943844713,-0.085827716,-0.04625435
359874,43.0449372,-89.44519417,5.943844713,-0.05296594,0.053292356
359938,43.0449372,-89.44519417,5.943844713,-0.08094472,0.0651343
359999,43.0449372,-89.44519417,5.943844713,-0.061268326,0.06831606
360058,43.0449372,-89.44519417,5.943844713,-0.05986093,0.036111
360118,43.0449372,-89.44519417,5.943844713,-0.07709562,0.051696114
360177,43.0449372,-89.44519417,5.943844713,-0.08017293,0.0670812
360241,43.0449372,-89.44519417,5.943844713,-0.096768,0.04517892
360298,43.04498047,-89.44524551,6.431234692,-0.087351434,0.03534855
360497,43.04498047,-89.44524551,6.431234692,-0.057340868,0.08147702
360558,43.04498047,-89.44524551,6.431234692,-0.04917863,0.0661034
360616,43.04498047,-89.44524551,6.431234692,-0.089236036,0.046999764
360677,43.04498047,-89.44524551,6.431234692,-0.106173344,0.027982011
360734,43.04498047,-89.44524551,6.431234692,-0.062424507,0.0782733
360791,43.04498047,-89.44524551,6.431234692,-0.101950355,0.008883805
360848,43.04498047,-89.44524551,6.431234692,-0.10343561,0.022339141
360909,43.04498047,-89.44524551,6.431234692,-0.084664255,0.050718233
360967,43.04498047,-89.44524551,6.431234692,-0.07521732,0.051003885
361026,43.04498047,-89.44524551,6.431234692,-0.094325654,0.02354967
361085,43.04498047,-89.44524551,6.431234692,-0.09659031,0.05514169
361144,43.04498047,-89.44524551,6.431234692,-0.06714437,0.06219359
361204,43.04498047,-89.44524551,6.431234692,-0.08835026,0.073061846
361267,43.04503526,-89.44530726,7.240765199,-0.10401696,0.026757417
361324,43.04503526,-89.44530726,7.240765199,-0.09871634,0.021845767
361382,43.04503526,-89.44530726,7.240765199,-0.1008637,0.03662758
361443,43.04503526,-89.44530726,7.240765199,-0.09517624,0.025664784
361503,43.04503526,-89.44530726,7.240765199,-0.06011548,0.021987984
361567,43.04503526,-89.44530726,7.240765199,-0.06422852,0.047301147
361624,43.04503526,-89.44530726,7.240765199,-0.10898692,0.031951662
361682,43.04503526,-89.44530726,7.240765199,-0.08104591,0.002769434
361745,43.04503526,-89.44530726,7.240765199,-0.08779357,0.065842785
361808,43.04503526,-89.44530726,7.240765199,-0.092085384,0.036336042
361871,43.04503526,-89.44530726,7.240765199,-0.07688,0.06476372
361928,43.04503526,-89.44530726,7.240765199,-0.059879556,-0.004081527
361990,43.04503526,-89.44530726,7.240765199,-0.08965815,-3.36E-04
362049,43.04503526,-89.44530726,7.240765199,-0.104484074,0.029433465
362108,43.04503526,-89.44530726,7.240765199,-0.11143289,0.046498902
362172,43.04503526,-89.44530726,7.240765199,-0.07581409,0.034146555
362231,43.04503526,-89.44530726,7.240765199,-0.07211978,0.010717338
362288,43.04509665,-89.44538225,8.228191724,-0.075406246,0.041392922
362346,43.04509665,-89.44538225,8.228191724,-0.028965494,0.02426136
362408,43.04509665,-89.44538225,8.228191724,-0.027527185,0.015165015
362470,43.04509665,-89.44538225,8.228191724,-0.06319254,-0.014077
362533,43.04509665,-89.44538225,8.228191724,-0.012287786,0.014595795
362595,43.04509665,-89.44538225,8.228191724,-0.030653529,0.024928916
362653,43.04509665,-89.44538225,8.228191724,-0.07492217,-0.009671137
362714,43.04509665,-89.44538225,8.228191724,-0.03778053,0.01589576
362776,43.04509665,-89.44538225,8.228191724,-0.07665294,-0.0742718
362839,43.04509665,-89.44538225,8.228191724,-0.060162492,-0.17609733
362899,43.04509665,-89.44538225,8.228191724,-0.06212708,-0.18730733
362955,43.04509665,-89.44538225,8.228191724,-0.07328697,-0.18539271
363018,43.04509665,-89.44538225,8.228191724,-0.061829526,-0.21264368
363082,43.04509665,-89.44538225,8.228191724,-0.03364893,-0.14337555
363140,43.04509665,-89.44538225,8.228191724,-0.009910597,-0.2198355
363199,43.04509665,-89.44538225,8.228191724,-0.026859326,-0.17839763
363257,43.04509665,-89.44538225,8.228191724,-0.050193697,-0.18269764
363323,43.04516442,-89.44547104,9.065730495,-0.08855532,-0.22807251
363379,43.04516442,-89.44547104,9.065730495,-0.08925618,-0.1671628
363443,43.04516442,-89.44547104,9.065730495,-0.051550083,-0.13169834
363503,43.04516442,-89.44547104,9.065730495,-0.058991272,-0.115695424
363562,43.04516442,-89.44547104,9.065730495,-0.05092397,-0.123916596
363623,43.04516442,-89.44547104,9.065730495,-0.07396001,-0.09297344
363681,43.04516442,-89.44547104,9.065730495,-0.048600707,-0.083594814
363740,43.04516442,-89.44547104,9.065730495,-0.0326001,-0.06879358
363802,43.04516442,-89.44547104,9.065730495,-0.029479861,-0.044517044
363862,43.04516442,-89.44547104,9.065730495,-0.067525424,-0.064546034
363922,43.04516442,-89.44547104,9.065730495,-0.047936056,-0.054697823
363987,43.04516442,-89.44547104,9.065730495,-0.024448466,-0.03994124
364049,43.04516442,-89.44547104,9.065730495,-0.0705147,-0.065437034
364109,43.04516442,-89.44547104,9.065730495,0.068376616,-0.110652216
364165,43.04516442,-89.44547104,9.065730495,-0.013481736,-0.120350055
364223,43.04516442,-89.44547104,9.065730495,-0.026479987,-0.122356676
364282,43.04522734,-89.44555823,9.395746662,-0.045336314,-0.09925648
364341,43.04522734,-89.44555823,9.395746662,-0.048008602,-0.132596
364401,43.04522734,-89.44555823,9.395746662,-0.05277639,-0.1535641
364462,43.04522734,-89.44555823,9.395746662,0.024562472,-0.116452925
364522,43.04522734,-89.44555823,9.395746662,-0.05380913,-0.10276431
364582,43.04522734,-89.44555823,9.395746662,0.034815796,-0.13988164
364643,43.04522734,-89.44555823,9.395746662,-0.033016562,-0.1241772
364700,43.04522734,-89.44555823,9.395746662,-0.005089642,-0.12026785
364758,43.04522734,-89.44555823,9.395746662,-0.01764395,-0.117680326
364819,43.04522734,-89.44555823,9.395746662,-0.06096796,-0.14842863
364877,43.04522734,-89.44555823,9.395746662,-0.018613067,-0.1494169
364940,43.04522734,-89.44555823,9.395746662,-0.02534889,-0.12849797
364998,43.04522734,-89.44555823,9.395746662,-0.03160921,-0.11439738
365056,43.04522734,-89.44555823,9.395746662,-0.054935597,-0.15433091
365114,43.04522734,-89.44555823,9.395746662,-0.026638638,-0.14102733
365177,43.04522734,-89.44555823,9.395746662,-0.021008873,-0.14047821
365236,43.04522734,-89.44555823,9.395746662,-0.022720924,-0.13893071
365301,43.04528823,-89.44563973,9.320013305,-0.01742608,-0.09953706
365361,43.04528823,-89.44563973,9.320013305,0.004003163,-0.12048125
365421,43.04528823,-89.44563973,9.320013305,-0.029200671,-0.15206912
365490,43.04528823,-89.44563973,9.320013305,-0.06863074,-0.12438732
365552,43.04528823,-89.44563973,9.320013305,-0.017282637,-0.08770154
365614,43.04528823,-89.44563973,9.320013305,-0.010315985,-0.11306316
365674,43.04528823,-89.44563973,9.320013305,0.010446589,-0.12428529
365732,43.04528823,-89.44563973,9.320013305,-0.010198857,-0.12673882
365799,43.04528823,-89.44563973,9.320013305,0.025523452,-0.11498667
365858,43.04528823,-89.44563973,9.320013305,0.022495197,-0.1290667
365915,43.04528823,-89.44563973,9.320013305,0.01826658,-0.12905362
365978,43.04528823,-89.44563973,9.320013305,0.022686232,-0.12328264
366038,43.04528823,-89.44563973,9.320013305,0.06064088,-0.0893566
366102,43.04528823,-89.44563973,9.320013305,0.0177619,-0.11682723
366163,43.04528823,-89.44563973,9.320013305,0.041225605,-0.09446041
366221,43.04528823,-89.44563973,9.320013305,0.04872403,-0.11218254
366278,43.04534529,-89.44571595,8.957781756,0.023728823,-0.103922956
366338,43.04534529,-89.44571595,8.957781756,0.032161344,-0.115251474
366397,43.04534529,-89.44571595,8.957781756,0.009539164,-0.1153967
366454,43.04534529,-89.44571595,8.957781756,0.06127634,-0.112022705
366519,43.04534529,-89.44571595,8.957781756,0.062139392,-0.08374447
366583,43.04534529,-89.44571595,8.957781756,0.07900776,-0.08728669
366647,43.04534529,-89.44571595,8.957781756,0.079046905,-0.10237859
366704,43.04534529,-89.44571595,8.957781756,0.08429779,-0.100055
366768,43.04534529,-89.44571595,8.957781756,0.07596847,-0.11225668
366832,43.04534529,-89.44571595,8.957781756,0.072868824,-0.09924155
366898,43.04534529,-89.44571595,8.957781756,0.06759808,-0.10408932
366961,43.04534529,-89.44571595,8.957781756,0.08651973,-0.10144909
367021,43.04534529,-89.44571595,8.957781756,0.11196192,-0.06821521
367083,43.04534529,-89.44571595,8.957781756,0.16051498,-0.068014696
367138,43.04534529,-89.44571595,8.957781756,0.17421056,-0.12517333
367197,43.04534529,-89.44571595,8.957781756,0.1443027,-0.10831709
367258,43.04539708,-89.44578361,8.403251245,0.16619053,-0.079610385
367318,43.04539708,-89.44578361,8.403251245,0.14917989,-0.06962242
367381,43.04539708,-89.44578361,8.403251245,0.18453714,-0.12245529
367439,43.04539708,-89.44578361,8.403251245,0.20620213,-0.069954515
367499,43.04539708,-89.44578361,8.403251245,0.25974905,-0.08604341
367557,43.04539708,-89.44578361,8.403251245,0.14245282,-0.0741795
367625,43.04539708,-89.44578361,8.403251245,0.11928471,-0.075527936
367691,43.04539708,-89.44578361,8.403251245,0.12959038,-0.097890615
367757,43.04539708,-89.44578361,8.403251245,0.14291191,-0.08471132
367818,43.04539708,-89.44578361,8.403251245,0.15612659,-0.084405616
367881,43.04539708,-89.44578361,8.403251245,0.15523538,-0.06934495
367941,43.04539708,-89.44578361,8.403251245,0.10264298,-0.06078571
368004,43.04539708,-89.44578361,8.403251245,0.1592606,-0.01989062
368064,43.04539708,-89.44578361,8.403251245,0.11871223,-0.08854283
368125,43.04539708,-89.44578361,8.403251245,0.123024404,-0.050792262
368190,43.04539708,-89.44578361,8.403251245,0.17519462,-0.044711187
368250,43.04539708,-89.44578361,8.403251245,0.18978077,-0.07068749
368309,43.04545652,-89.44583281,7.851969096,0.16532165,-0.07778944
368369,43.04545652,-89.44583281,7.851969096,0.18391767,-0.07471105
368431,43.04545652,-89.44583281,7.851969096,0.14212759,-0.08677854
368492,43.04545652,-89.44583281,7.851969096,0.18736635,-0.038990784
368555,43.04545652,-89.44583281,7.851969096,0.20264092,-0.0745675
368619,43.04545652,-89.44583281,7.851969096,0.16050178,-0.09074443
368685,43.04545652,-89.44583281,7.851969096,0.16967952,-0.07004315
368742,43.04545652,-89.44583281,7.851969096,0.17967865,-0.06846104
368807,43.04545652,-89.44583281,7.851969096,0.14482,-0.0502853
368867,43.04545652,-89.44583281,7.851969096,0.21751831,-0.07172505
368929,43.04545652,-89.44583281,7.851969096,0.19798405,-0.06204931
368991,43.04545652,-89.44583281,7.851969096,0.13760771,-0.053009916
369051,43.04545652,-89.44583281,7.851969096,0.09272473,-0.041898254
369112,43.04545652,-89.44583281,7.851969096,0.08600991,-0.05276399
369175,43.04545652,-89.44583281,7.851969096,0.12575439,-0.06468775
369239,43.04545652,-89.44583281,7.851969096,0.122542344,-0.061246336
369299,43.04551822,-89.44585469,7.427444084,0.18155183,-0.059593722
369357,43.04551822,-89.44585469,7.427444084,0.18842885,-0.05939191
369415,43.04551822,-89.44585469,7.427444084,0.1979984,-0.056489203
369478,43.04551822,-89.44585469,7.427444084,0.18844485,-0.05384022
369542,43.04551822,-89.44585469,7.427444084,0.13785596,-0.027227668
369603,43.04551822,-89.44585469,7.427444084,0.14169125,-0.035395697
369661,43.04551822,-89.44585469,7.427444084,0.11979262,-0.06708638
369721,43.04551822,-89.44585469,7.427444084,0.10495093,-0.053587813
369782,43.04551822,-89.44585469,7.427444084,0.1616738,-0.04591297
369845,43.04551822,-89.44585469,7.427444084,0.1882993,-0.024549741
369902,43.04551822,-89.44585469,7.427444084,0.14289406,-0.060385235
369963,43.04551822,-89.44585469,7.427444084,0.1083138,-0.04716949
370020,43.04551822,-89.44585469,7.427444084,0.09750006,-0.03262151
370081,43.04551822,-89.44585469,7.427444084,0.10714787,-0.054999873
370140,43.04551822,-89.44585469,7.427444084,0.12922916,-0.025163371
370202,43.04551822,-89.44585469,7.427444084,0.12887025,-0.07471348
370262,43.04557506,-89.44584465,7.210990109,0.16579676,-0.087006204
370320,43.04557506,-89.44584465,7.210990109,0.12018426,-0.08563257
370376,43.04557506,-89.44584465,7.210990109,0.09957816,-0.064502195
370437,43.04557506,-89.44584465,7.210990109,0.06628856,-0.063940264
370499,43.04557506,-89.44584465,7.210990109,0.023884585,-0.03952338
370560,43.04557506,-89.44584465,7.210990109,0.08089466,-0.010424899
370618,43.04557506,-89.44584465,7.210990109,-0.001217532,0.04417876
370678,43.04557506,-89.44584465,7.210990109,0.004192838,0.010684189
370739,43.04557506,-89.44584465,7.210990109,-0.04783817,-0.036515605
370796,43.04557506,-89.44584465,7.210990109,1.29E-04,-0.02261256
370855,43.04557506,-89.44584465,7.210990109,0.01676183,0.011771286
370912,43.04557506,-89.44584465,7.210990109,-0.041575354,0.05975895
370970,43.04557506,-89.44584465,7.210990109,0.012180289,0.022870012
371034,43.04557506,-89.44584465,7.210990109,-0.035828415,-0.002539367
371096,43.04557506,-89.44584465,7.210990109,0.05300363,-0.005446434
371155,43.04557506,-89.44584465,7.210990109,-0.038955886,-0.033654157
371216,43.04557506,-89.44584465,7.210990109,-0.048271798,-0.19049874
371279,43.04563269,-89.44581265,7.194327639,-0.10248717,-0.117551774
371335,43.04563269,-89.44581265,7.194327639,-0.13051294,-0.047957174
371400,43.04563269,-89.44581265,7.194327639,-0.06070172,0.083336025
371457,43.04563269,-89.44581265,7.194327639,0.035380285,-0.014246561
371515,43.04563269,-89.44581265,7.194327639,0.032327715,-0.003405203
371573,43.04563269,-89.44581265,7.194327639,-0.0809914,-0.016118389
371633,43.04563269,-89.44581265,7.194327639,-0.12083605,0.086376615
371691,43.04563269,-89.44581265,7.194327639,-0.14563343,-0.023863494
371754,43.04563269,-89.44581265,7.194327639,-0.16220875,-0.049544793
371819,43.04563269,-89.44581265,7.194327639,-0.15410194,-0.04088314
371884,43.04563269,-89.44581265,7.194327639,-0.12330518,-0.029060984
371951,43.04563269,-89.44581265,7.194327639,-0.019119086,0.021811891
372010,43.04563269,-89.44581265,7.194327639,-0.027636958,0.022717142
372074,43.04563269,-89.44581265,7.194327639,-0.14071876,-0.021123143
372137,43.04563269,-89.44581265,7.194327639,-0.15826294,0.022400398
372197,43.04563269,-89.44581265,7.194327639,-0.19277126,0.002293877
372256,43.04563269,-89.44581265,7.194327639,-0.09275534,-0.026314955
372317,43.0456918,-89.44577636,7.36097105,-0.05107761,-0.0096293
372498,43.0456918,-89.44577636,7.36097105,-0.16511044,-0.0450813
372559,43.0456918,-89.44577636,7.36097105,-0.0700362,-0.13003165
372617,43.0456918,-89.44577636,7.36097105,-0.07390726,0.021935057
372677,43.0456918,-89.44577636,7.36097105,-0.10109574,0.042939905
372734,43.0456918,-89.44577636,7.36097105,-2.05E-04,-0.013998383
372795,43.0456918,-89.44577636,7.36097105,-0.0632709,0.01984196
372854,43.0456918,-89.44577636,7.36097105,-0.08073511,-0.04957296
372920,43.0456918,-89.44577636,7.36097105,0.028522046,0.010674381
372979,43.0456918,-89.44577636,7.36097105,-0.083476044,-0.035126384
373039,43.0456918,-89.44577636,7.36097105,-0.12454862,0.041558426
373097,43.0456918,-89.44577636,7.36097105,-0.094619155,0.038560595
373158,43.0456918,-89.44577636,7.36097105,-0.09555265,-0.05093991
373217,43.0456918,-89.44577636,7.36097105,-0.06755449,-0.07892851
373276,43.04575474,-89.44573665,7.744351719,-0.07780572,0.04730664
373334,43.04575474,-89.44573665,7.744351719,-0.10557996,0.004695725
373400,43.04575474,-89.44573665,7.744351719,-0.094290406,-0.00143981
373465,43.04575474,-89.44573665,7.744351719,-0.090596855,-0.024101235
373533,43.04575474,-89.44573665,7.744351719,-0.12731145,-0.055657092
373595,43.04575474,-89.44573665,7.744351719,-0.026108665,0.08697024
373655,43.04575474,-89.44573665,7.744351719,-0.07816294,-0.011155748
373720,43.04575474,-89.44573665,7.744351719,-0.057822853,0.028612329
373779,43.04575474,-89.44573665,7.744351719,-0.107421525,-0.005291439
373839,43.04575474,-89.44573665,7.744351719,-0.1022471,-0.036589764
373896,43.04575474,-89.44573665,7.744351719,-0.2042045,-0.044018663
373955,43.04575474,-89.44573665,7.744351719,-0.13276035,-0.01556176
374014,43.04575474,-89.44573665,7.744351719,-0.12477973,-0.09403326
374075,43.04575474,-89.44573665,7.744351719,-0.112693645,0.009891662
374134,43.04575474,-89.44573665,7.744351719,-0.10415252,-0.01800317
374195,43.04575474,-89.44573665,7.744351719,-0.06643048,-0.035613075
374255,43.04575474,-89.44573665,7.744351719,-0.051028874,-0.04282666
374313,43.04582647,-89.4457,8.176135262,-0.07787439,-0.057869695
374370,43.04582647,-89.4457,8.176135262,-0.13186885,-0.051299684
374430,43.04582647,-89.4457,8.176135262,-0.08251367,-0.07109451
374490,43.04582647,-89.4457,8.176135262,-0.06714822,-0.029928328
374549,43.04582647,-89.4457,8.176135262,-0.061737504,-0.01222653
374609,43.04582647,-89.4457,8.176135262,-0.074540526,-0.08634462
374667,43.04582647,-89.4457,8.176135262,-0.1273517,-0.026860626
374724,43.04582647,-89.4457,8.176135262,-0.07180689,-0.06403635
374782,43.04582647,-89.4457,8.176135262,-0.10797139,-0.025930684
374839,43.04582647,-89.4457,8.176135262,-0.050177764,-0.031488735
374898,43.04582647,-89.4457,8.176135262,-0.11844182,0.013834524
374960,43.04582647,-89.4457,8.176135262,-0.027439652,-0.05776565
375018,43.04582647,-89.4457,8.176135262,-0.070709094,-0.009706865
375075,43.04582647,-89.4457,8.176135262,-0.09466223,-0.061738204
375135,43.04582647,-89.4457,8.176135262,0.033207092,-0.028257353
375197,43.04582647,-89.4457,8.176135262,-0.09722664,-0.03363734
375256,43.04582647,-89.4457,8.176135262,-0.056838293,-0.001754043
375314,43.04590253,-89.44566757,8.563967061,-0.11287186,-0.003455828
375374,43.04590253,-89.44566757,8.563967061,-0.0975433,-0.052346487
375431,43.04590253,-89.44566757,8.563967061,-0.10171886,-0.035496596
375488,43.04590253,-89.44566757,8.563967061,-0.06883291,-0.043686748
375547,43.04590253,-89.44566757,8.563967061,-0.03923189,-0.08500422
375606,43.04590253,-89.44566757,8.563967061,-0.071361594,-0.02859128
375663,43.04590253,-89.44566757,8.563967061,-0.09794535,0.010899551
375721,43.04590253,-89.44566757,8.563967061,-0.11559864,0.026351131
375780,43.04590253,-89.44566757,8.563967061,-0.037917722,-0.053011436
375838,43.04590253,-89.44566757,8.563967061,-0.026073553,-0.013990296
375900,43.04590253,-89.44566757,8.563967061,-0.024885021,0.02923183
375957,43.04590253,-89.44566757,8.563967061,-0.035816547,-0.011024617
376015,43.04590253,-89.44566757,8.563967061,-0.061649594,-0.018730158
376074,43.04590253,-89.44566757,8.563967061,-0.06926952,-0.03250061
376132,43.04590253,-89.44566757,8.563967061,-0.037210736,0.017851315
376189,43.04590253,-89.44566757,8.563967061,-0.038561832,-0.006215689
376249,43.04590253,-89.44566757,8.563967061,0.002630127,-0.09623751
376306,43.04598031,-89.44563693,8.861993976,-0.03162846,-0.03974541
376364,43.04598031,-89.44563693,8.861993976,-0.08891074,-0.048845608
376422,43.04598031,-89.44563693,8.861993976,7.15E-04,-0.061300036
376479,43.04598031,-89.44563693,8.861993976,-0.014903963,-0.09113037
376544,43.04598031,-89.44563693,8.861993976,0.06724648,-0.041364606
376601,43.04598031,-89.44563693,8.861993976,-0.05217952,-0.006193721
376659,43.04598031,-89.44563693,8.861993976,-0.097698085,7.62E-04
376717,43.04598031,-89.44563693,8.861993976,-0.11964264,-0.027225474
376779,43.04598031,-89.44563693,8.861993976,-0.056251146,-0.047192823
376843,43.04598031,-89.44563693,8.861993976,0.047939748,-0.120865814
376901,43.04598031,-89.44563693,8.861993976,-0.023818709,-0.07238212
376964,43.04598031,-89.44563693,8.861993976,-0.042714957,-0.046093788
377026,43.04598031,-89.44563693,8.861993976,-0.004700761,-0.025054697
377087,43.04598031,-89.44563693,8.861993976,-0.08686606,-0.022595562
377147,43.04598031,-89.44563693,8.861993976,-0.01123634,-0.005987546
377205,43.04598031,-89.44563693,8.861993976,-0.008401505,-0.011091529
377273,43.04606124,-89.44560929,9.061190908,-0.010359604,-0.03303012
377333,43.04606124,-89.44560929,9.061190908,0.06617498,-0.07742551
377392,43.04606124,-89.44560929,9.061190908,-0.058645308,0.00152956
377452,43.04606124,-89.44560929,9.061190908,-0.10345512,-0.033016287
377511,43.04606124,-89.44560929,9.061190908,-0.06465535,-0.07790343
377568,43.04606124,-89.44560929,9.061190908,-0.05362253,-0.04755078
377625,43.04606124,-89.44560929,9.061190908,0.03887104,-0.064665265
377684,43.04606124,-89.44560929,9.061190908,0.028128123,-0.10011167
377743,43.04606124,-89.44560929,9.061190908,-0.03461418,-0.033295717
377802,43.04606124,-89.44560929,9.061190908,-0.08877984,-0.090251654
377858,43.04606124,-89.44560929,9.061190908,0.042407323,0.027204711
377919,43.04606124,-89.44560929,9.061190908,-0.16574258,-0.046147283
377980,43.04606124,-89.44560929,9.061190908,-0.08553928,-0.11922378
378039,43.04606124,-89.44560929,9.061190908,0.04461331,-0.03214354
378097,43.04606124,-89.44560929,9.061190908,-0.06235031,-0.16128623
378156,43.04606124,-89.44560929,9.061190908,-0.1080707,-0.15094379
378213,43.04606124,-89.44560929,9.061190908,-0.2735052,-0.025672419
378274,43.04614249,-89.44558143,9.106410208,0.15885192,-0.27350795
378330,43.04614249,-89.44558143,9.106410208,-0.15132597,0.08848525
378387,43.04614249,-89.44558143,9.106410208,-0.032557085,0.049143393
378444,43.04614249,-89.44558143,9.106410208,-0.2658872,0.09509559
378506,43.04614249,-89.44558143,9.106410208,-0.17330196,-0.06699986
378568,43.04614249,-89.44558143,9.106410208,0.009990536,-0.12198751
378626,43.04614249,-89.44558143,9.106410208,-0.14572318,-0.10513473
378689,43.04614249,-89.44558143,9.106410208,-0.1371465,-0.16262886
378748,43.04614249,-89.44558143,9.106410208,-0.05628804,-0.1932695
378809,43.04614249,-89.44558143,9.106410208,0.124876656,-0.10607202
378865,43.04614249,-89.44558143,9.106410208,0.0794039,-0.056204926
378923,43.04614249,-89.44558143,9.106410208,-0.014064672,-0.21418495
378983,43.04614249,-89.44558143,9.106410208,-0.13665047,-0.040971424
379041,43.04614249,-89.44558143,9.106410208,0.007314273,-0.055462595
379098,43.04614249,-89.44558143,9.106410208,-0.027136216,-0.052696213
379155,43.04614249,-89.44558143,9.106410208,-0.13069706,-0.0668166
379223,43.04614249,-89.44558143,9.106410208,0.0266441,-0.05549136
379281,43.04622001,-89.44555664,8.872649302,0.083758906,-0.062850654
379339,43.04622001,-89.44555664,8.872649302,0.014069616,-0.019454671
379399,43.04622001,-89.44555664,8.872649302,0.042768806,-0.045627583
379457,43.04622001,-89.44555664,8.872649302,-0.12802815,-0.056063343
379516,43.04622001,-89.44555664,8.872649302,0.022855999,-0.028822022
379574,43.04622001,-89.44555664,8.872649302,-0.057158608,-0.048735544
379633,43.04622001,-89.44555664,8.872649302,-0.045950737,-0.037709612
379690,43.04622001,-89.44555664,8.872649302,-0.011279855,-0.113100536
379746,43.04622001,-89.44555664,8.872649302,0.018066116,-0.12664297
379810,43.04622001,-89.44555664,8.872649302,0.001744639,-0.07602778
379868,43.04622001,-89.44555664,8.872649302,-0.026839321,-0.09318831
379929,43.04622001,-89.44555664,8.872649302,-0.042472836,-0.09873183
379990,43.04622001,-89.44555664,8.872649302,-0.04997134,-0.12446025
380050,43.04622001,-89.44555664,8.872649302,0.008295248,-0.08980772
380110,43.04622001,-89.44555664,8.872649302,-0.017933598,-0.07973455
380167,43.04622001,-89.44555664,8.872649302,0.003938172,-0.111353494
380223,43.04622001,-89.44555664,8.872649302,0.018807884,-0.07442137
380283,43.04629295,-89.44553862,8.483581036,-0.027100485,-0.088492565
380338,43.04629295,-89.44553862,8.483581036,-0.033872936,-0.06837141
380396,43.04629295,-89.44553862,8.483581036,-0.0120563,-0.06316995
380456,43.04629295,-89.44553862,8.483581036,-0.03887607,-0.119017854
380515,43.04629295,-89.44553862,8.483581036,0.019983782,-0.09924907
380571,43.04629295,-89.44553862,8.483581036,-0.011078883,-0.07504293
380632,43.04629295,-89.44553862,8.483581036,-0.02242894,-0.08799661
380694,43.04629295,-89.44553862,8.483581036,-0.006283766,-0.03682164
380755,43.04629295,-89.44553862,8.483581036,0.057292137,-0.11097407
380820,43.04629295,-89.44553862,8.483581036,0.010119261,-0.06247078
380879,43.04629295,-89.44553862,8.483581036,0.021095358,-0.10195667
380937,43.04629295,-89.44553862,8.483581036,-0.01988362,-0.12396024
380998,43.04629295,-89.44553862,8.483581036,0.009517885,-0.087495446
381057,43.04629295,-89.44553862,8.483581036,-0.005433964,-0.1255681
381119,43.04629295,-89.44553862,8.483581036,-0.04374103,-0.099147595
381185,43.04629295,-89.44553862,8.483581036,-0.021326002,-0.15072803
381244,43.04629295,-89.44553862,8.483581036,0.07259659,-0.07309393
381305,43.04635653,-89.44552597,7.853939706,0.027176002,-0.09715293
381362,43.04635653,-89.44552597,7.853939706,0.017406953,-0.12906495
381423,43.04635653,-89.44552597,7.853939706,0.008052092,-0.08546176
381482,43.04635653,-89.44552597,7.853939706,0.001769202,-0.09894247
381539,43.04635653,-89.44552597,7.853939706,0.01047781,-0.112584144
381598,43.04635653,-89.44552597,7.853939706,0.06227086,-0.09867916
381657,43.04635653,-89.44552597,7.853939706,0.05378829,-0.12837858
381718,43.04635653,-89.44552597,7.853939706,0.01811732,-0.106444374
381781,43.04635653,-89.44552597,7.853939706,0.025262004,-0.123601064
381845,43.04635653,-89.44552597,7.853939706,0.0596447,-0.09934351
381906,43.04635653,-89.44552597,7.853939706,0.08354497,-0.08481709
381964,43.04635653,-89.44552597,7.853939706,0.053454675,-0.12012209
382022,43.04635653,-89.44552597,7.853939706,0.07171037,-0.1377456
382082,43.04635653,-89.44552597,7.853939706,0.10500113,-0.15630807
382143,43.04635653,-89.44552597,7.853939706,0.001361088,-0.07022059
382200,43.04635653,-89.44552597,7.853939706,0.12883352,-0.15615524
382263,43.04635653,-89.44552597,7.853939706,0.03226111,-0.12420894
382321,43.04641161,-89.44551549,6.976702698,0.07009163,-0.072993204
382380,43.04641161,-89.44551549,6.976702698,0.16913469,0.125956
382440,43.04641161,-89.44551549,6.976702698,0.09282437,0.016194016
382498,43.04641161,-89.44551549,6.976702698,0.15327546,0.10449551
382558,43.04641161,-89.44551549,6.976702698,0.06475462,0.05761853
382620,43.04641161,-89.44551549,6.976702698,-0.020669946,0.019156279
382677,43.04641161,-89.44551549,6.976702698,0.098775595,0.019138988
382733,43.04641161,-89.44551549,6.976702698,0.11813722,-0.043116834
382794,43.04641161,-89.44551549,6.976702698,0.1772339,0.02989344
382856,43.04641161,-89.44551549,6.976702698,0.23383577,0.06700285
382915,43.04641161,-89.44551549,6.976702698,0.25706384,0.106139995
382973,43.04641161,-89.44551549,6.976702698,0.27284274,0.003001335
383032,43.04641161,-89.44551549,6.976702698,0.23034307,0.078427844
383101,43.04641161,-89.44551549,6.976702698,0.16066067,0.03888476
383163,43.04641161,-89.44551549,6.976702698,0.12974422,0.04414
383226,43.04641161,-89.44551549,6.976702698,0.15424724,0.090134725
383289,43.04646058,-89.44549744,6.40502892,0.17489126,0.06769319
383345,43.04646058,-89.44549744,6.40502892,0.17743805,0.047724962
383406,43.04646058,-89.44549744,6.40502892,0.20951658,-0.023617733
383464,43.04646058,-89.44549744,6.40502892,0.146681,0.013335425
383526,43.04646058,-89.44549744,6.40502892,0.208797,-0.00509234
383582,43.04646058,-89.44549744,6.40502892,0.11080395,0.09600095
383637,43.04646058,-89.44549744,6.40502892,0.18268394,0.15778597
383698,43.04646058,-89.44549744,6.40502892,0.13966317,-0.03929388
383758,43.04646058,-89.44549744,6.40502892,0.19997197,0.026123459
383816,43.04646058,-89.44549744,6.40502892,0.05988938,0.040170666
383876,43.04646058,-89.44549744,6.40502892,0.4402867,-0.010517232
383936,43.04646058,-89.44549744,6.40502892,-0.021590741,-0.08872474
383996,43.04646058,-89.44549744,6.40502892,0.032858275,0.002076113
384053,43.04646058,-89.44549744,6.40502892,0.19574831,0.04185538
384114,43.04646058,-89.44549744,6.40502892,0.19235209,-0.036122635
384175,43.04646058,-89.44549744,6.40502892,0.28391576,-0.019295074
384236,43.04646058,-89.44549744,6.40502892,0.26382813,0.037796523
384299,43.04650202,-89.44545942,6.218144572,0.113906786,0.04903231
384355,43.04650202,-89.44545942,6.218144572,0.27414572,0.11340168
384415,43.04650202,-89.44545942,6.218144572,0.19120403,0.06908745
384472,43.04650202,-89.44545942,6.218144572,9.00E-04,-0.011056591
384531,43.04650202,-89.44545942,6.218144572,0.12810698,0.013489772
384592,43.04650202,-89.44545942,6.218144572,0.1566174,0.080364555
384653,43.04650202,-89.44545942,6.218144572,0.099402584,0.005083289
384719,43.04650202,-89.44545942,6.218144572,0.19918825,-0.023313176
384776,43.04650202,-89.44545942,6.218144572,0.30057138,-0.055786736
384831,43.04650202,-89.44545942,6.218144572,0.23070452,0.051436406
384889,43.04650202,-89.44545942,6.218144572,0.28532338,-0.023168078
384951,43.04650202,-89.44545942,6.218144572,0.17588261,0.04550248
385008,43.04650202,-89.44545942,6.218144572,0.3356376,0.1486598
385067,43.04650202,-89.44545942,6.218144572,0.12882054,-0.09663702
385126,43.04650202,-89.44545942,6.218144572,0.12424391,0.006687842
385193,43.04650202,-89.44545942,6.218144572,0.20406672,-0.06941196
385252,43.04650202,-89.44545942,6.218144572,0.3068792,0.007617557
385313,43.04653386,-89.4453996,6.292316149,0.13326365,0.02683169
385369,43.04653386,-89.4453996,6.292316149,0.320068,0.007304785
385434,43.04653386,-89.4453996,6.292316149,0.11925249,-0.017599734
385497,43.04653386,-89.4453996,6.292316149,0.13560204,-0.08027961
385560,43.04653386,-89.4453996,6.292316149,0.18237567,-0.024003372
385619,43.04653386,-89.4453996,6.292316149,0.09343597,-0.00729554
385676,43.04653386,-89.4453996,6.292316149,0.11189249,-0.0205313
385732,43.04653386,-89.4453996,6.292316149,0.12542677,-0.029868662
385790,43.04653386,-89.4453996,6.292316149,0.06861637,-0.006153051
385847,43.04653386,-89.4453996,6.292316149,0.11134968,-0.008152938
385908,43.04653386,-89.4453996,6.292316149,0.08761275,-0.07204222
385966,43.04653386,-89.4453996,6.292316149,0.12129937,-0.044329576
386030,43.04653386,-89.4453996,6.292316149,0.10120771,-0.032972
386091,43.04653386,-89.4453996,6.292316149,0.07638455,-0.025002042
386150,43.04653386,-89.4453996,6.292316149,0.0685554,0.043573383
386213,43.04653386,-89.4453996,6.292316149,0.012384983,-0.06391668
386270,43.04654671,-89.44531913,6.504068202,0.029722862,-0.06463409
386327,43.04654671,-89.44531913,6.504068202,0.06939054,-0.07653904
386383,43.04654671,-89.44531913,6.504068202,0.063760184,0.040871706
386442,43.04654671,-89.44531913,6.504068202,0.047931686,0.052197054
386504,43.04654671,-89.44531913,6.504068202,0.0095721,-0.017124234
386569,43.04654671,-89.44531913,6.504068202,0.028902853,-0.045973476
386627,43.04654671,-89.44531913,6.504068202,0.04710909,-0.026005346
386684,43.04654671,-89.44531913,6.504068202,0.020959174,-0.051827665
386744,43.04654671,-89.44531913,6.504068202,0.006639209,-0.0083054
386808,43.04654671,-89.44531913,6.504068202,-0.04984035,-0.07881074
386864,43.04654671,-89.44531913,6.504068202,-0.1061066,-0.04648772
386922,43.04654671,-89.44531913,6.504068202,-0.008564482,-0.05179841
386980,43.04654671,-89.44531913,6.504068202,-0.03141999,-0.025687851
387040,43.04654671,-89.44531913,6.504068202,-0.015679045,-0.01708368
387100,43.04654671,-89.44531913,6.504068202,-0.001829205,-0.033209357
387156,43.04654671,-89.44531913,6.504068202,-0.056469955,-0.040913127
387215,43.04654671,-89.44531913,6.504068202,-0.04166661,-0.054392476
387277,43.04654535,-89.44523458,6.74008607,-0.077082396,-0.0733733
387334,43.04654535,-89.44523458,6.74008607,-0.08598597,-0.06071128
387392,43.04654535,-89.44523458,6.74008607,-0.11652784,-0.026848271
387452,43.04654535,-89.44523458,6.74008607,-0.03747716,-0.03343918
387511,43.04654535,-89.44523458,6.74008607,-0.041044857,-0.03344079
387571,43.04654535,-89.44523458,6.74008607,-0.06614492,-0.024489682
387627,43.04654535,-89.44523458,6.74008607,-0.031437222,-0.037251394
387686,43.04654535,-89.44523458,6.74008607,-0.052555315,-0.035726804
387746,43.04654535,-89.44523458,6.74008607,-0.039434683,-0.05521109
387804,43.04654535,-89.44523458,6.74008607,-0.07255658,-0.053724494
387859,43.04654535,-89.44523458,6.74008607,-0.044698548,-0.032074563
387918,43.04654535,-89.44523458,6.74008607,-0.045688827,-0.05090719
387973,43.04654535,-89.44523458,6.74008607,-0.0539586,-0.053546846
388028,43.04654535,-89.44523458,6.74008607,-0.04312725,-0.07113286
388086,43.04654535,-89.44523458,6.74008607,0.016401973,-0.023695718
388152,43.04654535,-89.44523458,6.74008607,-0.051593725,-0.048705608
388210,43.04654535,-89.44523458,6.74008607,-0.064331315,-0.062636465
388270,43.04653885,-89.44514589,6.994087882,-0.04393831,-0.110318646
388331,43.04653885,-89.44514589,6.994087882,-0.025208382,-0.026477596
388392,43.04653885,-89.44514589,6.994087882,-0.04884081,-0.006558524
388453,43.04653885,-89.44514589,6.994087882,0.03900026,-0.03913133
388515,43.04653885,-89.44514589,6.994087882,-0.11578729,-0.08682621
388574,43.04653885,-89.44514589,6.994087882,-0.05007597,-0.0532406
388634,43.04653885,-89.44514589,6.994087882,-0.10599291,-0.017663194
388693,43.04653885,-89.44514589,6.994087882,-0.041964494,-0.012452223
388756,43.04653885,-89.44514589,6.994087882,-0.037809916,-0.013613707
388814,43.04653885,-89.44514589,6.994087882,-0.06088752,-0.13259767
388876,43.04653885,-89.44514589,6.994087882,0.008500047,0.062095802
388941,43.04653885,-89.44514589,6.994087882,-0.10390044,0.012572438
389004,43.04653885,-89.44514589,6.994087882,-0.11867868,-0.09860967
389070,43.04653885,-89.44514589,6.994087882,0.20719528,-0.047088195
389131,43.04653885,-89.44514589,6.994087882,-0.33514288,-0.14158414
389189,43.04653885,-89.44514589,6.994087882,-0.22866149,0.03456476
389245,43.04653885,-89.44514589,6.994087882,-0.006527457,-0.024720708
389302,43.04653061,-89.445054,7.240146653,-0.21194638,-0.02985155
389361,43.04653061,-89.445054,7.240146653,0.041648522,-0.009655924
389423,43.04653061,-89.445054,7.240146653,-0.12629598,-0.074283876
389481,43.04653061,-89.445054,7.240146653,-0.1729616,-0.052435037
389544,43.04653061,-89.445054,7.240146653,0.12963891,-0.022762893
389608,43.04653061,-89.445054,7.240146653,-0.17042187,-0.1007036
389666,43.04653061,-89.445054,7.240146653,-0.045799885,0.004894096
389736,43.04653061,-89.445054,7.240146653,-0.023137035,-0.04426896
389798,43.04653061,-89.445054,7.240146653,-0.033722688,-0.04247864
389863,43.04653061,-89.445054,7.240146653,-0.08510259,-0.10882953
389918,43.04653061,-89.445054,7.240146653,-0.004704524,-0.08933456
389974,43.04653061,-89.445054,7.240146653,-0.023395864,-0.106037654
390034,43.04653061,-89.445054,7.240146653,-0.04951771,-0.08249487
390097,43.04653061,-89.445054,7.240146653,-0.03472643,-0.101215005
390158,43.04653061,-89.445054,7.240146653,-0.07704996,-0.09095851
390217,43.04653061,-89.445054,7.240146653,-0.00683456,-0.12230798
390283,43.04652607,-89.44496049,7.342716036,-0.024899103,-0.08724743
390342,43.04652607,-89.44496049,7.342716036,-0.027206616,-0.13243935
390410,43.04652607,-89.44496049,7.342716036,-0.02716186,-0.11641558
390468,43.04652607,-89.44496049,7.342716036,-0.06448068,-0.13267337
390524,43.04652607,-89.44496049,7.342716036,-0.06488472,-0.08155565
390585,43.04652607,-89.44496049,7.342716036,0.037683647,-0.0911147
390643,43.04652607,-89.44496049,7.342716036,-0.005557076,-0.102677464
390704,43.04652607,-89.44496049,7.342716036,0.014559615,-0.101124294
390765,43.04652607,-89.44496049,7.342716036,-0.049715057,-0.07643638
390822,43.04652607,-89.44496049,7.342716036,-0.058689848,-0.16104263
390880,43.04652607,-89.44496049,7.342716036,-0.085373394,-0.14990297
390939,43.04652607,-89.44496049,7.342716036,-0.07573747,-0.10850946
390997,43.04652607,-89.44496049,7.342716036,-0.00389697,-0.13272169
391061,43.04652607,-89.44496049,7.342716036,-0.02563751,-0.1828423
391126,43.04652607,-89.44496049,7.342716036,-0.035074387,-0.10166749
391184,43.04652607,-89.44496049,7.342716036,-0.05388029,-0.14727515
391241,43.04652607,-89.44496049,7.342716036,-0.09041954,-0.16599572
391298,43.04651944,-89.44487413,7.080131231,-0.09844653,-0.08085979
391355,43.04651944,-89.44487413,7.080131231,-0.22329113,-0.17698894
391415,43.04651944,-89.44487413,7.080131231,-0.12896419,-0.13997509
391474,43.04651944,-89.44487413,7.080131231,-0.10591851,-0.124440275
391531,43.04651944,-89.44487413,7.080131231,-0.09838462,-0.12943564
391594,43.04651944,-89.44487413,7.080131231,-0.08130055,-0.16034216
391653,43.04651944,-89.44487413,7.080131231,-0.23340791,-0.13168024
391709,43.04651944,-89.44487413,7.080131231,-0.15822072,-0.124000765
391765,43.04651944,-89.44487413,7.080131231,-0.10835853,-0.13114925
391824,43.04651944,-89.44487413,7.080131231,-0.19264065,-0.13643731
391881,43.04651944,-89.44487413,7.080131231,-0.104200706,-0.15584756
391940,43.04651944,-89.44487413,7.080131231,-0.13857965,-0.14228949
391999,43.04651944,-89.44487413,7.080131231,-0.14840561,-0.07432484
392056,43.04651944,-89.44487413,7.080131231,-0.111530654,-0.047703266
392113,43.04651944,-89.44487413,7.080131231,-0.16455361,-0.042416252
392170,43.04651944,-89.44487413,7.080131231,-0.17433617,-0.063989006
392231,43.04651944,-89.44487413,7.080131231,-0.18894404,-0.06955042
392296,43.04651841,-89.44480104,6.485568058,-0.1549678,-0.040687773
392352,43.04651841,-89.44480104,6.485568058,-0.18258815,-0.042535417
392410,43.04651841,-89.44480104,6.485568058,-0.17884979,-0.030984148
392469,43.04651841,-89.44480104,6.485568058,-0.19269636,-0.032894913
392529,43.04651841,-89.44480104,6.485568058,-0.2188932,-0.0621747
392590,43.04651841,-89.44480104,6.485568058,-0.2493851,-0.09757292
392651,43.04651841,-89.44480104,6.485568058,-0.26562837,-0.0309494
392711,43.04651841,-89.44480104,6.485568058,-0.26619267,-0.036774643
392771,43.04651841,-89.44480104,6.485568058,-0.24464557,-0.022232713
392828,43.04651841,-89.44480104,6.485568058,-0.17411895,0.015967771
392888,43.04651841,-89.44480104,6.485568058,-0.2174593,-0.030065687
392951,43.04651841,-89.44480104,6.485568058,-0.19921535,-0.09666177
393010,43.04651841,-89.44480104,6.485568058,-0.2111683,-0.111338966
393067,43.04651841,-89.44480104,6.485568058,-0.19269228,-0.13192326
393125,43.04651841,-89.44480104,6.485568058,-0.29722762,-0.089513406
393188,43.04651841,-89.44480104,6.485568058,-0.28176558,-0.08939151
393246,43.04651841,-89.44480104,6.485568058,-0.2411816,-0.048463628
393308,43.04652683,-89.44473454,6.04136563,-0.17729062,-0.085294284
393365,43.04652683,-89.44473454,6.04136563,-0.1407421,-0.074718386
393422,43.04652683,-89.44473454,6.04136563,-0.14385268,-0.12079046
393479,43.04652683,-89.44473454,6.04136563,0.031367794,-0.08145995
393542,43.04652683,-89.44473454,6.04136563,-0.17266136,0.003954244
393599,43.04652683,-89.44473454,6.04136563,-0.36530223,-0.09087772
393660,43.04652683,-89.44473454,6.04136563,-0.29516086,-0.11784898
393716,43.04652683,-89.44473454,6.04136563,-0.21830653,-0.1721985
393773,43.04652683,-89.44473454,6.04136563,-0.08411866,-0.0413486
393831,43.04652683,-89.44473454,6.04136563,-0.10938091,0.021470962
393889,43.04652683,-89.44473454,6.04136563,-0.13678794,-0.020803867
393949,43.04652683,-89.44473454,6.04136563,-0.15942569,0.03785213
394005,43.04652683,-89.44473454,6.04136563,-0.18473771,0.07117232
394063,43.04652683,-89.44473454,6.04136563,-0.14215256,0.1993822
394121,43.04652683,-89.44473454,6.04136563,-0.13407116,0.069639176
394178,43.04652683,-89.44473454,6.04136563,-0.22247165,-0.003698712
394235,43.04652683,-89.44473454,6.04136563,-0.09026151,0.12604722
394297,43.04654914,-89.44467926,5.750586323,-0.16941386,0.08799512
394354,43.04654914,-89.44467926,5.750586323,-0.20146084,0.10880551
394412,43.04654914,-89.44467926,5.750586323,-0.059121303,0.07070395
394474,43.04654914,-89.44467926,5.750586323,-0.17793301,0.013434027
394533,43.04654914,-89.44467926,5.750586323,-0.17964423,0.10917877
394590,43.04654914,-89.44467926,5.750586323,-0.10161504,0.048355088
394647,43.04654914,-89.44467926,5.750586323,-0.15093787,0.023646453
394707,43.04654914,-89.44467926,5.750586323,-0.10549553,0.010951217
394765,43.04654914,-89.44467926,5.750586323,-0.11666232,-0.001028191
394822,43.04654914,-89.44467926,5.750586323,-0.083828144,0.13389564
394882,43.04654914,-89.44467926,5.750586323,-0.043936662,0.007992522
394939,43.04654914,-89.44467926,5.750586323,-0.045463655,0.09147431
394998,43.04654914,-89.44467926,5.750586323,-0.01028912,0.019632543
395058,43.04654914,-89.44467926,5.750586323,0.00142452,0.05618654
395120,43.04654914,-89.44467926,5.750586323,-0.14263758,0.052720577
395178,43.04654914,-89.44467926,5.750586323,-0.12573437,0.060438354
395234,43.04654914,-89.44467926,5.750586323,0.036706902,0.07094037
395302,43.04658887,-89.44463572,5.972461779,0.04372141,0.047579486
395361,43.04658887,-89.44463572,5.972461779,0.033914678,0.07528802
395418,43.04658887,-89.44463572,5.972461779,0.023341827,0.06268484
395480,43.04658887,-89.44463572,5.972461779,0.012725398,0.029120747
395542,43.04658887,-89.44463572,5.972461779,-0.061319068,0.047977064
395608,43.04658887,-89.44463572,5.972461779,-0.10336573,0.035292204
395665,43.04658887,-89.44463572,5.972461779,-3.57E-04,-0.016464077
395723,43.04658887,-89.44463572,5.972461779,-0.00379406,-0.011936929
395782,43.04658887,-89.44463572,5.972461779,-0.072685964,0.02661657
395839,43.04658887,-89.44463572,5.972461779,-0.06442114,0.034423344
395897,43.04658887,-89.44463572,5.972461779,-0.053124275,-0.003139044
395959,43.04658887,-89.44463572,5.972461779,-0.029730441,-0.06126708
396021,43.04658887,-89.44463572,5.972461779,-0.03160957,-0.029235106
396077,43.04658887,-89.44463572,5.972461779,-0.004417869,-0.03009581
396138,43.04658887,-89.44463572,5.972461779,0.027774127,-0.042970072
396206,43.04658887,-89.44463572,5.972461779,-0.0759944,-0.0395755
396268,43.04664101,-89.44459783,6.344012689,-0.009654741,-0.05066671
396331,43.04664101,-89.44459783,6.344012689,-0.06784314,-0.07902904
396387,43.04664101,-89.44459783,6.344012689,0.0898166,-0.09054272
396448,43.04664101,-89.44459783,6.344012689,0.12627462,-0.06979343
396511,43.04664101,-89.44459783,6.344012689,-0.007560396,-0.10406737
396569,43.04664101,-89.44459783,6.344012689,-0.025668789,-0.16025983
396630,43.04664101,-89.44459783,6.344012689,-0.032075003,-0.12633702
396690,43.04664101,-89.44459783,6.344012689,0.008643005,-0.06999598
396749,43.04664101,-89.44459783,6.344012689,-0.024406347,-0.07499887
396808,43.04664101,-89.44459783,6.344012689,0.048953187,-0.14304559
396867,43.04664101,-89.44459783,6.344012689,0.11221601,-0.09661209
396930,43.04664101,-89.44459783,6.344012689,0.038946077,-0.030577976
396992,43.04664101,-89.44459783,6.344012689,-0.029241683,-0.029905155
397055,43.04664101,-89.44459783,6.344012689,4.90E-05,-0.10511731
397119,43.04664101,-89.44459783,6.344012689,0.036880143,-0.073488966
397177,43.04664101,-89.44459783,6.344012689,-0.013636079,-0.08033043
397237,43.04664101,-89.44459783,6.344012689,-0.021890864,-0.10439426
397296,43.0466949,-89.4445658,6.3012469,-0.046447344,-0.100925475
397354,43.0466949,-89.4445658,6.3012469,-0.007986431,-0.102579154
397413,43.0466949,-89.4445658,6.3012469,0.066251,-0.10203123
397470,43.0466949,-89.4445658,6.3012469,0.076107845,-0.10877947
397529,43.0466949,-89.4445658,6.3012469,0.08166783,-0.07791003
397587,43.0466949,-89.4445658,6.3012469,0.085444584,-0.09151941
397650,43.0466949,-89.4445658,6.3012469,-0.00849718,-0.113075584
397709,43.0466949,-89.4445658,6.3012469,-0.004241346,-0.12746176
397767,43.0466949,-89.4445658,6.3012469,0.004279207,-0.08041609
397824,43.0466949,-89.4445658,6.3012469,-0.047670294,-0.113217786
397886,43.0466949,-89.4445658,6.3012469,0.039275866,-0.1039377
397944,43.0466949,-89.4445658,6.3012469,-0.024982296,-0.11545539
398006,43.0466949,-89.4445658,6.3012469,0.10308603,-0.14131854
398068,43.0466949,-89.4445658,6.3012469,0.073942594,-0.07142734
398125,43.0466949,-89.4445658,6.3012469,0.028711047,-0.11848811
398187,43.0466949,-89.4445658,6.3012469,0.024016147,-0.0949869
398246,43.0466949,-89.4445658,6.3012469,-0.024216227,-0.11924618
398310,43.04674486,-89.44453961,5.962171518,0.036345277,-0.10225115
398497,43.04674486,-89.44453961,5.962171518,0.011260252,-0.10346274
398554,43.04674486,-89.44453961,5.962171518,0.012434642,-0.13778257
398613,43.04674486,-89.44453961,5.962171518,0.030661725,-0.104145095
398668,43.04674486,-89.44453961,5.962171518,0.05163847,-0.06889249
398727,43.04674486,-89.44453961,5.962171518,0.04797738,-0.09408404
398808,43.04674486,-89.44453961,5.962171518,0.011421626,-0.106191635
398917,43.04674486,-89.44453961,5.962171518,0.009619849,-0.051706027
398972,43.04674486,-89.44453961,5.962171518,0.020719929,-0.10039047
399026,43.04674486,-89.44453961,5.962171518,0.06393782,-0.08786376
399082,43.04674486,-89.44453961,5.962171518,0.08118719,-0.06051288
399138,43.04674486,-89.44453961,5.962171518,0.10379757,-0.0857318
399195,43.04674486,-89.44453961,5.962171518,0.039471857,-0.113842115
399255,43.04674486,-89.44453961,5.962171518,0.004069067,-0.13909373
399311,43.04678588,-89.44452015,5.387347962,0.021738935,-0.08721908
399368,43.04678588,-89.44452015,5.387347962,0.015396734,-0.11402127
399427,43.04678588,-89.44452015,5.387347962,-0.043382484,-0.19778383
399487,43.04678588,-89.44452015,5.387347962,0.008544644,-0.14323829
399546,43.04678588,-89.44452015,5.387347962,-0.008415291,-0.18940987
399605,43.04678588,-89.44452015,5.387347962,0.10424149,-0.13556658
399661,43.04678588,-89.44452015,5.387347962,0.14575835,-0.16161436
399717,43.04678588,-89.44452015,5.387347962,0.12452833,-0.10687987
399778,43.04678588,-89.44452015,5.387347962,0.09759557,-0.14611694
399834,43.04678588,-89.44452015,5.387347962,0.09124326,-0.14176191
399892,43.04678588,-89.44452015,5.387347962,0.027447818,-0.17093973
399955,43.04678588,-89.44452015,5.387347962,-0.02894477,-0.17654406
400013,43.04678588,-89.44452015,5.387347962,-0.05751354,-0.12396741
400076,43.04678588,-89.44452015,5.387347962,-0.058217186,-0.14046639
400138,43.04678588,-89.44452015,5.387347962,-0.012071604,-0.105967335
400200,43.04678588,-89.44452015,5.387347962,0.034918427,-0.1651372
400261,43.04678588,-89.44452015,5.387347962,0.027501395,-0.14102712
400322,43.0468189,-89.44450334,4.477448336,0.09751939,-0.13289136
400380,43.0468189,-89.44450334,4.477448336,0.084698625,-0.12487439
400442,43.0468189,-89.44450334,4.477448336,0.050786234,-0.16714928
400502,43.0468189,-89.44450334,4.477448336,0.07082421,-0.113592416
400562,43.0468189,-89.44450334,4.477448336,0.055086277,-0.124088414
400620,43.0468189,-89.44450334,4.477448336,0.03048498,-0.13386573
400677,43.0468189,-89.44450334,4.477448336,0.046431918,-0.09311668
400740,43.0468189,-89.44450334,4.477448336,0.058437828,-0.085859776
400799,43.0468189,-89.44450334,4.477448336,0.02641068,-0.07417725
400857,43.0468189,-89.44450334,4.477448336,0.028161643,-0.060213313
400919,43.0468189,-89.44450334,4.477448336,0.03156568,-0.08814454
400978,43.0468189,-89.44450334,4.477448336,0.033300832,-0.06392788
401038,43.0468189,-89.44450334,4.477448336,0.03255035,-0.043404117
401100,43.0468189,-89.44450334,4.477448336,0.038910877,-0.046659727
401163,43.0468189,-89.44450334,4.477448336,0.030822238,-0.043897983
401223,43.0468189,-89.44450334,4.477448336,0.012495978,-0.05718517
401280,43.04683673,-89.44449253,3.358188362,0.027012112,-0.057007916
401336,43.04683673,-89.44449253,3.358188362,0.01908951,-0.06349637
401398,43.04683673,-89.44449253,3.358188362,0.033806063,-0.06560843
401463,43.04683673,-89.44449253,3.358188362,0.036824692,-0.06187117
401528,43.04683673,-89.44449253,3.358188362,0.046688803,-0.07403131
401589,43.04683673,-89.44449253,3.358188362,0.046391718,-0.06626075
401654,43.04683673,-89.44449253,3.358188362,0.014736911,-0.054659307
401713,43.04683673,-89.44449253,3.358188362,-7.51E-04,-0.06396341
401775,43.04683673,-89.44449253,3.358188362,0.007917549,-0.057856213
401838,43.04683673,-89.44449253,3.358188362,0.011959245,-0.061115023
401904,43.04683673,-89.44449253,3.358188362,0.025439706,-0.06523306
401963,43.04683673,-89.44449253,3.358188362,0.030120641,-0.06387342
402023,43.04683673,-89.44449253,3.358188362,0.042571526,-0.0644093
402082,43.04683673,-89.44449253,3.358188362,0.04047843,-0.06181759
402144,43.04683673,-89.44449253,3.358188362,0.035140403,-0.05317352
402211,43.04683673,-89.44449253,3.358188362,0.028649,-0.051354453
402274,43.04684602,-89.44448896,2.241363818,0.0139401,-0.048420664
402331,43.04684602,-89.44448896,2.241363818,0.031229967,-0.04813855
402394,43.04684602,-89.44448896,2.241363818,0.019706909,-0.050126083
402459,43.04684602,-89.44448896,2.241363818,0.028148593,-0.047921427
402519,43.04684602,-89.44448896,2.241363818,0.01822178,-0.05202906
402578,43.04684602,-89.44448896,2.241363818,0.019340599,-0.050730884
402641,43.04684602,-89.44448896,2.241363818,0.02362406,-0.051170062
402699,43.04684602,-89.44448896,2.241363818,0.01594975,-0.063834526
402758,43.04684602,-89.44448896,2.241363818,0.02604751,-0.03601444
402818,43.04684602,-89.44448896,2.241363818,0.007046371,0.04065003
402882,43.04684602,-89.44448896,2.241363818,0.031564575,0.064671226
402943,43.04684602,-89.44448896,2.241363818,0.027116157,0.0646752
403001,43.04684602,-89.44448896,2.241363818,0.02316013,0.054008562
403061,43.04684602,-89.44448896,2.241363818,0.029773634,0.05989345
403120,43.04684602,-89.44448896,2.241363818,0.025077894,0.067168534
403185,43.04684602,-89.44448896,2.241363818,0.028977538,0.05683266
403247,43.04684602,-89.44448896,2.241363818,0.022577208,0.060556147
403304,43.04684661,-89.44448867,1.417891523,0.01979563,0.05131712
403361,43.04684661,-89.44448867,1.417891523,0.021090524,0.050080348
403420,43.04684661,-89.44448867,1.417891523,0.037769977,0.04853669
403477,43.04684661,-89.44448867,1.417891523,0.027913881,0.05469443
403534,43.04684661,-89.44448867,1.417891523,0.047166556,0.05409338
