deltaMs,gpsLat,gpsLon,speed,rawLatG,rawLongG
49,43.04652343,-89.4441168,0.510136347,0.007419735,0.036952063
214,43.04652343,-89.4441168,0.510136347,0.009046697,0.019357482
270,43.04652343,-89.4441168,0.510136347,0.022635464,0.026999258
328,43.04652343,-89.4441168,0.510136347,0.014281685,0.024265682
389,43.04652343,-89.4441168,0.510136347,0.019738022,0.021555148
445,43.04652343,-89.4441168,0.510136347,0.004412471,0.026190069
500,43.04652343,-89.4441168,0.510136347,0.012455722,0.032515876
557,43.04652343,-89.4441168,0.510136347,0.006474938,0.012616154
619,43.04652343,-89.4441168,0.510136347,0.011725367,0.012299544
676,43.04652343,-89.4441168,0.510136347,0.006380063,0.020822635
735,43.04652343,-89.4441168,0.306081808,0.016270056,0.021494653
793,43.04652343,-89.4441168,0.306081808,0.014706478,0.015392966
850,43.04652343,-89.4441168,0.306081808,0.010661881,0.02414324
910,43.04652343,-89.4441168,0.306081808,0.02436897,0.030944912
970,43.04652343,-89.4441168,0.306081808,-0.02077433,0.017413557
1029,43.04652343,-89.4441168,0.306081808,0.02076954,0.03427501
1085,43.04652343,-89.4441168,0.306081808,0.026721487,0.022644544
1142,43.04652343,-89.4441168,0.306081808,-0.020132177,0.07238458
1200,43.04652343,-89.4441168,0.306081808,-0.001817688,0.04237176
1261,43.04652343,-89.4441168,0.306081808,-0.002377465,-0.006346379
1323,43.04652343,-89.4441168,0.306081808,0.018548625,0.02740492
1380,43.04652343,-89.4441168,0.306081808,0.029813588,0.05428797
1435,43.04652343,-89.4441168,0.306081808,0.005997477,0.09077484
1494,43.04652343,-89.4441168,0.306081808,-0.010952077,0.08690911
1553,43.04652343,-89.4441168,0.306081808,0.021987045,0.11243443
1613,43.04652343,-89.4441168,0.306081808,0.010635878,0.1196703
1673,43.04652343,-89.4441168,0.306081808,0.008239588,0.12711656
1729,43.04652343,-89.4441168,0.183649085,-9.73E-04,0.10539249
1786,43.04652343,-89.4441168,0.183649085,0.007660903,0.101582244
1843,43.04652343,-89.4441168,0.183649085,0.011807147,0.10827555
1902,43.04652343,-89.4441168,0.183649085,0.025340421,0.11345723
1960,43.04652343,-89.4441168,0.183649085,0.029085305,0.11219088
2017,43.04652343,-89.4441168,0.183649085,0.015310419,0.1263826
2074,43.04652343,-89.4441168,0.183649085,-0.006864107,0.10758663
2130,43.04652343,-89.4441168,0.183649085,-0.005436945,0.14335755
2186,43.04652343,-89.4441168,0.183649085,0.001985463,0.18202393
2244,43.04652343,-89.4441168,0.183649085,0.007745624,0.17032608
2304,43.04652343,-89.4441168,0.183649085,-0.009932724,0.1552805
2359,43.04652343,-89.4441168,0.183649085,-0.01830097,0.16657774
2417,43.04652343,-89.4441168,0.183649085,0.019281909,0.16134332
2473,43.04652343,-89.4441168,0.183649085,-0.0174523,0.14198814
2531,43.04652343,-89.4441168,0.183649085,0.049882997,0.1535694
2590,43.04652343,-89.4441168,0.183649085,0.029303266,0.16594563
2651,43.04652343,-89.4441168,0.183649085,0.04020388,0.12990177
2709,43.04652343,-89.4441168,0.183649085,0.031920977,0.09554292
2768,43.04652343,-89.4441168,0.110189451,0.026474493,0.119221576
2826,43.04652343,-89.4441168,0.110189451,0.034360457,0.106868744
2882,43.04652343,-89.4441168,0.110189451,-0.007702747,0.14568527
2941,43.04652343,-89.4441168,0.110189451,-0.004265299,0.127434
3001,43.04652343,-89.4441168,0.110189451,-0.009350066,0.093933776
3061,43.04652343,-89.4441168,0.110189451,0.038458373,0.07689581
3118,43.04652343,-89.4441168,0.110189451,0.04763114,0.1265529
3174,43.04652343,-89.4441168,0.110189451,0.07629252,0.10023579
3233,43.04652343,-89.4441168,0.110189451,0.020712426,0.11494478
3296,43.04652343,-89.4441168,0.110189451,3.08E-04,0.11114571
3355,43.04652343,-89.4441168,0.110189451,0.005693994,0.11008039
3413,43.04652343,-89.4441168,0.110189451,-0.008660199,0.10119563
3471,43.04652343,-89.4441168,0.110189451,0.04984284,0.11469053
3531,43.04652343,-89.4441168,0.110189451,0.003283312,0.037404545
3587,43.04652343,-89.4441168,0.110189451,0.07490531,0.11856298
3647,43.04652343,-89.4441168,0.110189451,0.019495232,0.066215985
3703,43.04652343,-89.4441168,0.110189451,0.08435959,0.13233495
3761,43.04653227,-89.44414295,0.833249291,-0.009696585,0.0861965
3821,43.04653227,-89.44414295,0.833249291,0.029272558,0.07754529
3878,43.04653227,-89.44414295,0.833249291,-0.078551956,0.085232176
3940,43.04653227,-89.44414295,0.833249291,-0.06552798,0.079313606
4002,43.04653227,-89.44414295,0.833249291,-0.03987487,0.09717714
4067,43.04653227,-89.44414295,0.833249291,-0.021577913,0.13281134
4128,43.04653227,-89.44414295,0.833249291,0.019940784,0.08443105
4182,43.04653227,-89.44414295,0.833249291,0.032274354,0.10947551
4240,43.04653227,-89.44414295,0.833249291,0.055465788,0.09970024
4298,43.04653227,-89.44414295,0.833249291,0.026769366,0.069267824
4356,43.04653227,-89.44414295,0.833249291,-0.001720669,0.06723487
4419,43.04653227,-89.44414295,0.833249291,0.077660166,0.108667985
4475,43.04653227,-89.44414295,0.833249291,0.001700149,0.09248939
4532,43.04653227,-89.44414295,0.833249291,8.70E-04,0.11195884
4591,43.04653227,-89.44414295,0.833249291,0.040830366,0.09303237
4650,43.04653227,-89.44414295,0.833249291,-0.05395314,0.07994054
4705,43.04653227,-89.44414295,0.833249291,-0.024171717,0.06359315
4773,43.04654197,-89.44417976,1.75843823,0.02121368,0.048526462
4830,43.04654197,-89.44417976,1.75843823,0.02861508,0.12999263
4886,43.04654197,-89.44417976,1.75843823,-0.01867178,0.087232836
4944,43.04654197,-89.44417976,1.75843823,-0.027501198,0.08149411
5000,43.04654197,-89.44417976,1.75843823,0.051982418,0.06441423
5058,43.04654197,-89.44417976,1.75843823,0.047503848,0.072002836
5116,43.04654197,-89.44417976,1.75843823,-0.001946016,0.07983251
5176,43.04654197,-89.44417976,1.75843823,-0.053439055,0.055981472
5234,43.04654197,-89.44417976,1.75843823,0.074133515,0.100186385
5292,43.04654197,-89.44417976,1.75843823,-0.013663788,0.112903915
5351,43.04654197,-89.44417976,1.75843823,-0.06487842,0.07973496
5410,43.04654197,-89.44417976,1.75843823,0.002480704,0.08281378
5467,43.04654197,-89.44417976,1.75843823,0.016662218,0.13005601
5527,43.04654197,-89.44417976,1.75843823,0.04748539,0.111695245
5589,43.04654197,-89.44417976,1.75843823,-0.018847441,0.13135704
5651,43.04654197,-89.44417976,1.75843823,-0.007881903,0.13048625
5706,43.04654197,-89.44417976,1.75843823,-0.049632516,0.07518741
5762,43.04655272,-89.44421809,2.630244613,0.053995185,0.050525956
5818,43.04655272,-89.44421809,2.630244613,0.025973996,-0.007083759
5875,43.04655272,-89.44421809,2.630244613,0.10791473,0.042663146
5933,43.04655272,-89.44421809,2.630244613,-0.06936108,0.057645418
5991,43.04655272,-89.44421809,2.630244613,0.039534513,0.048906513
6057,43.04655272,-89.44421809,2.630244613,0.024232235,0.07663548
6114,43.04655272,-89.44421809,2.630244613,-0.01486204,0.013618202
6174,43.04655272,-89.44421809,2.630244613,0.006967057,-0.003517758
6229,43.04655272,-89.44421809,2.630244613,0.003007852,-0.038892
6287,43.04655272,-89.44421809,2.630244613,-0.019458614,-0.13045968
6345,43.04655272,-89.44421809,2.630244613,-0.059005264,-0.10633854
6402,43.04655272,-89.44421809,2.630244613,-0.027136693,-0.11858932
6461,43.04655272,-89.44421809,2.630244613,-0.024930287,-0.09406702
6517,43.04655272,-89.44421809,2.630244613,-0.009372133,-0.13135974
6572,43.04655272,-89.44421809,2.630244613,0.026024433,-0.13266224
6633,43.04655272,-89.44421809,2.630244613,0.059358824,-0.12959044
6690,43.04655272,-89.44421809,2.630244613,0.029904304,-0.09927438
6751,43.04657055,-89.44428411,3.678777146,-0.004401402,-0.15105115
6808,43.04657055,-89.44428411,3.678777146,-0.029409366,-0.083845265
6865,43.04657055,-89.44428411,3.678777146,-0.09067076,-0.1635259
6921,43.04657055,-89.44428411,3.678777146,-0.121530384,-0.097056836
6980,43.04657055,-89.44428411,3.678777146,-0.02878598,-0.066792406
7041,43.04657055,-89.44428411,3.678777146,0.039991193,-0.093418576
7103,43.04657055,-89.44428411,3.678777146,0.09879234,-0.08247008
7163,43.04657055,-89.44428411,3.678777146,-0.005403382,-0.09933019
7219,43.04657055,-89.44428411,3.678777146,0.031977754,-0.09893658
7276,43.04657055,-89.44428411,3.678777146,0.011751983,-0.089023046
7336,43.04657055,-89.44428411,3.678777146,0.006226829,0.012035094
7401,43.04657055,-89.44428411,3.678777146,-0.059741884,-0.07169534
7459,43.04657055,-89.44428411,3.678777146,-0.059615202,-0.018836265
7515,43.04657055,-89.44428411,3.678777146,-0.033689745,-0.11983585
7571,43.04657055,-89.44428411,3.678777146,0.07044279,-0.082528375
7627,43.04657055,-89.44428411,3.678777146,0.20001808,0.006525728
7682,43.04657055,-89.44428411,3.678777146,0.072991,-0.03424641
7739,43.04658781,-89.44434779,4.275688415,0.07290346,-0.013252413
7794,43.04658781,-89.44434779,4.275688415,-0.018483397,-0.0905253
7851,43.04658781,-89.44434779,4.275688415,0.097727686,-0.06495202
7907,43.04658781,-89.44434779,4.275688415,0.16834551,-0.031913653
7965,43.04658781,-89.44434779,4.275688415,0.12909445,0.029044561
8025,43.04658781,-89.44434779,4.275688415,0.1231756,-0.08157417
8086,43.04658781,-89.44434779,4.275688415,0.17545287,-0.089085005
8143,43.04658781,-89.44434779,4.275688415,0.21443349,0.015114961
8200,43.04658781,-89.44434779,4.275688415,0.16505003,-0.025196392
8259,43.04658781,-89.44434779,4.275688415,0.118867375,0.030968625
8318,43.04658781,-89.44434779,4.275688415,0.13621886,-0.042793967
8378,43.04658781,-89.44434779,4.275688415,0.1360163,0.0375178
8434,43.04658781,-89.44434779,4.275688415,0.17023885,0.02141681
8493,43.04658781,-89.44434779,4.275688415,0.14318559,0.08502471
8553,43.04658781,-89.44434779,4.275688415,0.15734845,-0.035993766
8613,43.04658781,-89.44434779,4.275688415,0.15796518,0.012789676
8671,43.04658781,-89.44434779,4.275688415,0.08992077,-0.015039342
8729,43.0466093,-89.44441229,4.613672975,0.14790225,0.041353088
8785,43.0466093,-89.44441229,4.613672975,0.16728549,-0.011013268
8845,43.0466093,-89.44441229,4.613672975,0.19117703,0.033938352
8900,43.0466093,-89.44441229,4.613672975,0.2034166,0.04853651
8958,43.0466093,-89.44441229,4.613672975,0.190338,-0.027726619
9014,43.0466093,-89.44441229,4.613672975,0.14574851,-0.019142985
9073,43.0466093,-89.44441229,4.613672975,0.11177775,-0.08895482
9130,43.0466093,-89.44441229,4.613672975,0.24155834,-0.054116227
9189,43.0466093,-89.44441229,4.613672975,0.027364625,-0.11130241
9247,43.0466093,-89.44441229,4.613672975,0.21666059,-0.006213395
9307,43.0466093,-89.44441229,4.613672975,0.18084869,-0.0260597
9364,43.0466093,-89.44441229,4.613672975,0.17102261,-0.10919437
9422,43.0466093,-89.44441229,4.613672975,0.24707112,-0.106428176
9480,43.0466093,-89.44441229,4.613672975,0.3403345,-0.053631287
9539,43.0466093,-89.44441229,4.613672975,0.23706454,-0.10730569
9598,43.0466093,-89.44441229,4.613672975,0.21581721,-0.18146089
9656,43.0466093,-89.44441229,4.613672975,0.3145196,-0.06619903
9713,43.04664331,-89.44446783,4.920311977,0.22345434,-0.054518692
9770,43.04664331,-89.44446783,4.920311977,0.2810711,-0.024797259
9826,43.04664331,-89.44446783,4.920311977,0.23530152,0.001830646
9884,43.04664331,-89.44446783,4.920311977,0.36495498,-0.047237523
9943,43.04664331,-89.44446783,4.920311977,0.35216126,-0.14353317
9997,43.04664331,-89.44446783,4.920311977,0.16645622,-0.021809645
10056,43.04664331,-89.44446783,4.920311977,0.2642961,-0.015983913
10111,43.04664331,-89.44446783,4.920311977,0.27419615,-0.09304503
10166,43.04664331,-89.44446783,4.920311977,0.20332366,-0.063221514
10220,43.04664331,-89.44446783,4.920311977,0.16801552,-0.042900283
10276,43.04664331,-89.44446783,4.920311977,0.15914938,0.058570705
10335,43.04664331,-89.44446783,4.920311977,0.13546123,-0.016177833
10391,43.04664331,-89.44446783,4.920311977,0.20483541,0.08973023
10449,43.04664331,-89.44446783,4.920311977,0.067183584,0.03931214
10506,43.04664331,-89.44446783,4.920311977,0.20537196,0.038801126
10567,43.04664331,-89.44446783,4.920311977,0.19936596,0.11105288
10623,43.04664331,-89.44446783,4.920311977,0.09982354,-0.063874125
10680,43.04664331,-89.44446783,4.920311977,0.17881645,0.028233424
10738,43.04667907,-89.44451385,5.051721412,0.2659503,-0.11960392
10792,43.04667907,-89.44451385,5.051721412,0.28292975,-0.095720254
10847,43.04667907,-89.44451385,5.051721412,0.13972816,-0.13661912
10904,43.04667907,-89.44451385,5.051721412,0.1514845,-0.07318797
10959,43.04667907,-89.44451385,5.051721412,0.33045572,-0.005977738
11014,43.04667907,-89.44451385,5.051721412,0.045685127,-0.14588602
11073,43.04667907,-89.44451385,5.051721412,0.059420206,-0.003624108
11128,43.04667907,-89.44451385,5.051721412,0.17819153,0.0582071
11187,43.04667907,-89.44451385,5.051721412,0.2607094,-0.023775233
11244,43.04667907,-89.44451385,5.051721412,0.23872043,-0.007455581
11303,43.04667907,-89.44451385,5.051721412,0.17214578,-0.032370966
11360,43.04667907,-89.44451385,5.051721412,0.20362166,-0.012377864
11415,43.04667907,-89.44451385,5.051721412,0.26305684,-0.12051255
11474,43.04667907,-89.44451385,5.051721412,0.07954233,-0.12810251
11533,43.04667907,-89.44451385,5.051721412,0.19281793,0.061078228
11591,43.04667907,-89.44451385,5.051721412,0.28518605,-0.030247828
11649,43.04667907,-89.44451385,5.051721412,0.288783,-0.025874708
11707,43.04667907,-89.44451385,5.051721412,0.044586215,0.014930443
11766,43.04672848,-89.44453899,4.991797923,0.110754356,-0.033605427
11823,43.04672848,-89.44453899,4.991797923,0.25221428,-0.001067946
11884,43.04672848,-89.44453899,4.991797923,0.0857744,0.002517548
11941,43.04672848,-89.44453899,4.991797923,0.13837595,-0.05481763
11998,43.04672848,-89.44453899,4.991797923,0.091637425,0.001440977
12051,43.04672848,-89.44453899,4.991797923,0.082715064,-0.06609168
12108,43.04672848,-89.44453899,4.991797923,0.02133064,-0.018916879
12164,43.04672848,-89.44453899,4.991797923,0.058920342,-0.026770493
12218,43.04672848,-89.44453899,4.991797923,0.1744788,-0.10912387
12273,43.04672848,-89.44453899,4.991797923,0.004828101,0.007212798
12333,43.04672848,-89.44453899,4.991797923,0.010253467,0.04518499
12391,43.04672848,-89.44453899,4.991797923,-0.0565384,0.111550376
12448,43.04672848,-89.44453899,4.991797923,0.105791606,-0.026967272
12510,43.04672848,-89.44453899,4.991797923,-0.13719083,0.13356216
12566,43.04672848,-89.44453899,4.991797923,-0.14037837,-0.008730526
12625,43.04672848,-89.44453899,4.991797923,0.072211646,0.021278892
12680,43.04672848,-89.44453899,4.991797923,0.02245791,-0.013103286
12739,43.04679767,-89.44451182,5.735338306,-0.010070941,0.017908283
12798,43.04679767,-89.44451182,5.735338306,-0.037633754,-0.017184304
12854,43.04679767,-89.44451182,5.735338306,-0.001003566,0.048428964
12910,43.04679767,-89.44451182,5.735338306,0.02706653,0.0358538
12968,43.04679767,-89.44451182,5.735338306,-0.06313488,0.060743876
13031,43.04679767,-89.44451182,5.735338306,0.027829265,0.052798092
13089,43.04679767,-89.44451182,5.735338306,-0.16565217,-0.016594429
13145,43.04679767,-89.44451182,5.735338306,-0.039048363,0.06331835
13206,43.04679767,-89.44451182,5.735338306,-0.108147226,0.06490289
13265,43.04679767,-89.44451182,5.735338306,-0.065724775,0.020406792
13321,43.04679767,-89.44451182,5.735338306,-0.052449357,-0.01365356
13378,43.04679767,-89.44451182,5.735338306,-0.043132994,0.13812461
13435,43.04679767,-89.44451182,5.735338306,-0.07590297,0.04295771
13491,43.04679767,-89.44451182,5.735338306,-0.1448739,0.036998518
13548,43.04679767,-89.44451182,5.735338306,-0.010724676,0.11515289
13606,43.04679767,-89.44451182,5.735338306,-0.1093825,0.052943505
13663,43.04679767,-89.44451182,5.735338306,-0.13033454,0.0975351
13717,43.04686776,-89.44447645,6.51623312,0.012292624,0.023161644
13773,43.04686776,-89.44447645,6.51623312,-0.09400401,0.060590606
13831,43.04686776,-89.44447645,6.51623312,-0.09360762,0.08383416
13887,43.04686776,-89.44447645,6.51623312,-0.124990314,0.04300847
13947,43.04686776,-89.44447645,6.51623312,-0.09053631,-0.033758853
14005,43.04686776,-89.44447645,6.51623312,-0.14670806,0.03527687
14061,43.04686776,-89.44447645,6.51623312,-0.03589178,0.036791276
14118,43.04686776,-89.44447645,6.51623312,-0.08372414,-0.009808974
14176,43.04686776,-89.44447645,6.51623312,-0.03377724,0.04572758
14234,43.04686776,-89.44447645,6.51623312,-0.05846204,0.092880316
14297,43.04686776,-89.44447645,6.51623312,0.050769143,0.016175652
14359,43.04686776,-89.44447645,6.51623312,0.01683278,0.009855796
14418,43.04686776,-89.44447645,6.51623312,-0.096101575,-0.014244253
14477,43.04686776,-89.44447645,6.51623312,-0.07293704,-0.02948538
14535,43.04686776,-89.44447645,6.51623312,-0.046943814,0.04629357
14594,43.04686776,-89.44447645,6.51623312,-0.04796323,0.08074276
14658,43.04686776,-89.44447645,6.51623312,0.063613504,-0.03708521
14720,43.04694646,-89.44444346,7.454044529,-0.051852975,-0.02795704
14775,43.04694646,-89.44444346,7.454044529,-0.023401255,0.075305395
14832,43.04694646,-89.44444346,7.454044529,-0.14055198,-0.003375962
14889,43.04694646,-89.44444346,7.454044529,-0.12498225,-0.018971264
14945,43.04694646,-89.44444346,7.454044529,-0.10403977,-0.03617631
15000,43.04694646,-89.44444346,7.454044529,-0.020673564,-0.027744476
15056,43.04694646,-89.44444346,7.454044529,-0.04675142,-0.011043642
15113,43.04694646,-89.44444346,7.454044529,0.001993523,0.003844099
15168,43.04694646,-89.44444346,7.454044529,0.032142263,-0.06666826
15228,43.04694646,-89.44444346,7.454044529,-0.11697648,-0.014377273
15287,43.04694646,-89.44444346,7.454044529,-0.08423693,-0.03593879
15346,43.04694646,-89.44444346,7.454044529,-0.09583909,-0.16099758
15404,43.04694646,-89.44444346,7.454044529,0.21708912,-0.0678358
15460,43.04694646,-89.44444346,7.454044529,-0.16255909,-0.18455459
15516,43.04694646,-89.44444346,7.454044529,-0.03259482,-0.28573072
15573,43.04694646,-89.44444346,7.454044529,0.09604067,0.08185363
15630,43.04694646,-89.44444346,7.454044529,-0.18923427,-0.09603405
15685,43.04694646,-89.44444346,7.454044529,0.14971298,-0.0896208
15746,43.04703206,-89.44441047,8.338550298,-0.08144938,0.17714357
15802,43.04703206,-89.44441047,8.338550298,0.06007993,0.11778475
15862,43.04703206,-89.44441047,8.338550298,-0.16718714,-0.33306554
15918,43.04703206,-89.44441047,8.338550298,-0.082914606,-0.12723763
15976,43.04703206,-89.44441047,8.338550298,-0.08369235,-0.05643985
16034,43.04703206,-89.44441047,8.338550298,-0.20984057,-0.25475475
16091,43.04703206,-89.44441047,8.338550298,0.12504682,-0.026721857
16148,43.04703206,-89.44441047,8.338550298,-0.024996625,0.030333009
16208,43.04703206,-89.44441047,8.338550298,-0.1306467,-0.23336153
16266,43.04703206,-89.44441047,8.338550298,0.06293787,-0.18082234
16325,43.04703206,-89.44441047,8.338550298,0.12763071,-0.13256577
16384,43.04703206,-89.44441047,8.338550298,-0.14585643,0.037441637
16447,43.04703206,-89.44441047,8.338550298,0.069755755,-0.092563085
16507,43.04703206,-89.44441047,8.338550298,-0.15723996,-0.18455848
16564,43.04703206,-89.44441047,8.338550298,0.039622374,-0.03744413
16622,43.04703206,-89.44441047,8.338550298,0.16921298,-0.18020669
16679,43.04703206,-89.44441047,8.338550298,-0.036788862,-0.1419279
16735,43.04712215,-89.44437694,8.902560263,-0.08773777,-0.003497392
16791,43.04712215,-89.44437694,8.902560263,0.03711514,-0.085624136
16849,43.04712215,-89.44437694,8.902560263,-0.088078424,-0.14171979
16908,43.04712215,-89.44437694,8.902560263,0.038959365,-0.059412282
16966,43.04712215,-89.44437694,8.902560263,0.042807404,-0.12728417
17025,43.04712215,-89.44437694,8.902560263,-0.13441318,-0.11839349
17082,43.04712215,-89.44437694,8.902560263,0.07090144,-0.11100896
17138,43.04712215,-89.44437694,8.902560263,-0.03088259,-0.042918533
17196,43.04712215,-89.44437694,8.902560263,-0.09541034,-0.25813773
17252,43.04712215,-89.44437694,8.902560263,-0.012274117,-0.21535626
17308,43.04712215,-89.44437694,8.902560263,0.1522832,-0.2393965
17367,43.04712215,-89.44437694,8.902560263,-0.011951422,-0.20524617
17427,43.04712215,-89.44437694,8.902560263,0.004851641,-0.18785508
17483,43.04712215,-89.44437694,8.902560263,-0.05517724,-0.21195407
17541,43.04712215,-89.44437694,8.902560263,-0.045178857,-0.0742029
17600,43.04712215,-89.44437694,8.902560263,-0.003044454,-0.19259284
17657,43.04712215,-89.44437694,8.902560263,-0.003806727,-0.19382302
17730,43.04720832,-89.44434709,9.063075846,-0.022932911,-0.24021676
17785,43.04720832,-89.44434709,9.063075846,0.012239032,-0.25066727
17844,43.04720832,-89.44434709,9.063075846,0.16508973,-0.13765861
17901,43.04720832,-89.44434709,9.063075846,0.12276807,-0.08336563
17958,43.04720832,-89.44434709,9.063075846,-0.13919193,-0.28296602
18016,43.04720832,-89.44434709,9.063075846,0.056539513,-0.15418276
18074,43.04720832,-89.44434709,9.063075846,0.07821676,-0.332012
18136,43.04720832,-89.44434709,9.063075846,0.09792206,-0.33299038
18195,43.04720832,-89.44434709,9.063075846,0.1085792,-0.20964189
18254,43.04720832,-89.44434709,9.063075846,-0.06319503,-0.330306
18314,43.04720832,-89.44434709,9.063075846,0.026308047,-0.21459386
18372,43.04720832,-89.44434709,9.063075846,0.14728439,-0.19364937
18432,43.04720832,-89.44434709,9.063075846,0.20738608,-0.18914804
18489,43.04720832,-89.44434709,9.063075846,0.023864187,-0.10740797
18551,43.04720832,-89.44434709,9.063075846,0.001438602,-0.22176789
18612,43.04720832,-89.44434709,9.063075846,0.22092775,-0.25568298
18672,43.04720832,-89.44434709,9.063075846,0.22018035,-0.09409433
18732,43.04727755,-89.44431776,8.547552958,0.2357626,-0.14123602
18788,43.04727755,-89.44431776,8.547552958,0.17039014,-0.21288076
18846,43.04727755,-89.44431776,8.547552958,0.23208694,-0.14747165
18905,43.04727755,-89.44431776,8.547552958,-0.075842,-0.10915834
18959,43.04727755,-89.44431776,8.547552958,0.12054829,-0.12147934
19016,43.04727755,-89.44431776,8.547552958,0.085150965,-0.15131663
19075,43.04727755,-89.44431776,8.547552958,0.121052116,-0.07982283
19139,43.04727755,-89.44431776,8.547552958,0.094385214,-0.11022342
19196,43.04727755,-89.44431776,8.547552958,0.1542232,-0.052872762
19258,43.04727755,-89.44431776,8.547552958,0.14003517,0.05317017
19316,43.04727755,-89.44431776,8.547552958,0.15347083,-0.07575155
19381,43.04727755,-89.44431776,8.547552958,0.1733866,-0.12430299
19438,43.04727755,-89.44431776,8.547552958,0.12943886,-0.06441176
19498,43.04727755,-89.44431776,8.547552958,0.24201457,-0.06216951
19561,43.04727755,-89.44431776,8.547552958,0.1582901,-0.12922709
19620,43.04727755,-89.44431776,8.547552958,-0.05676061,-0.121816605
19678,43.04727755,-89.44431776,8.547552958,0.26938656,-0.10985266
19735,43.04732667,-89.44427938,7.674015364,0.5442015,-0.20124447
19790,43.04732667,-89.44427938,7.674015364,-0.026621955,-0.21117234
19847,43.04732667,-89.44427938,7.674015364,0.24353454,-0.1809678
19907,43.04732667,-89.44427938,7.674015364,0.29100648,-0.0839527
19964,43.04732667,-89.44427938,7.674015364,0.10679217,-0.10641428
20023,43.04732667,-89.44427938,7.674015364,0.1375624,-0.060723186
20080,43.04732667,-89.44427938,7.674015364,0.118561886,-0.2346135
20137,43.04732667,-89.44427938,7.674015364,0.29503295,-0.0735857
20194,43.04732667,-89.44427938,7.674015364,0.120896466,-0.1091911
20250,43.04732667,-89.44427938,7.674015364,0.19492309,-0.08263666
20307,43.04732667,-89.44427938,7.674015364,0.22662772,-0.13893907
20368,43.04732667,-89.44427938,7.674015364,0.20334058,-0.08435385
20426,43.04732667,-89.44427938,7.674015364,0.112349175,-0.105979845
20486,43.04732667,-89.44427938,7.674015364,0.19507992,-0.06347961
20544,43.04732667,-89.44427938,7.674015364,0.002919089,-0.053829417
20602,43.04732667,-89.44427938,7.674015364,0.071634226,-0.10639936
20660,43.04732667,-89.44427938,7.674015364,0.12784645,-0.04951998
20718,43.04735474,-89.44422598,6.763258172,0.20107986,-0.103828505
20777,43.04735474,-89.44422598,6.763258172,0.16317184,0.04115514
20839,43.04735474,-89.44422598,6.763258172,0.18378825,-0.018679693
20897,43.04735474,-89.44422598,6.763258172,-0.01802539,0.008457702
20954,43.04735474,-89.44422598,6.763258172,0.14032881,0.038904253
21012,43.04735474,-89.44422598,6.763258172,0.09974567,0.1578289
21071,43.04735474,-89.44422598,6.763258172,0.1464327,0.06953464
21134,43.04735474,-89.44422598,6.763258172,0.042473573,0.10598649
21189,43.04735474,-89.44422598,6.763258172,0.10510725,0.12468613
21244,43.04735474,-89.44422598,6.763258172,0.11268118,-0.05353239
21303,43.04735474,-89.44422598,6.763258172,0.063678116,0.09631787
21361,43.04735474,-89.44422598,6.763258172,0.16418369,0.014188025
21416,43.04735474,-89.44422598,6.763258172,0.13204904,-0.011852625
21473,43.04735474,-89.44422598,6.763258172,0.106318936,5.22E-04
21531,43.04735474,-89.44422598,6.763258172,0.1549539,-0.014063056
21589,43.04735474,-89.44422598,6.763258172,0.08647379,0.042490758
21647,43.04735474,-89.44422598,6.763258172,0.17674233,-0.00271778
21705,43.04735474,-89.44422598,6.763258172,0.17556345,-0.07780206
21764,43.04736665,-89.44416094,6.313235779,0.07891793,-0.06799981
21820,43.04736665,-89.44416094,6.313235779,0.15706009,-0.036716305
21879,43.04736665,-89.44416094,6.313235779,0.10572989,0.017017167
21937,43.04736665,-89.44416094,6.313235779,0.18491548,0.019493084
21999,43.04736665,-89.44416094,6.313235779,0.055432275,0.1100499
22055,43.04736665,-89.44416094,6.313235779,0.07285792,-0.011249817
22111,43.04736665,-89.44416094,6.313235779,-0.01716467,0.020780515
22169,43.04736665,-89.44416094,6.313235779,0.0458744,0.05214564
22225,43.04736665,-89.44416094,6.313235779,-0.07576265,0.06083351
22283,43.04736665,-89.44416094,6.313235779,-0.029087454,0.07213864
22339,43.04736665,-89.44416094,6.313235779,0.11662835,0.03534706
22402,43.04736665,-89.44416094,6.313235779,0.003853571,0.11299161
22459,43.04736665,-89.44416094,6.313235779,0.03464611,0.011494563
22514,43.04736665,-89.44416094,6.313235779,-0.054981194,-0.02279763
22573,43.04736665,-89.44416094,6.313235779,-0.020968683,-0.07269657
22628,43.04736665,-89.44416094,6.313235779,-0.056864288,0.064612165
22682,43.04736665,-89.44416094,6.313235779,0.089031264,0.020083468
22739,43.04736552,-89.44407904,6.488101303,-0.031426597,0.008954821
22796,43.04736552,-89.44407904,6.488101303,0.029511703,0.030059822
22852,43.04736552,-89.44407904,6.488101303,-0.07425743,-0.066382445
22907,43.04736552,-89.44407904,6.488101303,-0.038182925,-0.08004755
22965,43.04736552,-89.44407904,6.488101303,-0.006528776,0.07466569
23021,43.04736552,-89.44407904,6.488101303,-0.015798552,0.069534466
23079,43.04736552,-89.44407904,6.488101303,-0.093300864,-0.031637277
23139,43.04736552,-89.44407904,6.488101303,0.111329876,0.08511817
23197,43.04736552,-89.44407904,6.488101303,-0.05392755,0.034951154
23253,43.04736552,-89.44407904,6.488101303,0.12361465,-0.09854093
23313,43.04736552,-89.44407904,6.488101303,0.00208762,-0.088401355
23370,43.04736552,-89.44407904,6.488101303,0.13485156,-0.03660389
23428,43.04736552,-89.44407904,6.488101303,-0.1258618,-0.08457526
23485,43.04736552,-89.44407904,6.488101303,-0.07593375,-0.00532296
23544,43.04736552,-89.44407904,6.488101303,-0.071601234,-0.109578595
23604,43.04736552,-89.44407904,6.488101303,0.14059822,-0.011709618
23665,43.04736552,-89.44407904,6.488101303,-0.16804147,-0.037478127
23726,43.04735639,-89.44398599,7.007199085,-0.016309626,-0.09460932
23782,43.04735639,-89.44398599,7.007199085,-0.03592268,-0.08063639
23838,43.04735639,-89.44398599,7.007199085,0.016257402,-0.015478752
23897,43.04735639,-89.44398599,7.007199085,-0.08343282,-0.08616985
23956,43.04735639,-89.44398599,7.007199085,-0.06391557,-0.054967903
24013,43.04735639,-89.44398599,7.007199085,-0.008693453,0.017810475
24073,43.04735639,-89.44398599,7.007199085,-0.09163071,-0.093404226
24130,43.04735639,-89.44398599,7.007199085,-0.046615906,0.104622036
24186,43.04735639,-89.44398599,7.007199085,-0.008259858,-0.12928179
24241,43.04735639,-89.44398599,7.007199085,0.029102376,-0.02712401
24306,43.04735639,-89.44398599,7.007199085,-0.035268124,-0.12376926
24366,43.04735639,-89.44398599,7.007199085,-0.006642623,-0.15141612
24423,43.04735639,-89.44398599,7.007199085,0.019620879,-0.20114398
24481,43.04735639,-89.44398599,7.007199085,0.06298671,-0.10555753
24539,43.04735639,-89.44398599,7.007199085,-0.067605704,0.0162614
24594,43.04735639,-89.44398599,7.007199085,-0.09760997,0.039945602
24653,43.04735639,-89.44398599,7.007199085,-0.07689662,0.114065625
24717,43.0473418,-89.44388601,7.492124627,-0.045450598,-0.10767571
24773,43.0473418,-89.44388601,7.492124627,0.006241765,-0.04955432
24831,43.0473418,-89.44388601,7.492124627,0.098327,-0.062753715
24886,43.0473418,-89.44388601,7.492124627,-0.048385013,-0.07543249
24941,43.0473418,-89.44388601,7.492124627,-0.06240141,-0.18611854
24997,43.0473418,-89.44388601,7.492124627,0.17538399,-0.27911952
25054,43.0473418,-89.44388601,7.492124627,0.12407292,-0.014021122
25110,43.0473418,-89.44388601,7.492124627,0.010842211,-0.078621574
25169,43.0473418,-89.44388601,7.492124627,-0.07597796,-0.19578713
25226,43.0473418,-89.44388601,7.492124627,-0.02838832,-0.039630506
25283,43.0473418,-89.44388601,7.492124627,-0.095985904,-0.13720119
25343,43.0473418,-89.44388601,7.492124627,-0.07174556,-0.052024137
25405,43.0473418,-89.44388601,7.492124627,0.15418361,0.14455673
25461,43.0473418,-89.44388601,7.492124627,-0.2308855,-0.113850646
25518,43.0473418,-89.44388601,7.492124627,0.18425621,-0.10419621
25578,43.0473418,-89.44388601,7.492124627,0.058151525,0.15027356
25640,43.0473418,-89.44388601,7.492124627,-0.26867422,-0.17349097
25698,43.0473418,-89.44388601,7.492124627,-0.083548814,-0.18523872
25755,43.04732272,-89.44378835,7.785503047,0.055070974,-0.08873411
25812,43.04732272,-89.44378835,7.785503047,-0.39530668,0.015823582
25868,43.04732272,-89.44378835,7.785503047,0.19197129,-0.29419866
25925,43.04732272,-89.44378835,7.785503047,0.19530232,-0.031996924
25982,43.04732272,-89.44378835,7.785503047,-0.075914875,0.13064447
26038,43.04732272,-89.44378835,7.785503047,-0.2986081,0.38505834
26100,43.04732272,-89.44378835,7.785503047,-0.10198648,0.041307416
26157,43.04732272,-89.44378835,7.785503047,-0.123940974,0.12374521
26213,43.04732272,-89.44378835,7.785503047,-0.083862536,0.05341521
26272,43.04732272,-89.44378835,7.785503047,0.28910574,-0.009383265
26330,43.04732272,-89.44378835,7.785503047,-0.015093827,0.049841624
26385,43.04732272,-89.44378835,7.785503047,-0.22808255,-0.018680897
26444,43.04732272,-89.44378835,7.785503047,-0.1432156,0.18032496
26504,43.04732272,-89.44378835,7.785503047,0.31707472,0.018678645
26562,43.04732272,-89.44378835,7.785503047,-0.16384646,0.029364457
26620,43.04732272,-89.44378835,7.785503047,-0.17235343,0.045882195
26678,43.04732272,-89.44378835,7.785503047,0.06653543,0.095296904
26734,43.0473036,-89.44369095,8.112493311,0.022871263,0.045580383
26793,43.0473036,-89.44369095,8.112493311,-0.055691954,0.12648356
26853,43.0473036,-89.44369095,8.112493311,-0.17554863,0.049367998
26915,43.0473036,-89.44369095,8.112493311,-0.065834925,0.25893092
26971,43.0473036,-89.44369095,8.112493311,0.08116435,0.24483721
27025,43.0473036,-89.44369095,8.112493311,0.022610849,0.027027447
27081,43.0473036,-89.44369095,8.112493311,0.05133263,-0.027206477
27137,43.0473036,-89.44369095,8.112493311,-0.012119474,-0.06046801
27193,43.0473036,-89.44369095,8.112493311,0.003775781,-0.07287753
27251,43.0473036,-89.44369095,8.112493311,0.010331477,0.05282721
27310,43.0473036,-89.44369095,8.112493311,0.036834728,-0.12566514
27368,43.0473036,-89.44369095,8.112493311,0.10834092,-0.05975123
27427,43.0473036,-89.44369095,8.112493311,0.11869037,0.038343493
27483,43.0473036,-89.44369095,8.112493311,-0.032372374,-0.07519493
27544,43.0473036,-89.44369095,8.112493311,0.078770936,-0.043956622
27602,43.0473036,-89.44369095,8.112493311,-0.20018414,-0.049226202
27658,43.0473036,-89.44369095,8.112493311,-0.115972,0.14808701
27723,43.04727009,-89.44357669,8.700107834,0.07266795,-0.005934944
27780,43.04727009,-89.44357669,8.700107834,0.054214153,0.046894934
27838,43.04727009,-89.44357669,8.700107834,0.06286215,-0.10434233
27896,43.04727009,-89.44357669,8.700107834,-0.16906577,-0.07843206
27952,43.04727009,-89.44357669,8.700107834,-0.02163224,-0.05056594
28007,43.04727009,-89.44357669,8.700107834,-0.019581184,-0.12100742
28063,43.04727009,-89.44357669,8.700107834,-0.06883401,-0.062310677
28119,43.04727009,-89.44357669,8.700107834,0.07153814,-0.003655821
28174,43.04727009,-89.44357669,8.700107834,0.028052926,-0.043214202
28229,43.04727009,-89.44357669,8.700107834,0.16876107,-0.07429778
28284,43.04727009,-89.44357669,8.700107834,-0.15720868,-0.06969229
28340,43.04727009,-89.44357669,8.700107834,-0.088795654,-0.09056628
28398,43.04727009,-89.44357669,8.700107834,-0.11710137,-0.14440544
28454,43.04727009,-89.44357669,8.700107834,0.24310276,-0.17396279
28513,43.04727009,-89.44357669,8.700107834,0.036772467,-0.08388169
28574,43.04727009,-89.44357669,8.700107834,0.044591647,-0.14647405
28636,43.04727009,-89.44357669,8.700107834,-0.065497816,-0.17707443
28695,43.04727009,-89.44357669,8.700107834,-0.11581247,-0.06880912
28752,43.04723297,-89.44346318,9.120717776,-0.063164406,-0.01821504
28879,43.04723297,-89.44346318,9.120717776,-0.052822698,-0.16887109
28936,43.04723297,-89.44346318,9.120717776,-0.16373788,-0.12188345
29000,43.04723297,-89.44346318,9.120717776,-0.14009073,-0.1175614
29065,43.04723297,-89.44346318,9.120717776,-0.12780924,-0.003960164
29124,43.04723297,-89.44346318,9.120717776,0.02140903,-0.05697019
29180,43.04723297,-89.44346318,9.120717776,0.016531926,0.013895699
29237,43.04723297,-89.44346318,9.120717776,-0.15658936,-0.15577927
29294,43.04723297,-89.44346318,9.120717776,-0.28924403,-0.04855302
29352,43.04723297,-89.44346318,9.120717776,0.049730476,-0.11747874
29411,43.04723297,-89.44346318,9.120717776,0.028086662,-0.11410749
29474,43.04723297,-89.44346318,9.120717776,0.16315076,-0.1895297
29533,43.04723297,-89.44346318,9.120717776,-0.15084091,-0.14788856
29592,43.04723297,-89.44346318,9.120717776,-0.20490374,-0.15794097
29655,43.04723297,-89.44346318,9.120717776,-0.23858023,-0.09022003
29712,43.04723297,-89.44346318,9.120717776,-0.10315136,-0.16642937
29780,43.04719614,-89.44335635,9.169249971,0.018979982,-0.18250792
29838,43.04719614,-89.44335635,9.169249971,-0.23979402,-0.13416477
29895,43.04719614,-89.44335635,9.169249971,-0.13328497,-0.056891505
29953,43.04719614,-89.44335635,9.169249971,-0.07745105,-0.03667786
30017,43.04719614,-89.44335635,9.169249971,-0.106186956,-0.10733697
30075,43.04719614,-89.44335635,9.169249971,0.005456353,-0.13641432
30138,43.04719614,-89.44335635,9.169249971,-0.10126919,-0.14940277
30199,43.04719614,-89.44335635,9.169249971,-0.07004603,-0.1515128
30261,43.04719614,-89.44335635,9.169249971,0.03473484,-0.18057196
30323,43.04719614,-89.44335635,9.169249971,-0.035040468,-0.12001794
30382,43.04719614,-89.44335635,9.169249971,-0.06342363,-0.1301493
30441,43.04719614,-89.44335635,9.169249971,-0.12270205,-0.072452605
30501,43.04719614,-89.44335635,9.169249971,-0.07592171,-0.15560848
30568,43.04719614,-89.44335635,9.169249971,-0.122178175,-0.07029255
30624,43.04719614,-89.44335635,9.169249971,-0.19721076,-0.15995967
30682,43.04719614,-89.44335635,9.169249971,-0.07766604,-0.1178489
30739,43.04716326,-89.44325963,8.877747416,0.08889839,-0.14086665
30795,43.04716326,-89.44325963,8.877747416,-0.013270014,-0.14813511
30854,43.04716326,-89.44325963,8.877747416,-0.006961003,-0.19198379
30915,43.04716326,-89.44325963,8.877747416,-0.11143439,-0.17169137
30974,43.04716326,-89.44325963,8.877747416,-0.013229479,-0.1401681
31033,43.04716326,-89.44325963,8.877747416,-0.082240075,-0.22583571
31092,43.04716326,-89.44325963,8.877747416,0.10713779,-0.15097779
31159,43.04716326,-89.44325963,8.877747416,-0.027980337,-0.18500064
31218,43.04716326,-89.44325963,8.877747416,-0.10121871,-0.26173022
31275,43.04716326,-89.44325963,8.877747416,-0.080844626,-0.21173647
31339,43.04716326,-89.44325963,8.877747416,-0.06963355,-0.1765198
31396,43.04716326,-89.44325963,8.877747416,-0.045970336,-0.23504795
31455,43.04716326,-89.44325963,8.877747416,-0.16440359,-0.13197516
31512,43.04716326,-89.44325963,8.877747416,-0.06360658,-0.07804087
31577,43.04716326,-89.44325963,8.877747416,0.008790197,-0.22067772
31633,43.04716326,-89.44325963,8.877747416,0.003809328,-0.1650537
31690,43.04716326,-89.44325963,8.877747416,0.0323543,-0.16621435
31749,43.04713702,-89.44317539,8.247854543,-0.009521471,-0.19223666
31804,43.04713702,-89.44317539,8.247854543,-0.01590548,-0.124307655
31868,43.04713702,-89.44317539,8.247854543,0.047732607,-0.09959903
31928,43.04713702,-89.44317539,8.247854543,-0.13105963,-0.08650471
31987,43.04713702,-89.44317539,8.247854543,-0.14436115,-0.16422884
32045,43.04713702,-89.44317539,8.247854543,-0.16649283,-0.13675006
32105,43.04713702,-89.44317539,8.247854543,-0.09983725,-0.05219615
32162,43.04713702,-89.44317539,8.247854543,-0.08155139,-0.16222844
32219,43.04713702,-89.44317539,8.247854543,0.07955307,-0.10500165
32278,43.04713702,-89.44317539,8.247854543,0.016828788,-0.17250855
32335,43.04713702,-89.44317539,8.247854543,0.14998858,-0.15429553
32394,43.04713702,-89.44317539,8.247854543,-0.12415249,-0.03601833
32454,43.04713702,-89.44317539,8.247854543,-0.093849026,0.06267762
32514,43.04713702,-89.44317539,8.247854543,0.13485561,0.03611243
32578,43.04713702,-89.44317539,8.247854543,0.03925148,9.20E-04
32637,43.04713702,-89.44317539,8.247854543,0.002923599,-0.063202955
32695,43.04713702,-89.44317539,8.247854543,0.034119602,-0.07335065
32752,43.04711412,-89.44310895,7.329371066,-0.041353703,9.21E-04
32806,43.04711412,-89.44310895,7.329371066,0.03621297,-0.01495156
32864,43.04711412,-89.44310895,7.329371066,0.24944466,-0.004918203
32920,43.04711412,-89.44310895,7.329371066,0.06995624,-0.008364688
32976,43.04711412,-89.44310895,7.329371066,0.16009606,-0.13191214
33033,43.04711412,-89.44310895,7.329371066,0.17802453,-0.048347533
33089,43.04711412,-89.44310895,7.329371066,0.044173144,0.007881215
33145,43.04711412,-89.44310895,7.329371066,0.25828832,0.15637949
33201,43.04711412,-89.44310895,7.329371066,-0.019157339,0.07234015
33259,43.04711412,-89.44310895,7.329371066,0.036224462,0.1276074
33318,43.04711412,-89.44310895,7.329371066,0.18896605,-0.0866373
33375,43.04711412,-89.44310895,7.329371066,-0.021429375,-0.010813642
33433,43.04711412,-89.44310895,7.329371066,0.09226651,0.08718021
33492,43.04711412,-89.44310895,7.329371066,0.1189064,0.0968164
33550,43.04711412,-89.44310895,7.329371066,0.02476132,0.070282
33609,43.04711412,-89.44310895,7.329371066,0.23013057,0.04450111
33669,43.04711412,-89.44310895,7.329371066,0.11415932,0.060837362
33726,43.04708909,-89.44305125,6.595778424,0.16629264,0.09020818
33781,43.04708909,-89.44305125,6.595778424,0.033983048,0.05002415
33839,43.04708909,-89.44305125,6.595778424,0.18824913,0.056193534
33897,43.04708909,-89.44305125,6.595778424,0.1758452,0.10227433
33956,43.04708909,-89.44305125,6.595778424,0.24415371,0.0320959
34016,43.04708909,-89.44305125,6.595778424,0.17668842,0.012434282
34073,43.04708909,-89.44305125,6.595778424,0.10327422,-0.021112032
34131,43.04708909,-89.44305125,6.595778424,-0.016299035,-0.039865788
34186,43.04708909,-89.44305125,6.595778424,0.17014177,-0.045080386
34243,43.04708909,-89.44305125,6.595778424,0.26256147,0.009766211
34303,43.04708909,-89.44305125,6.595778424,0.2967245,-0.0530395
34361,43.04708909,-89.44305125,6.595778424,0.115029775,-0.003250303
34417,43.04708909,-89.44305125,6.595778424,0.2239656,0.049333468
34475,43.04708909,-89.44305125,6.595778424,0.21984458,0.059523854
34531,43.04708909,-89.44305125,6.595778424,0.1508648,0.03351785
34588,43.04708909,-89.44305125,6.595778424,0.027928455,0.20431545
34651,43.04708909,-89.44305125,6.595778424,0.42127305,0.19129372
34714,43.04705842,-89.44299792,6.394882368,0.12926465,0.054177776
34769,43.04705842,-89.44299792,6.394882368,0.2792616,0.10190146
34826,43.04705842,-89.44299792,6.394882368,-0.07757951,0.21897382
34883,43.04705842,-89.44299792,6.394882368,0.32365426,0.21167788
34939,43.04705842,-89.44299792,6.394882368,0.3136653,-0.0548817
34995,43.04705842,-89.44299792,6.394882368,0.08365478,-0.09468604
35051,43.04705842,-89.44299792,6.394882368,0.286557,-0.024970401
35109,43.04705842,-89.44299792,6.394882368,0.27741516,-0.06870388
35166,43.04705842,-89.44299792,6.394882368,0.40112406,-0.022328394
35223,43.04705842,-89.44299792,6.394882368,-0.014418107,0.101251006
35279,43.04705842,-89.44299792,6.394882368,0.10963224,-0.007873314
35333,43.04705842,-89.44299792,6.394882368,0.071694985,0.018866375
35389,43.04705842,-89.44299792,6.394882368,0.13236961,0.011942527
35445,43.04705842,-89.44299792,6.394882368,0.3091743,-0.13766457
35503,43.04705842,-89.44299792,6.394882368,0.3945284,0.0921858
35566,43.04705842,-89.44299792,6.394882368,0.27557337,0.2392916
35624,43.04705842,-89.44299792,6.394882368,0.24190967,-0.0588173
35683,43.04705842,-89.44299792,6.394882368,-0.06608685,-0.15346107
35739,43.04699903,-89.44296632,6.652479271,0.19833028,-0.02544567
35794,43.04699903,-89.44296632,6.652479271,0.20892206,0.003273424
35849,43.04699903,-89.44296632,6.652479271,-0.3348669,-0.26829708
35906,43.04699903,-89.44296632,6.652479271,0.23583633,-0.135934
35965,43.04699903,-89.44296632,6.652479271,0.28110185,-0.18568666
36020,43.04699903,-89.44296632,6.652479271,0.18914594,-0.15516959
36077,43.04699903,-89.44296632,6.652479271,0.22516137,0.029398553
36134,43.04699903,-89.44296632,6.652479271,-0.07210858,-0.041870195
36189,43.04699903,-89.44296632,6.652479271,-0.13788278,-0.07082154
36244,43.04699903,-89.44296632,6.652479271,-0.019669266,-0.033920616
36303,43.04699903,-89.44296632,6.652479271,0.009638656,0.002413553
36366,43.04699903,-89.44296632,6.652479271,-0.114937864,-0.15608016
36423,43.04699903,-89.44296632,6.652479271,0.32001555,-0.14915729
36480,43.04699903,-89.44296632,6.652479271,0.024219757,-0.2183807
36548,43.04699903,-89.44296632,6.652479271,-0.16315576,-0.13504003
36604,43.04699903,-89.44296632,6.652479271,0.022614215,-0.22601216
36660,43.04699903,-89.44296632,6.652479271,0.072051756,-0.1633061
36722,43.04693116,-89.44295835,6.914390052,0.1600992,-0.120793395
36777,43.04693116,-89.44295835,6.914390052,-0.11255389,0.12585497
36834,43.04693116,-89.44295835,6.914390052,0.028411211,-0.23061755
36889,43.04693116,-89.44295835,6.914390052,0.2316013,-0.06770526
36948,43.04693116,-89.44295835,6.914390052,-0.28027016,-0.22469585
37005,43.04693116,-89.44295835,6.914390052,-0.17458977,-0.01088081
37062,43.04693116,-89.44295835,6.914390052,0.027260482,-0.048231747
37118,43.04693116,-89.44295835,6.914390052,0.031920202,-0.19066164
37184,43.04693116,-89.44295835,6.914390052,0.018633766,-0.15496409
37240,43.04693116,-89.44295835,6.914390052,0.05598481,-0.018412055
37296,43.04693116,-89.44295835,6.914390052,-0.13006414,-0.034338646
37353,43.04693116,-89.44295835,6.914390052,-0.09471849,-0.13694341
37411,43.04693116,-89.44295835,6.914390052,-0.06097336,0.02443078
37471,43.04693116,-89.44295835,6.914390052,-0.007658078,0.016499782
37530,43.04693116,-89.44295835,6.914390052,0.0640055,-0.033963606
37586,43.04693116,-89.44295835,6.914390052,0.07250598,-0.011397095
37645,43.04693116,-89.44295835,6.914390052,0.013507694,-0.06250126
37701,43.04693116,-89.44295835,6.914390052,0.025135789,-0.019053124
37756,43.04686783,-89.44296487,6.967717626,0.07626161,-0.13473389
37812,43.04686783,-89.44296487,6.967717626,0.10446713,-0.057611577
37870,43.04686783,-89.44296487,6.967717626,0.113741755,-0.07239172
37926,43.04686783,-89.44296487,6.967717626,0.08636516,-0.056634396
37983,43.04686783,-89.44296487,6.967717626,0.102137916,-0.0285785
38040,43.04686783,-89.44296487,6.967717626,0.084066875,-0.013935163
38100,43.04686783,-89.44296487,6.967717626,0.18997306,0.12402902
38157,43.04686783,-89.44296487,6.967717626,0.21953507,0.01752563
38214,43.04686783,-89.44296487,6.967717626,0.093025185,-0.14393304
38269,43.04686783,-89.44296487,6.967717626,0.07544814,-0.09768566
38324,43.04686783,-89.44296487,6.967717626,0.038990684,-0.07384388
38382,43.04686783,-89.44296487,6.967717626,0.18074603,-0.16135587
38440,43.04686783,-89.44296487,6.967717626,0.0724192,-0.084319346
38502,43.04686783,-89.44296487,6.967717626,0.13355455,-0.07503028
38560,43.04686783,-89.44296487,6.967717626,0.14074537,-0.09463182
38616,43.04686783,-89.44296487,6.967717626,0.19131424,0.039382603
38672,43.04686783,-89.44296487,6.967717626,0.052221123,-0.001225574
38730,43.04680539,-89.44298153,7.026031577,0.025410496,-0.043201175
38788,43.04680539,-89.44298153,7.026031577,0.12499424,0.056901895
38845,43.04680539,-89.44298153,7.026031577,0.1953651,0.017952746
38902,43.04680539,-89.44298153,7.026031577,0.20034891,0.021868225
38962,43.04680539,-89.44298153,7.026031577,0.16640848,-0.003382928
39019,43.04680539,-89.44298153,7.026031577,0.17481814,-0.018287182
39074,43.04680539,-89.44298153,7.026031577,0.1444184,-0.022716051
39129,43.04680539,-89.44298153,7.026031577,0.047833383,0.027207632
39185,43.04680539,-89.44298153,7.026031577,0.1480206,0.009682342
39244,43.04680539,-89.44298153,7.026031577,0.12573378,0.010713062
39303,43.04680539,-89.44298153,7.026031577,0.053507097,-0.012165131
39359,43.04680539,-89.44298153,7.026031577,0.04464427,-0.002336766
39416,43.04680539,-89.44298153,7.026031577,0.1084958,-0.041700188
39471,43.04680539,-89.44298153,7.026031577,0.16141322,-8.38E-04
39533,43.04680539,-89.44298153,7.026031577,0.11126183,0.00951004
39588,43.04680539,-89.44298153,7.026031577,0.15010613,0.04900822
39656,43.04680539,-89.44298153,7.026031577,0.099984966,0.054477222
39714,43.04673937,-89.44300625,7.298313572,0.13816746,0.058247905
39770,43.04673937,-89.44300625,7.298313572,0.05572341,0.047957517
39828,43.04673937,-89.44300625,7.298313572,0.1264509,-0.00284924
39887,43.04673937,-89.44300625,7.298313572,0.015211292,0.009225572
39943,43.04673937,-89.44300625,7.298313572,0.04341077,-0.019446915
40000,43.04673937,-89.44300625,7.298313572,0.07844683,-0.005887725
40057,43.04673937,-89.44300625,7.298313572,0.065652184,-0.016924134
40114,43.04673937,-89.44300625,7.298313572,0.09978937,-0.026907112
40171,43.04673937,-89.44300625,7.298313572,0.023138538,-0.012163711
40228,43.04673937,-89.44300625,7.298313572,0.021383984,0.06286538
40283,43.04673937,-89.44300625,7.298313572,-0.001229676,-0.015756074
40340,43.04673937,-89.44300625,7.298313572,0.020883325,0.001804362
40398,43.04673937,-89.44300625,7.298313572,0.030433102,-0.023362853
40457,43.04673937,-89.44300625,7.298313572,-0.002585391,-0.013604934
40514,43.04673937,-89.44300625,7.298313572,-0.019653823,-0.00614293
40570,43.04673937,-89.44300625,7.298313572,0.080424,-0.03599233
40627,43.04673937,-89.44300625,7.298313572,-0.03343562,-0.009986149
40684,43.04673937,-89.44300625,7.298313572,-0.047281038,5.30E-04
40740,43.04667619,-89.44306114,7.957451507,-0.036852002,-0.061161216
40797,43.04667619,-89.44306114,7.957451507,-0.024137909,-0.022969231
40851,43.04667619,-89.44306114,7.957451507,-0.0300546,-0.014968005
40907,43.04667619,-89.44306114,7.957451507,-0.03160217,8.27E-04
40964,43.04667619,-89.44306114,7.957451507,0.041596048,-0.007353825
41021,43.04667619,-89.44306114,7.957451507,-0.10093566,0.010217942
41075,43.04667619,-89.44306114,7.957451507,-0.035438485,-0.024483979
41138,43.04667619,-89.44306114,7.957451507,-0.07862354,-0.053662967
41197,43.04667619,-89.44306114,7.957451507,0.019743176,-0.052099917
41254,43.04667619,-89.44306114,7.957451507,-0.11485475,-0.10348599
41311,43.04667619,-89.44306114,7.957451507,-0.12370581,-0.044725526
41370,43.04667619,-89.44306114,7.957451507,-0.027930105,-0.11038367
41427,43.04667619,-89.44306114,7.957451507,9.44E-04,-0.07609095
41486,43.04667619,-89.44306114,7.957451507,0.07597772,-0.099296845
41547,43.04667619,-89.44306114,7.957451507,-0.12473595,-0.09192252
41603,43.04667619,-89.44306114,7.957451507,-0.09916708,-0.1190346
41658,43.04667619,-89.44306114,7.957451507,-0.088066086,-0.14410834
41714,43.04661567,-89.44313653,8.496539309,-0.09966944,-0.05590926
41768,43.04661567,-89.44313653,8.496539309,-0.06977872,-0.07055751
41826,43.04661567,-89.44313653,8.496539309,-0.051954344,-0.1174651
41883,43.04661567,-89.44313653,8.496539309,-0.034358013,-0.12626705
41939,43.04661567,-89.44313653,8.496539309,-0.099191986,-0.061238326
41997,43.04661567,-89.44313653,8.496539309,-0.08649138,-0.08763644
42054,43.04661567,-89.44313653,8.496539309,-0.08752081,-0.10078621
42114,43.04661567,-89.44313653,8.496539309,-0.018453969,-0.11005743
42172,43.04661567,-89.44313653,8.496539309,-0.071263276,-0.082219064
42229,43.04661567,-89.44313653,8.496539309,-0.05840318,-0.10168738
42288,43.04661567,-89.44313653,8.496539309,-0.050681114,-0.15383165
42347,43.04661567,-89.44313653,8.496539309,-0.07880529,-0.15827572
42402,43.04661567,-89.44313653,8.496539309,-0.03311933,-0.11261729
42458,43.04661567,-89.44313653,8.496539309,-0.06260366,-0.08475853
42513,43.04661567,-89.44313653,8.496539309,-0.075641505,-0.0935282
42568,43.04661567,-89.44313653,8.496539309,-0.11794657,-0.11632747
42625,43.04661567,-89.44313653,8.496539309,-0.045269437,-0.14340481
42681,43.04661567,-89.44313653,8.496539309,-0.01946732,-0.09864781
42737,43.04655488,-89.44321474,8.771316454,-0.026520312,-0.06295857
42793,43.04655488,-89.44321474,8.771316454,-0.060291883,-0.08542461
42848,43.04655488,-89.44321474,8.771316454,-0.06290348,-0.1267773
42906,43.04655488,-89.44321474,8.771316454,-0.037776154,-0.10812725
42962,43.04655488,-89.44321474,8.771316454,-0.040897217,-0.1025204
43020,43.04655488,-89.44321474,8.771316454,-0.062278736,-0.1116568
43086,43.04655488,-89.44321474,8.771316454,-0.07711071,-0.08673243
43145,43.04655488,-89.44321474,8.771316454,-0.057849985,-0.08171484
43201,43.04655488,-89.44321474,8.771316454,-0.07962613,-0.12209217
43262,43.04655488,-89.44321474,8.771316454,-0.06542601,-0.12942156
43319,43.04655488,-89.44321474,8.771316454,-0.077630006,-0.082219
43379,43.04655488,-89.44321474,8.771316454,-0.01223516,-0.107310094
43437,43.04655488,-89.44321474,8.771316454,-0.06520262,-0.098102726
43498,43.04655488,-89.44321474,8.771316454,-0.048574902,-0.09725731
43556,43.04655488,-89.44321474,8.771316454,-0.03024213,-0.106830895
43611,43.04655488,-89.44321474,8.771316454,-0.021115212,-0.094053805
43670,43.04655488,-89.44321474,8.771316454,-0.027850557,-0.11089079
43731,43.04649796,-89.44328444,8.775483659,-0.040577646,-0.12746392
43787,43.04649796,-89.44328444,8.775483659,-0.048574362,-0.11022427
43847,43.04649796,-89.44328444,8.775483659,-0.04855772,-0.14826961
43905,43.04649796,-89.44328444,8.775483659,-0.06033659,-0.11536505
43966,43.04649796,-89.44328444,8.775483659,-0.032515455,-0.09114136
44027,43.04649796,-89.44328444,8.775483659,-0.030298565,-0.12323414
44087,43.04649796,-89.44328444,8.775483659,-0.051608846,-0.13813621
44149,43.04649796,-89.44328444,8.775483659,-0.03317107,-0.10353361
44210,43.04649796,-89.44328444,8.775483659,-0.027784584,-0.12006396
44274,43.04649796,-89.44328444,8.775483659,0.009331191,-0.12920351
44332,43.04649796,-89.44328444,8.775483659,0.026007004,-0.11605919
44387,43.04649796,-89.44328444,8.775483659,0.059949707,-0.073297255
44447,43.04649796,-89.44328444,8.775483659,-0.017018491,-0.013950393
44510,43.04649796,-89.44328444,8.775483659,0.04883228,-0.12255061
44567,43.04649796,-89.44328444,8.775483659,0.04287198,-0.14016038
44624,43.04649796,-89.44328444,8.775483659,0.05213703,-0.077132404
44679,43.04649796,-89.44328444,8.775483659,0.10594644,-0.056065843
44736,43.04644407,-89.4433495,8.467119724,0.11636831,-0.089174084
44793,43.04644407,-89.4433495,8.467119724,0.020603113,-0.0845516
44849,43.04644407,-89.4433495,8.467119724,0.06681575,-0.115947306
44905,43.04644407,-89.4433495,8.467119724,0.08546828,-0.079534985
44964,43.04644407,-89.4433495,8.467119724,0.0840834,-0.06274053
45022,43.04644407,-89.4433495,8.467119724,0.13873649,-0.07285867
45080,43.04644407,-89.4433495,8.467119724,0.13909337,-0.12608984
45137,43.04644407,-89.4433495,8.467119724,0.08331566,-0.09076043
45196,43.04644407,-89.4433495,8.467119724,0.19455473,-0.06217215
45252,43.04644407,-89.4433495,8.467119724,0.12912753,-0.0940827
45311,43.04644407,-89.4433495,8.467119724,0.15106726,-0.16210285
45367,43.04644407,-89.4433495,8.467119724,0.16080774,-0.09774467
45426,43.04644407,-89.4433495,8.467119724,0.04848456,-0.10534003
45483,43.04644407,-89.4433495,8.467119724,0.2693495,-0.1567619
45540,43.04644407,-89.4433495,8.467119724,0.22248371,0.07404898
45598,43.04644407,-89.4433495,8.467119724,0.1939224,-0.22695908
45660,43.04644407,-89.4433495,8.467119724,0.26696074,-0.15358837
45714,43.04640212,-89.44341405,8.041766662,0.27066624,-0.078390785
45771,43.04640212,-89.44341405,8.041766662,0.12246858,-0.12903419
45829,43.04640212,-89.44341405,8.041766662,0.16920243,-0.1135517
45887,43.04640212,-89.44341405,8.041766662,0.29701447,-0.059569694
45944,43.04640212,-89.44341405,8.041766662,0.2619753,-0.06577397
46002,43.04640212,-89.44341405,8.041766662,0.16978782,-0.047230817
46059,43.04640212,-89.44341405,8.041766662,0.263234,0.012337097
46119,43.04640212,-89.44341405,8.041766662,0.27949703,-0.11477957
46177,43.04640212,-89.44341405,8.041766662,0.24378979,-0.09676911
46231,43.04640212,-89.44341405,8.041766662,0.20432065,-0.08754086
46288,43.04640212,-89.44341405,8.041766662,0.20444173,-0.042363655
46344,43.04640212,-89.44341405,8.041766662,0.079793856,-0.03244072
46400,43.04640212,-89.44341405,8.041766662,0.18891409,-0.09293422
46458,43.04640212,-89.44341405,8.041766662,0.18071619,-0.079154715
46514,43.04640212,-89.44341405,8.041766662,0.2696914,-0.0608968
46570,43.04640212,-89.44341405,8.041766662,0.10871577,-0.056487538
46631,43.04640212,-89.44341405,8.041766662,0.08087568,-0.032527976
46687,43.04640212,-89.44341405,8.041766662,0.20496857,-0.1549513
46742,43.04636412,-89.44348565,7.534912979,0.17347196,-0.04672115
46800,43.04636412,-89.44348565,7.534912979,0.15483893,-0.044526022
46855,43.04636412,-89.44348565,7.534912979,0.12051267,-0.0656855
46910,43.04636412,-89.44348565,7.534912979,0.2827828,-0.34357962
46966,43.04636412,-89.44348565,7.534912979,0.17321885,-0.23056577
47023,43.04636412,-89.44348565,7.534912979,0.087282196,-0.25715744
47080,43.04636412,-89.44348565,7.534912979,0.13078971,-0.19269136
47139,43.04636412,-89.44348565,7.534912979,0.0364319,-0.13007002
47195,43.04636412,-89.44348565,7.534912979,0.23654684,-0.06675301
47252,43.04636412,-89.44348565,7.534912979,0.010637751,-0.11066224
47310,43.04636412,-89.44348565,7.534912979,0.14194651,-0.09495244
47368,43.04636412,-89.44348565,7.534912979,0.2810574,-0.16465163
47427,43.04636412,-89.44348565,7.534912979,0.3211505,-0.1087449
47485,43.04636412,-89.44348565,7.534912979,0.04182017,-0.12035826
47546,43.04636412,-89.44348565,7.534912979,-0.152499,0.16701472
47605,43.04636412,-89.44348565,7.534912979,0.1431108,-0.08527117
47668,43.04636412,-89.44348565,7.534912979,-0.008142264,-0.11115185
47732,43.04636463,-89.44356765,7.211443087,0.10319894,-0.13726118
47787,43.04636463,-89.44356765,7.211443087,0.16524605,-0.069413826
47845,43.04636463,-89.44356765,7.211443087,0.06368956,-0.12426563
47898,43.04636463,-89.44356765,7.211443087,0.067430936,-0.09920096
47952,43.04636463,-89.44356765,7.211443087,-0.09842571,-0.12296508
48006,43.04636463,-89.44356765,7.211443087,-0.03866716,0.03675068
48062,43.04636463,-89.44356765,7.211443087,-0.060683627,0.01468377
48117,43.04636463,-89.44356765,7.211443087,-0.008592011,-0.026513891
48172,43.04636463,-89.44356765,7.211443087,-0.002908809,-0.045823645
48233,43.04636463,-89.44356765,7.211443087,0.054073967,-0.00573284
48288,43.04636463,-89.44356765,7.211443087,0.028794385,-0.003276327
48347,43.04636463,-89.44356765,7.211443087,-0.019777648,-0.03201152
48404,43.04636463,-89.44356765,7.211443087,0.07442574,0.052174736
48461,43.04636463,-89.44356765,7.211443087,0.034056693,0.055726618
48517,43.04636463,-89.44356765,7.211443087,-0.08187247,-0.053741146
48573,43.04636463,-89.44356765,7.211443087,-0.085780635,-0.11500854
48630,43.04636463,-89.44356765,7.211443087,-0.058010582,-0.032779187
48685,43.04636463,-89.44356765,7.211443087,-0.04709164,0.028960062
48742,43.04637009,-89.4436517,7.053506744,0.060248777,0.017635055
48798,43.04637009,-89.4436517,7.053506744,0.001217543,-0.004408339
48855,43.04637009,-89.4436517,7.053506744,0.083353594,-0.039418183
48911,43.04637009,-89.4436517,7.053506744,-0.051423606,-0.03324949
48968,43.04637009,-89.4436517,7.053506744,-0.023149338,0.045995343
49026,43.04637009,-89.4436517,7.053506744,0.036997393,-0.025738567
49082,43.04637009,-89.4436517,7.053506744,-0.012670075,-0.009409098
49139,43.04637009,-89.4436517,7.053506744,-0.052567173,0.020638058
49200,43.04637009,-89.4436517,7.053506744,-0.1357134,0.041917574
49257,43.04637009,-89.4436517,7.053506744,-0.027003314,0.028232004
49313,43.04637009,-89.4436517,7.053506744,-0.107090846,0.013356042
49372,43.04637009,-89.4436517,7.053506744,0.007625076,-0.05184544
49431,43.04637009,-89.4436517,7.053506744,0.01765127,-0.045818448
49488,43.04637009,-89.4436517,7.053506744,0.02408319,-0.011513342
49546,43.04637009,-89.4436517,7.053506744,-0.010906725,-0.012538716
49601,43.04637009,-89.4436517,7.053506744,-0.056374043,-0.005914804
49664,43.04637009,-89.4436517,7.053506744,-0.026127692,-0.054605648
49721,43.04639231,-89.44373539,7.053072675,-0.03798678,-0.0458756
49776,43.04639231,-89.44373539,7.053072675,0.037336133,0.06820674
49834,43.04639231,-89.44373539,7.053072675,0.024635687,0.05401107
49893,43.04639231,-89.44373539,7.053072675,-0.012315459,0.003457823
49950,43.04639231,-89.44373539,7.053072675,-0.008965311,-0.02047366
50010,43.04639231,-89.44373539,7.053072675,0.003525756,-0.024065815
50068,43.04639231,-89.44373539,7.053072675,0.03158309,-0.015710942
50124,43.04639231,-89.44373539,7.053072675,8.78E-04,-0.03872985
50182,43.04639231,-89.44373539,7.053072675,0.008495316,-0.002121994
50240,43.04639231,-89.44373539,7.053072675,-0.03127919,-0.031336766
50297,43.04639231,-89.44373539,7.053072675,-0.003182925,0.05590871
50355,43.04639231,-89.44373539,7.053072675,-0.035039008,-0.063963465
50411,43.04639231,-89.44373539,7.053072675,-0.09793954,0.033670764
50471,43.04639231,-89.44373539,7.053072675,0.028498443,0.006306334
50528,43.04639231,-89.44373539,7.053072675,0.0670123,-0.09514391
50586,43.04639231,-89.44373539,7.053072675,-0.0573989,0.006689883
50644,43.04639231,-89.44373539,7.053072675,-0.017264776,-0.0436424
50700,43.04639231,-89.44373539,7.053072675,-0.010727307,-0.08059813
50757,43.04641768,-89.443823,7.264044418,-0.1872521,0.016654868
50814,43.04641768,-89.443823,7.264044418,-0.004887282,-0.017581549
50873,43.04641768,-89.443823,7.264044418,-0.063989066,-0.023864863
50930,43.04641768,-89.443823,7.264044418,0.063736424,-0.2289396
50986,43.04641768,-89.443823,7.264044418,0.0341342,-0.0714625
51045,43.04641768,-89.443823,7.264044418,0.060552042,-0.01929922
51103,43.04641768,-89.443823,7.264044418,-0.18374234,-0.10012176
51161,43.04641768,-89.443823,7.264044418,-0.076095395,-0.074771285
51222,43.04641768,-89.443823,7.264044418,-0.13854307,-0.027954688
51283,43.04641768,-89.443823,7.264044418,-0.00880563,-0.084135264
51343,43.04641768,-89.443823,7.264044418,-0.051879752,-0.022246348
51403,43.04641768,-89.443823,7.264044418,0.06499408,-0.07045247
51465,43.04641768,-89.443823,7.264044418,-0.15405823,-0.005658914
51524,43.04641768,-89.443823,7.264044418,-0.12423309,-0.06750227
51584,43.04641768,-89.443823,7.264044418,-0.12785757,-0.07019221
51654,43.04641768,-89.443823,7.264044418,0.006646484,-0.059336428
51714,43.04641768,-89.443823,7.264044418,-0.065021336,0.013669084
51774,43.04644799,-89.44390872,7.477012237,-0.05948328,0.08558727
51831,43.04644799,-89.44390872,7.477012237,-0.121308915,-0.011444297
51891,43.04644799,-89.44390872,7.477012237,-0.06769226,-0.09806102
51949,43.04644799,-89.44390872,7.477012237,-0.0524516,-0.04004781
52005,43.04644799,-89.44390872,7.477012237,-0.10714456,-0.11293781
52063,43.04644799,-89.44390872,7.477012237,-0.010097922,-0.09277326
52122,43.04644799,-89.44390872,7.477012237,-0.097062245,-0.028339162
52179,43.04644799,-89.44390872,7.477012237,-0.044730544,-0.10260262
52238,43.04644799,-89.44390872,7.477012237,-0.001371425,-0.18705648
52297,43.04644799,-89.44390872,7.477012237,-0.033049885,-0.10857176
52357,43.04644799,-89.44390872,7.477012237,0.003283008,-0.02671848
52413,43.04644799,-89.44390872,7.477012237,-0.020623382,-0.035586577
52470,43.04644799,-89.44390872,7.477012237,-0.11487708,-0.082950495
52528,43.04644799,-89.44390872,7.477012237,-0.098762535,-0.0732357
52588,43.04644799,-89.44390872,7.477012237,-0.1205604,0.025648605
52650,43.04644799,-89.44390872,7.477012237,-0.13102943,-0.08570157
52708,43.04644799,-89.44390872,7.477012237,0.09876636,-0.14716847
52765,43.04647761,-89.4439962,7.6511127,-0.048964098,-0.14788273
52821,43.04647761,-89.4439962,7.6511127,-0.047538318,-0.103748575
52881,43.04647761,-89.4439962,7.6511127,-0.06492961,-0.0219382
52941,43.04647761,-89.4439962,7.6511127,-0.06506111,-0.022184491
53002,43.04647761,-89.4439962,7.6511127,-0.15649605,0.010496543
53060,43.04647761,-89.4439962,7.6511127,-0.1353813,0.034383375
53120,43.04647761,-89.4439962,7.6511127,-0.11239548,-0.12670986
53180,43.04647761,-89.4439962,7.6511127,0.03455906,0.002999025
53241,43.04647761,-89.4439962,7.6511127,-0.04921759,-0.025327152
53300,43.04647761,-89.4439962,7.6511127,-0.10460911,-0.056605507
53359,43.04647761,-89.4439962,7.6511127,-0.17440265,-0.024582023
53416,43.04647761,-89.4439962,7.6511127,-0.17044936,-0.013908927
53476,43.04647761,-89.4439962,7.6511127,0.08032122,-0.13614663
53532,43.04647761,-89.4439962,7.6511127,-0.038374852,-0.046859067
53590,43.04647761,-89.4439962,7.6511127,-0.12034276,-0.072402276
53648,43.04647761,-89.4439962,7.6511127,-0.17186104,0.027836483
53707,43.04650603,-89.44408328,7.631171694,-0.010339899,0.005977397
53767,43.04650603,-89.44408328,7.631171694,-0.07574725,-0.025986936
53826,43.04650603,-89.44408328,7.631171694,-0.07107645,-0.089705914
53884,43.04650603,-89.44408328,7.631171694,-0.04799925,-0.051761094
53946,43.04650603,-89.44408328,7.631171694,-0.11944982,-0.14204876
54009,43.04650603,-89.44408328,7.631171694,-0.040224407,-0.0852575
54065,43.04650603,-89.44408328,7.631171694,-0.003740205,-0.026504876
54122,43.04650603,-89.44408328,7.631171694,-0.088544786,-0.07604457
54181,43.04650603,-89.44408328,7.631171694,-0.015050111,0.13454989
54247,43.04650603,-89.44408328,7.631171694,-0.059957653,-0.03651202
54307,43.04650603,-89.44408328,7.631171694,-0.12550361,-0.092342556
54366,43.04650603,-89.44408328,7.631171694,-0.03490701,-0.07956402
54426,43.04650603,-89.44408328,7.631171694,-0.04258688,-0.005736494
54489,43.04650603,-89.44408328,7.631171694,-0.01620474,-0.029185772
54553,43.04650603,-89.44408328,7.631171694,-0.08303244,-0.07323367
54613,43.04650603,-89.44408328,7.631171694,-0.10075348,-0.025668032
54673,43.04650603,-89.44408328,7.631171694,-0.070532545,-0.08402919
54731,43.04653223,-89.44416778,7.550202269,-0.0404224,-0.047786176
54858,43.04653223,-89.44416778,7.550202269,0.010046673,-0.0640127
54915,43.04653223,-89.44416778,7.550202269,-0.06955619,0.008987388
54971,43.04653223,-89.44416778,7.550202269,-0.055954814,-0.060480878
55030,43.04653223,-89.44416778,7.550202269,-0.06012162,-0.082290724
55090,43.04653223,-89.44416778,7.550202269,-0.07885985,0.09811579
55150,43.04653223,-89.44416778,7.550202269,-0.039777827,-0.001432404
55209,43.04653223,-89.44416778,7.550202269,-0.10593439,-0.008874532
55269,43.04653223,-89.44416778,7.550202269,-0.07541195,-0.13015698
55327,43.04653223,-89.44416778,7.550202269,-0.07981923,-0.056546062
55384,43.04653223,-89.44416778,7.550202269,-0.024309725,-0.008070933
55442,43.04653223,-89.44416778,7.550202269,-0.05533744,-0.025997536
55498,43.04653223,-89.44416778,7.550202269,-0.040083844,-0.094554566
55557,43.04653223,-89.44416778,7.550202269,0.04335719,-0.0654906
55614,43.04653223,-89.44416778,7.550202269,-0.07136507,-0.078277394
55669,43.04653223,-89.44416778,7.550202269,-0.12279323,-0.06296289
55729,43.0465539,-89.44425041,7.341192376,0.046881687,-0.08499743
55788,43.0465539,-89.44425041,7.341192376,-0.100655675,0.011877131
55848,43.0465539,-89.44425041,7.341192376,0.005369322,-0.010175061
55906,43.0465539,-89.44425041,7.341192376,-0.124686494,-0.037482668
55962,43.0465539,-89.44425041,7.341192376,-0.043457303,-0.06894654
56019,43.0465539,-89.44425041,7.341192376,0.057779476,-0.025937358
56080,43.0465539,-89.44425041,7.341192376,-0.038096797,-0.083761744
56137,43.0465539,-89.44425041,7.341192376,-0.08618401,-0.05595277
56195,43.0465539,-89.44425041,7.341192376,-0.110854946,-0.059816208
56252,43.0465539,-89.44425041,7.341192376,0.022846803,-0.11094807
56311,43.0465539,-89.44425041,7.341192376,-0.042274907,-0.11015132
56368,43.0465539,-89.44425041,7.341192376,0.026596196,-0.13961938
56426,43.0465539,-89.44425041,7.341192376,0.030401487,-0.09777332
56484,43.0465539,-89.44425041,7.341192376,-0.058088396,-0.12698732
56541,43.0465539,-89.44425041,7.341192376,0.033557717,-0.01560877
56595,43.0465539,-89.44425041,7.341192376,-0.047172,-0.09157891
56652,43.0465539,-89.44425041,7.341192376,0.030836983,-0.15752637
56707,43.0465539,-89.44425041,7.341192376,0.019742478,-0.037806403
56762,43.04657665,-89.44432806,7.083531458,0.018992618,0.081156716
56818,43.04657665,-89.44432806,7.083531458,0.038801916,0.019705286
56875,43.04657665,-89.44432806,7.083531458,0.12039649,-0.10511583
56930,43.04657665,-89.44432806,7.083531458,0.07615434,-0.14208144
56985,43.04657665,-89.44432806,7.083531458,0.12981257,0.009705264
57043,43.04657665,-89.44432806,7.083531458,-0.003774782,-0.07213898
57101,43.04657665,-89.44432806,7.083531458,0.09241248,-0.037094988
57157,43.04657665,-89.44432806,7.083531458,0.26989493,-0.17282574
57212,43.04657665,-89.44432806,7.083531458,0.11118615,0.06683371
57268,43.04657665,-89.44432806,7.083531458,0.097990215,0.089421086
57327,43.04657665,-89.44432806,7.083531458,0.040418282,-0.15105873
57386,43.04657665,-89.44432806,7.083531458,0.122211225,-0.06174537
57450,43.04657665,-89.44432806,7.083531458,0.18669704,-0.019870078
57509,43.04657665,-89.44432806,7.083531458,0.21009676,0.030339792
57567,43.04657665,-89.44432806,7.083531458,0.098582216,-0.09288567
57625,43.04657665,-89.44432806,7.083531458,0.18417253,-0.09318313
57682,43.04657665,-89.44432806,7.083531458,0.09681647,-0.028445248
57741,43.04659843,-89.4444001,6.643553971,0.15269361,-0.14088719
57798,43.04659843,-89.4444001,6.643553971,0.18226177,-0.030514922
57854,43.04659843,-89.4444001,6.643553971,0.22509095,-0.022522382
57912,43.04659843,-89.4444001,6.643553971,0.27514166,0.060929548
57969,43.04659843,-89.4444001,6.643553971,0.15428895,-0.04508072
58028,43.04659843,-89.4444001,6.643553971,0.12771572,-0.0896021
58086,43.04659843,-89.4444001,6.643553971,0.055809278,-0.009316691
58145,43.04659843,-89.4444001,6.643553971,0.14482394,-0.06479419
58206,43.04659843,-89.4444001,6.643553971,0.15403454,0.033879235
58267,43.04659843,-89.4444001,6.643553971,0.1893109,-0.009750855
58323,43.04659843,-89.4444001,6.643553971,0.16176982,0.14442022
58378,43.04659843,-89.4444001,6.643553971,0.16163366,0.13625635
58436,43.04659843,-89.4444001,6.643553971,0.17309052,0.10266294
58494,43.04659843,-89.4444001,6.643553971,0.10191376,-0.006921116
58551,43.04659843,-89.4444001,6.643553971,0.182995,0.115884155
58607,43.04659843,-89.4444001,6.643553971,0.11725407,0.049690694
58676,43.04659843,-89.4444001,6.643553971,0.13984269,0.16013306
58734,43.04662188,-89.44446317,6.288131856,0.26861525,0.21167344
58790,43.04662188,-89.44446317,6.288131856,0.15767623,0.062168557
58851,43.04662188,-89.44446317,6.288131856,0.12243249,-0.013367348
58909,43.04662188,-89.44446317,6.288131856,0.18319835,0.016206997
58971,43.04662188,-89.44446317,6.288131856,0.19690402,0.03398422
59029,43.04662188,-89.44446317,6.288131856,0.039543517,0.06461972
59088,43.04662188,-89.44446317,6.288131856,0.064259686,0.12527238
59145,43.04662188,-89.44446317,6.288131856,0.15915044,-0.039540436
59207,43.04662188,-89.44446317,6.288131856,0.2271033,-0.043047357
59268,43.04662188,-89.44446317,6.288131856,0.2821116,-0.014469384
59327,43.04662188,-89.44446317,6.288131856,0.21985722,-0.09547696
59387,43.04662188,-89.44446317,6.288131856,0.09216654,-0.09383778
59444,43.04662188,-89.44446317,6.288131856,0.12879473,-0.08760996
59507,43.04662188,-89.44446317,6.288131856,0.16352512,-0.001864386
59567,43.04662188,-89.44446317,6.288131856,0.038876116,-0.118075065
59624,43.04662188,-89.44446317,6.288131856,0.18813203,-0.074270464
59681,43.04662188,-89.44446317,6.288131856,0.15067609,-0.015083157
59740,43.04667503,-89.44450683,6.412073602,0.013147765,-0.07040792
59797,43.04667503,-89.44450683,6.412073602,0.11008792,-0.09214229
59854,43.04667503,-89.44450683,6.412073602,0.17919831,-0.18161768
59912,43.04667503,-89.44450683,6.412073602,0.3331464,-0.2760591
59969,43.04667503,-89.44450683,6.412073602,0.318239,-0.26196694
60027,43.04667503,-89.44450683,6.412073602,0.2798199,-0.13210562
60083,43.04667503,-89.44450683,6.412073602,0.22260046,-0.300995
60140,43.04667503,-89.44450683,6.412073602,0.12506299,-0.07017758
60199,43.04667503,-89.44450683,6.412073602,0.119944565,-0.22098513
60255,43.04667503,-89.44450683,6.412073602,0.17673884,-0.16297428
60311,43.04667503,-89.44450683,6.412073602,0.29938316,-0.1444169
60367,43.04667503,-89.44450683,6.412073602,0.29193518,-0.17035691
60421,43.04667503,-89.44450683,6.412073602,0.3249692,-0.2542135
60478,43.04667503,-89.44450683,6.412073602,0.24395826,-0.1323557
60534,43.04667503,-89.44450683,6.412073602,0.16281994,-0.24293384
60591,43.04667503,-89.44450683,6.412073602,0.16695257,-0.095044315
60651,43.04667503,-89.44450683,6.412073602,0.107614845,-0.16140452
60707,43.04667503,-89.44450683,6.412073602,0.2581365,-0.10806207
60764,43.04673608,-89.44452481,6.430085462,0.29300457,-0.03272592
60817,43.04673608,-89.44452481,6.430085462,0.09949245,-0.039313767
60873,43.04673608,-89.44452481,6.430085462,0.020209905,-0.007536956
60928,43.04673608,-89.44452481,6.430085462,0.13857484,-0.05515092
60986,43.04673608,-89.44452481,6.430085462,0.123501025,-0.004108439
61043,43.04673608,-89.44452481,6.430085462,0.037571788,0.06016818
61103,43.04673608,-89.44452481,6.430085462,0.099939376,-0.003067096
61161,43.04673608,-89.44452481,6.430085462,0.10786956,-0.009568928
61219,43.04673608,-89.44452481,6.430085462,0.050275255,-0.047052875
61276,43.04673608,-89.44452481,6.430085462,-0.033111006,-0.008207031
61333,43.04673608,-89.44452481,6.430085462,0.008347777,0.01539922
61392,43.04673608,-89.44452481,6.430085462,-0.028883453,0.07321826
61447,43.04673608,-89.44452481,6.430085462,0.01690177,0.08718905
61508,43.04673608,-89.44452481,6.430085462,-0.003313882,0.12917152
61567,43.04673608,-89.44452481,6.430085462,-0.045762096,0.074243546
61622,43.04673608,-89.44452481,6.430085462,-0.013525165,0.047741674
61678,43.04673608,-89.44452481,6.430085462,0.01897241,0.076418236
61736,43.04679542,-89.44453152,6.364344765,-0.042576436,0.107422285
61793,43.04679542,-89.44453152,6.364344765,-0.013798035,0.052732952
61849,43.04679542,-89.44453152,6.364344765,0.03041026,0.023326198
61906,43.04679542,-89.44453152,6.364344765,0.001927792,0.021582916
61966,43.04679542,-89.44453152,6.364344765,0.03487075,0.05190556
62022,43.04679542,-89.44453152,6.364344765,0.011300303,0.084158055
62078,43.04679542,-89.44453152,6.364344765,-0.05537396,0.0829202
62134,43.04679542,-89.44453152,6.364344765,-0.030999903,0.058432918
62195,43.04679542,-89.44453152,6.364344765,-0.04682713,-0.029593343
62250,43.04679542,-89.44453152,6.364344765,-0.011972467,0.050264552
62308,43.04679542,-89.44453152,6.364344765,-0.054709557,0.025914785
62368,43.04679542,-89.44453152,6.364344765,-0.06911374,0.002725269
62424,43.04679542,-89.44453152,6.364344765,-0.032627996,-0.04109351
62480,43.04679542,-89.44453152,6.364344765,-0.08593802,0.06396204
62537,43.04679542,-89.44453152,6.364344765,-0.036168166,0.010045764
62596,43.04679542,-89.44453152,6.364344765,-0.0751594,-0.010908173
62656,43.04679542,-89.44453152,6.364344765,-0.08759526,0.046487093
62713,43.04679542,-89.44453152,6.364344765,-0.048691373,0.024785189
62770,43.04685377,-89.4445035,6.317907816,-0.06992489,0.03795254
62830,43.04685377,-89.4445035,6.317907816,-0.08693301,-0.02322918
62888,43.04685377,-89.4445035,6.317907816,0.007425427,0.047856733
62945,43.04685377,-89.4445035,6.317907816,-0.05572864,0.09559544
63002,43.04685377,-89.4445035,6.317907816,-0.10148772,-0.002684704
63061,43.04685377,-89.4445035,6.317907816,-0.04043017,0.011204467
63118,43.04685377,-89.4445035,6.317907816,-0.038540017,-3.76E-04
63174,43.04685377,-89.4445035,6.317907816,-0.08489555,-0.06842547
63231,43.04685377,-89.4445035,6.317907816,-0.081887946,0.008058681
63288,43.04685377,-89.4445035,6.317907816,-0.035198912,0.018741814
63344,43.04685377,-89.4445035,6.317907816,-0.0387003,-0.022812352
63402,43.04685377,-89.4445035,6.317907816,-0.12661749,0.005506351
63462,43.04685377,-89.4445035,6.317907816,-0.047777385,-0.033522896
63518,43.04685377,-89.4445035,6.317907816,-0.035522074,0.0082271
63578,43.04685377,-89.4445035,6.317907816,-0.07677104,-0.00109651
63642,43.04685377,-89.4445035,6.317907816,-0.15339875,0.022303768
63697,43.04685377,-89.4445035,6.317907816,-0.0590709,0.01113341
63752,43.04691663,-89.44446312,6.503599838,-0.002363953,-0.10535518
63809,43.04691663,-89.44446312,6.503599838,-0.14993569,0.013266936
63866,43.04691663,-89.44446312,6.503599838,-0.12147299,0.015015261
63922,43.04691663,-89.44446312,6.503599838,-0.0951662,0.021717766
63979,43.04691663,-89.44446312,6.503599838,-0.10314874,0.006812333
64039,43.04691663,-89.44446312,6.503599838,-0.14932258,0.016579613
64098,43.04691663,-89.44446312,6.503599838,-0.058159396,-0.082378015
64157,43.04691663,-89.44446312,6.503599838,-0.107589535,-0.028842833
64213,43.04691663,-89.44446312,6.503599838,-0.04920287,-0.08146967
64273,43.04691663,-89.44446312,6.503599838,-0.10380154,0.02543339
64331,43.04691663,-89.44446312,6.503599838,-0.086769,0.07782164
64391,43.04691663,-89.44446312,6.503599838,-0.042541157,0.024973001
64451,43.04691663,-89.44446312,6.503599838,-0.08668645,-0.028860599
64507,43.04691663,-89.44446312,6.503599838,-0.1313244,0.03278568
64565,43.04691663,-89.44446312,6.503599838,-0.067289814,0.018885532
64625,43.04691663,-89.44446312,6.503599838,-0.19952337,0.018326454
64682,43.04691663,-89.44446312,6.503599838,-0.11408787,-0.057999097
64749,43.04698889,-89.44442772,6.949248907,-0.09890188,-0.13024585
64809,43.04698889,-89.44442772,6.949248907,-0.045760933,0.07028466
64868,43.04698889,-89.44442772,6.949248907,-0.020852111,-0.02833279
64927,43.04698889,-89.44442772,6.949248907,-0.08368172,-0.14871386
64986,43.04698889,-89.44442772,6.949248907,-0.14291605,-0.23197229
65048,43.04698889,-89.44442772,6.949248907,-0.0784848,-0.179337
65107,43.04698889,-89.44442772,6.949248907,-0.090222135,-0.014922943
65166,43.04698889,-89.44442772,6.949248907,0.001842821,-0.13466637
65224,43.04698889,-89.44442772,6.949248907,-0.15936771,-1.68E-04
65280,43.04698889,-89.44442772,6.949248907,-0.084450245,0.086022034
65342,43.04698889,-89.44442772,6.949248907,-0.01923539,-0.22091916
65402,43.04698889,-89.44442772,6.949248907,-0.25070572,-0.056846656
65460,43.04698889,-89.44442772,6.949248907,-0.08514677,0.035381705
65517,43.04698889,-89.44442772,6.949248907,-0.11253756,-0.044060774
65574,43.04698889,-89.44442772,6.949248907,-0.09979096,0.0342865
65633,43.04698889,-89.44442772,6.949248907,-0.08163028,0.03586714
65689,43.04698889,-89.44442772,6.949248907,0.034962177,0.028640546
65746,43.04706307,-89.44439001,7.43344972,-0.23357834,-0.106267564
65804,43.04706307,-89.44439001,7.43344972,-0.12148174,-0.08666001
65860,43.04706307,-89.44439001,7.43344972,-0.057237256,-0.12584549
65916,43.04706307,-89.44439001,7.43344972,-0.11434322,-0.22200243
65977,43.04706307,-89.44439001,7.43344972,-0.022022672,-0.22552592
66035,43.04706307,-89.44439001,7.43344972,-0.15406397,0.15547149
66096,43.04706307,-89.44439001,7.43344972,0.03875727,-0.11604162
66154,43.04706307,-89.44439001,7.43344972,-0.017992908,-0.17141974
66213,43.04706307,-89.44439001,7.43344972,-0.044764016,-0.19872755
66273,43.04706307,-89.44439001,7.43344972,0.08325582,-0.14604314
66332,43.04706307,-89.44439001,7.43344972,-0.18941537,-0.16706423
66387,43.04706307,-89.44439001,7.43344972,-0.06824691,0.046237387
66447,43.04706307,-89.44439001,7.43344972,-0.027681896,-0.084088504
66504,43.04706307,-89.44439001,7.43344972,-0.15618551,-0.08843421
66561,43.04706307,-89.44439001,7.43344972,-0.07518351,-0.15415119
66619,43.04706307,-89.44439001,7.43344972,-0.056249447,-0.03129219
66675,43.04706307,-89.44439001,7.43344972,0.13589369,-0.21259104
66733,43.04714866,-89.44435722,7.896958336,-0.22913742,-0.13075307
66795,43.04714866,-89.44435722,7.896958336,-0.029635675,-0.16360235
66852,43.04714866,-89.44435722,7.896958336,-0.087246716,0.07808752
66907,43.04714866,-89.44435722,7.896958336,0.00752449,-0.12818405
66964,43.04714866,-89.44435722,7.896958336,0.038956515,-0.06486636
67023,43.04714866,-89.44435722,7.896958336,0.003527156,-0.15589817
67082,43.04714866,-89.44435722,7.896958336,0.06080296,-0.074654095
67142,43.04714866,-89.44435722,7.896958336,0.02418541,-0.028870454
67203,43.04714866,-89.44435722,7.896958336,-0.03735788,-0.08085263
67263,43.04714866,-89.44435722,7.896958336,0.004115937,-0.17416859
67322,43.04714866,-89.44435722,7.896958336,-0.00528043,-0.24566047
67381,43.04714866,-89.44435722,7.896958336,-0.1270289,-0.14569724
67438,43.04714866,-89.44435722,7.896958336,0.031361736,-0.046910837
67497,43.04714866,-89.44435722,7.896958336,0.054108825,-0.2494514
67554,43.04714866,-89.44435722,7.896958336,-0.06458035,-0.06088042
67610,43.04714866,-89.44435722,7.896958336,-0.12457065,-0.120106496
67674,43.04714866,-89.44435722,7.896958336,0.038984355,-0.11511452
67732,43.04722107,-89.44433293,7.960602751,-0.024563007,-0.11559245
67790,43.04722107,-89.44433293,7.960602751,-0.011091146,-0.086390145
67850,43.04722107,-89.44433293,7.960602751,0.14751327,-0.24258664
67908,43.04722107,-89.44433293,7.960602751,0.17479992,-0.055250704
67967,43.04722107,-89.44433293,7.960602751,0.033502106,-0.17332937
68029,43.04722107,-89.44433293,7.960602751,0.26845,-0.23278506
68087,43.04722107,-89.44433293,7.960602751,9.89E-04,-0.24630697
68147,43.04722107,-89.44433293,7.960602751,0.1841084,-0.038007405
68208,43.04722107,-89.44433293,7.960602751,0.22639827,-0.054611247
68269,43.04722107,-89.44433293,7.960602751,0.26183337,-0.14428031
68329,43.04722107,-89.44433293,7.960602751,0.21364701,-0.21082576
68388,43.04722107,-89.44433293,7.960602751,0.23447746,-0.28755602
68446,43.04722107,-89.44433293,7.960602751,0.1643826,-0.20939784
68505,43.04722107,-89.44433293,7.960602751,0.3424246,-0.19141652
68562,43.04722107,-89.44433293,7.960602751,0.15217689,-0.30547407
68621,43.04722107,-89.44433293,7.960602751,0.20435072,-0.22430106
68675,43.04722107,-89.44433293,7.960602751,0.13797978,0.056396246
68732,43.04728645,-89.44430441,7.681755251,0.26960307,-0.15254207
68788,43.04728645,-89.44430441,7.681755251,0.26277617,-0.17799823
68844,43.04728645,-89.44430441,7.681755251,0.22773744,-0.20508017
68900,43.04728645,-89.44430441,7.681755251,0.24902108,-0.16571051
68957,43.04728645,-89.44430441,7.681755251,0.37074733,-0.19188374
69013,43.04728645,-89.44430441,7.681755251,0.29374826,-0.11862618
69072,43.04728645,-89.44430441,7.681755251,0.1690398,-0.120727345
69129,43.04728645,-89.44430441,7.681755251,0.277845,-0.116068244
69188,43.04728645,-89.44430441,7.681755251,0.18947814,-0.13028698
69250,43.04728645,-89.44430441,7.681755251,0.2012369,-0.10688733
69311,43.04728645,-89.44430441,7.681755251,0.18247454,-0.09032327
69368,43.04728645,-89.44430441,7.681755251,0.06895755,0.16333915
69425,43.04728645,-89.44430441,7.681755251,0.36896062,-0.24338728
69483,43.04728645,-89.44430441,7.681755251,0.16266908,-0.21747293
69542,43.04728645,-89.44430441,7.681755251,0.09443532,-0.12992708
69599,43.04728645,-89.44430441,7.681755251,0.18563879,-0.12660006
69658,43.04728645,-89.44430441,7.681755251,0.13981558,-0.052194897
69717,43.04733438,-89.44425907,7.21564552,0.18446653,0.069983214
69771,43.04733438,-89.44425907,7.21564552,0.27228287,-0.030280948
69825,43.04733438,-89.44425907,7.21564552,0.33220354,-0.028587261
69881,43.04733438,-89.44425907,7.21564552,0.23841913,-0.033387918
69939,43.04733438,-89.44425907,7.21564552,0.18368779,-0.034985036
69995,43.04733438,-89.44425907,7.21564552,0.18814252,0.019472731
70052,43.04733438,-89.44425907,7.21564552,0.21553208,-0.07235961
70108,43.04733438,-89.44425907,7.21564552,0.21966407,-0.115399316
70164,43.04733438,-89.44425907,7.21564552,0.25194764,0.081294745
70220,43.04733438,-89.44425907,7.21564552,0.21129695,-0.082866594
70276,43.04733438,-89.44425907,7.21564552,0.15437312,0.061921205
70331,43.04733438,-89.44425907,7.21564552,0.22514355,-0.04914281
70387,43.04733438,-89.44425907,7.21564552,0.1818074,-0.05372286
70443,43.04733438,-89.44425907,7.21564552,0.2536509,-0.052903157
70499,43.04733438,-89.44425907,7.21564552,0.17122458,-0.027817495
70559,43.04733438,-89.44425907,7.21564552,0.18173157,0.098021686
70615,43.04733438,-89.44425907,7.21564552,0.22864398,0.047010414
70668,43.04733438,-89.44425907,7.21564552,0.14655137,-7.38E-04
70724,43.04735985,-89.44419253,6.843828039,0.09068783,-0.02227864
70780,43.04735985,-89.44419253,6.843828039,0.2384185,-0.02879119
70836,43.04735985,-89.44419253,6.843828039,0.2466649,-0.03225496
70893,43.04735985,-89.44419253,6.843828039,0.18739763,-0.011277067
70953,43.04735985,-89.44419253,6.843828039,0.29458624,-0.030208793
71008,43.04735985,-89.44419253,6.843828039,0.2411966,-0.04184683
71068,43.04735985,-89.44419253,6.843828039,0.15519513,-0.06135182
71127,43.04735985,-89.44419253,6.843828039,0.08652005,0.06298968
71185,43.04735985,-89.44419253,6.843828039,0.31315452,0.05561541
71244,43.04735985,-89.44419253,6.843828039,0.15363608,0.054073345
71301,43.04735985,-89.44419253,6.843828039,0.25077388,0.02112304
71357,43.04735985,-89.44419253,6.843828039,0.06369402,0.049083777
71412,43.04735985,-89.44419253,6.843828039,0.19798666,-0.016018497
71468,43.04735985,-89.44419253,6.843828039,0.03871724,0.005104943
71526,43.04735985,-89.44419253,6.843828039,0.007033728,0.03590514
71581,43.04735985,-89.44419253,6.843828039,0.08063572,-0.03212237
71638,43.04735985,-89.44419253,6.843828039,0.05284814,0.052037314
71694,43.04735985,-89.44419253,6.843828039,0.01323875,-0.016463714
71751,43.04737882,-89.44412293,6.83348398,0.13604128,-0.038086656
71811,43.04737882,-89.44412293,6.83348398,-0.03301238,0.01717594
71868,43.04737882,-89.44412293,6.83348398,0.14010032,-0.11727807
71924,43.04737882,-89.44412293,6.83348398,-0.055684224,-0.15732941
71981,43.04737882,-89.44412293,6.83348398,0.0743092,0.08685275
72036,43.04737882,-89.44412293,6.83348398,-0.008551587,0.015680587
72092,43.04737882,-89.44412293,6.83348398,0.05287681,0.019244108
72148,43.04737882,-89.44412293,6.83348398,-0.03885139,0.030776398
72205,43.04737882,-89.44412293,6.83348398,0.06799302,0.001845049
72262,43.04737882,-89.44412293,6.83348398,0.06946258,0.029831085
72319,43.04737882,-89.44412293,6.83348398,-0.0828992,0.07285947
72378,43.04737882,-89.44412293,6.83348398,-0.064596765,0.019515282
72435,43.04737882,-89.44412293,6.83348398,-0.026347037,0.04955205
72494,43.04737882,-89.44412293,6.83348398,0.092798084,0.043862976
72553,43.04737882,-89.44412293,6.83348398,-0.22074854,0.09938304
72610,43.04737882,-89.44412293,6.83348398,-0.002221402,0.058350004
72665,43.04737882,-89.44412293,6.83348398,0.008062939,0.067973636
72724,43.04736781,-89.44402008,7.397648219,-0.031314466,-0.025414048
72781,43.04736781,-89.44402008,7.397648219,0.008574369,0.048690002
72839,43.04736781,-89.44402008,7.397648219,-0.08684037,0.10094423
72895,43.04736781,-89.44402008,7.397648219,0.011284946,0.070395246
72952,43.04736781,-89.44402008,7.397648219,-0.072549134,-0.14594008
73013,43.04736781,-89.44402008,7.397648219,0.028171662,-0.05327799
73070,43.04736781,-89.44402008,7.397648219,-0.012111661,-0.002048853
73127,43.04736781,-89.44402008,7.397648219,-0.06652796,-0.08152958
73185,43.04736781,-89.44402008,7.397648219,-0.029055778,0.11182359
73242,43.04736781,-89.44402008,7.397648219,-0.119445235,0.16382696
73299,43.04736781,-89.44402008,7.397648219,0.082648955,0.06883954
73357,43.04736781,-89.44402008,7.397648219,-0.044252116,0.051775243
73412,43.04736781,-89.44402008,7.397648219,-0.115204945,-0.10513554
73472,43.04736781,-89.44402008,7.397648219,-0.12996715,-0.023502141
73528,43.04736781,-89.44402008,7.397648219,-0.092473365,-0.1190965
73586,43.04736781,-89.44402008,7.397648219,0.021545852,-0.07451349
73644,43.04736781,-89.44402008,7.397648219,-0.055312034,0.04044315
73700,43.04736781,-89.44402008,7.397648219,0.007028738,-0.27283537
73757,43.0473509,-89.44390695,8.141434695,-0.042203024,-0.1620888
73816,43.0473509,-89.44390695,8.141434695,-0.034101885,-0.12783848
73872,43.0473509,-89.44390695,8.141434695,-0.011710904,0.040589824
73926,43.0473509,-89.44390695,8.141434695,0.023153936,0.07537419
73980,43.0473509,-89.44390695,8.141434695,0.09549819,-0.053593215
74035,43.0473509,-89.44390695,8.141434695,0.06293828,0.15752055
74093,43.0473509,-89.44390695,8.141434695,-0.03609623,-0.07301499
74153,43.0473509,-89.44390695,8.141434695,-0.03817776,-0.05980639
74211,43.0473509,-89.44390695,8.141434695,0.10368335,0.020859677
74268,43.0473509,-89.44390695,8.141434695,-0.07961429,-0.010687181
74329,43.0473509,-89.44390695,8.141434695,0.17289595,0.006681076
74385,43.0473509,-89.44390695,8.141434695,-0.18250877,0.029745264
74442,43.0473509,-89.44390695,8.141434695,0.025665976,0.053241733
74500,43.0473509,-89.44390695,8.141434695,-0.007977444,-0.047241513
74561,43.0473509,-89.44390695,8.141434695,0.060755156,-0.42806378
74619,43.0473509,-89.44390695,8.141434695,0.108825885,-0.17910253
74674,43.0473509,-89.44390695,8.141434695,-0.17839919,0.20455663
74730,43.04733232,-89.44379382,8.771548668,0.07691041,-0.2889495
74786,43.04733232,-89.44379382,8.771548668,0.12950183,-0.0918707
74844,43.04733232,-89.44379382,8.771548668,0.050512623,-0.08679647
74899,43.04733232,-89.44379382,8.771548668,-0.005038761,-0.20000821
74956,43.04733232,-89.44379382,8.771548668,-0.065080106,0.10572701
75010,43.04733232,-89.44379382,8.771548668,0.005897138,-0.10319152
75064,43.04733232,-89.44379382,8.771548668,0.075658105,-0.07648322
75118,43.04733232,-89.44379382,8.771548668,0.057570927,-0.21481553
75173,43.04733232,-89.44379382,8.771548668,0.032478902,0.004535877
75228,43.04733232,-89.44379382,8.771548668,0.019402955,0.02924981
75286,43.04733232,-89.44379382,8.771548668,0.040942866,-0.22623235
75342,43.04733232,-89.44379382,8.771548668,0.1077802,0.06272581
75401,43.04733232,-89.44379382,8.771548668,0.09907201,-0.29064846
75457,43.04733232,-89.44379382,8.771548668,-0.09379171,0.003212177
75514,43.04733232,-89.44379382,8.771548668,0.059128787,-0.10398061
75571,43.04733232,-89.44379382,8.771548668,-0.002218206,-0.1364654
75628,43.04733232,-89.44379382,8.771548668,0.078938365,-0.109975085
75686,43.04733232,-89.44379382,8.771548668,-0.09767062,0.06821488
75741,43.0473026,-89.44367127,9.265777635,-0.0557826,-0.14522585
75798,43.0473026,-89.44367127,9.265777635,-0.007945904,-0.1726277
75855,43.0473026,-89.44367127,9.265777635,0.075145125,-0.09103774
75911,43.0473026,-89.44367127,9.265777635,0.018589992,-0.028420676
75966,43.0473026,-89.44367127,9.265777635,-0.06440212,-0.041909188
76024,43.0473026,-89.44367127,9.265777635,-0.05493947,-0.016399888
76078,43.0473026,-89.44367127,9.265777635,-0.05149771,-0.09484797
76134,43.0473026,-89.44367127,9.265777635,-0.003642622,-0.06074354
76199,43.0473026,-89.44367127,9.265777635,0.012927729,-0.22118346
76256,43.0473026,-89.44367127,9.265777635,0.08067736,0.09020371
76312,43.0473026,-89.44367127,9.265777635,-0.00828226,-0.09715533
76368,43.0473026,-89.44367127,9.265777635,-0.003748247,-0.023547772
76423,43.0473026,-89.44367127,9.265777635,-0.035856366,-0.07665752
76480,43.0473026,-89.44367127,9.265777635,0.01487524,-0.0571701
76540,43.0473026,-89.44367127,9.265777635,0.074309096,-0.13001148
76598,43.0473026,-89.44367127,9.265777635,-0.07014313,-0.09131133
76658,43.0473026,-89.44367127,9.265777635,0.07445581,-0.080684245
76717,43.0472657,-89.44355132,9.568177061,-0.006688105,-0.05908866
76772,43.0472657,-89.44355132,9.568177061,-0.049053174,-0.039297238
76829,43.0472657,-89.44355132,9.568177061,0.013461424,-0.12531371
76885,43.0472657,-89.44355132,9.568177061,-0.02739755,0.04111893
76945,43.0472657,-89.44355132,9.568177061,0.060475174,-0.106924176
77003,43.0472657,-89.44355132,9.568177061,-0.02006582,-0.15952
77064,43.0472657,-89.44355132,9.568177061,-0.008688794,-0.012284562
77121,43.0472657,-89.44355132,9.568177061,0.097224645,-0.10398955
77178,43.0472657,-89.44355132,9.568177061,0.05523179,-0.19245738
77237,43.0472657,-89.44355132,9.568177061,-0.005456162,-0.13414615
77296,43.0472657,-89.44355132,9.568177061,-0.08455038,-0.13106254
77356,43.0472657,-89.44355132,9.568177061,-0.092519686,-0.033476073
77412,43.0472657,-89.44355132,9.568177061,-0.07118059,-0.13265996
77471,43.0472657,-89.44355132,9.568177061,0.037223227,0.027557747
77532,43.0472657,-89.44355132,9.568177061,-0.079956934,-0.14648892
77592,43.0472657,-89.44355132,9.568177061,-0.13181257,-0.02487238
77648,43.0472657,-89.44355132,9.568177061,-0.08823126,-0.07914939
77707,43.0472657,-89.44355132,9.568177061,-0.034677688,-0.13568509
77771,43.04722525,-89.44343619,9.734993074,-0.017482122,0.03830603
77901,43.04722525,-89.44343619,9.734993074,-0.087119326,-0.23222429
77958,43.04722525,-89.44343619,9.734993074,-0.12542158,-0.16693757
78018,43.04722525,-89.44343619,9.734993074,-0.02353058,-0.12796979
78078,43.04722525,-89.44343619,9.734993074,0.0134815,-0.12200781
78137,43.04722525,-89.44343619,9.734993074,-0.030812657,0.006375146
78196,43.04722525,-89.44343619,9.734993074,-0.032404408,-0.101278745
78254,43.04722525,-89.44343619,9.734993074,-0.051884256,-0.06283736
78311,43.04722525,-89.44343619,9.734993074,-0.13236754,-0.10983626
78369,43.04722525,-89.44343619,9.734993074,-0.10986476,-0.08887741
78427,43.04722525,-89.44343619,9.734993074,-0.15528944,-0.18315123
78485,43.04722525,-89.44343619,9.734993074,-0.1581404,-0.022585928
78550,43.04722525,-89.44343619,9.734993074,-0.10563371,-0.002594347
78609,43.04722525,-89.44343619,9.734993074,-0.0905951,-0.11393901
78670,43.04722525,-89.44343619,9.734993074,-0.026969029,-0.05847603
78726,43.04718343,-89.44332087,9.69562765,-0.12223475,-0.14818758
78782,43.04718343,-89.44332087,9.69562765,-0.08500363,-0.098108456
78839,43.04718343,-89.44332087,9.69562765,-0.009789797,-0.066144094
78899,43.04718343,-89.44332087,9.69562765,-0.11646502,-0.19934098
78958,43.04718343,-89.44332087,9.69562765,-0.0241964,-0.0485597
79016,43.04718343,-89.44332087,9.69562765,-0.1647729,-0.20692444
79078,43.04718343,-89.44332087,9.69562765,-0.14012456,-0.26783085
79137,43.04718343,-89.44332087,9.69562765,-0.16026519,-0.003641188
79195,43.04718343,-89.44332087,9.69562765,-0.098540165,-0.24570858
79257,43.04718343,-89.44332087,9.69562765,-0.002056566,-0.26815507
79313,43.04718343,-89.44332087,9.69562765,-0.07270823,-0.24631628
79370,43.04718343,-89.44332087,9.69562765,-0.002003792,-0.22750734
79426,43.04718343,-89.44332087,9.69562765,-0.078549966,-0.13557768
79484,43.04718343,-89.44332087,9.69562765,-0.05951506,-0.23686609
79541,43.04718343,-89.44332087,9.69562765,-0.0291723,-0.23101068
79601,43.04718343,-89.44332087,9.69562765,0.03168123,-0.19634518
79657,43.04718343,-89.44332087,9.69562765,-0.054525834,-0.1926033
79714,43.04715123,-89.44321385,9.416480136,-0.00620047,-0.21414985
79770,43.04715123,-89.44321385,9.416480136,0.018783873,-0.203565
79827,43.04715123,-89.44321385,9.416480136,-0.004019304,-0.27245072
79885,43.04715123,-89.44321385,9.416480136,-0.08332957,-0.30457357
79943,43.04715123,-89.44321385,9.416480136,0.003088463,-0.20998408
80002,43.04715123,-89.44321385,9.416480136,-0.050776422,-0.22164655
80063,43.04715123,-89.44321385,9.416480136,-0.001207016,-0.19962095
80122,43.04715123,-89.44321385,9.416480136,-0.010254893,-0.24158044
80179,43.04715123,-89.44321385,9.416480136,0.046833508,-0.186205
80234,43.04715123,-89.44321385,9.416480136,0.07722583,-0.19077256
80291,43.04715123,-89.44321385,9.416480136,-0.010638709,-0.049484033
80352,43.04715123,-89.44321385,9.416480136,0.031191919,-0.14436945
80409,43.04715123,-89.44321385,9.416480136,0.033406205,-0.015827945
80468,43.04715123,-89.44321385,9.416480136,0.09691235,-0.0102454
80528,43.04715123,-89.44321385,9.416480136,0.075970665,0.025256304
80585,43.04715123,-89.44321385,9.416480136,0.122224286,-0.008819697
80641,43.04715123,-89.44321385,9.416480136,0.1871234,-0.024595082
80704,43.04712322,-89.44312865,8.643430371,0.12989226,0.020018926
80759,43.04712322,-89.44312865,8.643430371,0.115018606,0.13619383
80816,43.04712322,-89.44312865,8.643430371,0.11051707,0.017092215
80873,43.04712322,-89.44312865,8.643430371,0.094834685,-0.017252019
80930,43.04712322,-89.44312865,8.643430371,0.098945424,-0.05916391
80985,43.04712322,-89.44312865,8.643430371,0.022765605,0.061027627
81043,43.04712322,-89.44312865,8.643430371,0.17287375,-0.019253327
81101,43.04712322,-89.44312865,8.643430371,0.17662731,0.05817684
81162,43.04712322,-89.44312865,8.643430371,0.12985405,-0.033885144
81223,43.04712322,-89.44312865,8.643430371,0.17076597,-0.11202161
81283,43.04712322,-89.44312865,8.643430371,0.14841445,-0.001959982
81342,43.04712322,-89.44312865,8.643430371,0.14709185,0.077851325
81400,43.04712322,-89.44312865,8.643430371,0.2209632,-0.007571972
81460,43.04712322,-89.44312865,8.643430371,0.123865,-0.052400272
81518,43.04712322,-89.44312865,8.643430371,0.30147013,-0.073550805
81576,43.04712322,-89.44312865,8.643430371,0.2557309,0.08806167
81645,43.04712322,-89.44312865,8.643430371,0.18673907,-0.023409046
81704,43.04712322,-89.44312865,8.643430371,-0.03871578,-0.009565786
81765,43.04709614,-89.44304676,8.004300868,0.15659726,0.02793626
81821,43.04709614,-89.44304676,8.004300868,0.19452462,0.030873144
81877,43.04709614,-89.44304676,8.004300868,0.18823022,0.041337233
81934,43.04709614,-89.44304676,8.004300868,0.22230604,-0.089069
81989,43.04709614,-89.44304676,8.004300868,0.3154116,-0.05663256
82047,43.04709614,-89.44304676,8.004300868,0.13596377,-0.048924986
82103,43.04709614,-89.44304676,8.004300868,0.19662167,-0.1962923
82160,43.04709614,-89.44304676,8.004300868,0.21733023,-0.1260457
82216,43.04709614,-89.44304676,8.004300868,0.19276606,-0.19674046
82274,43.04709614,-89.44304676,8.004300868,0.057851177,-0.25788182
82330,43.04709614,-89.44304676,8.004300868,0.16820799,-0.10411205
82389,43.04709614,-89.44304676,8.004300868,0.093195,-0.02900607
82446,43.04709614,-89.44304676,8.004300868,0.3082286,0.22674708
82502,43.04709614,-89.44304676,8.004300868,0.35676506,-0.004638029
82561,43.04709614,-89.44304676,8.004300868,0.05322055,-0.23330896
82616,43.04709614,-89.44304676,8.004300868,0.16409653,-0.0696159
82676,43.04709614,-89.44304676,8.004300868,0.15041389,-0.17408328
82736,43.04704392,-89.44299398,7.628711006,-0.009111332,0.010127961
82793,43.04704392,-89.44299398,7.628711006,0.20604165,-0.15840173
82849,43.04704392,-89.44299398,7.628711006,0.035591863,-0.004212415
82907,43.04704392,-89.44299398,7.628711006,0.20748559,-0.051435325
82965,43.04704392,-89.44299398,7.628711006,0.09521085,-0.17481221
83021,43.04704392,-89.44299398,7.628711006,0.12500978,-0.32132158
83077,43.04704392,-89.44299398,7.628711006,0.04112175,-0.23152128
83133,43.04704392,-89.44299398,7.628711006,0.20790051,0.010749307
83189,43.04704392,-89.44299398,7.628711006,-0.10185442,-0.039600335
83248,43.04704392,-89.44299398,7.628711006,-0.117614865,0.086539574
83302,43.04704392,-89.44299398,7.628711006,0.03212262,-0.14495523
83362,43.04704392,-89.44299398,7.628711006,0.036722805,7.82E-04
83419,43.04704392,-89.44299398,7.628711006,0.2613766,0.058972485
83474,43.04704392,-89.44299398,7.628711006,0.3051383,-0.003366619
83530,43.04704392,-89.44299398,7.628711006,0.1827787,0.011607788
83586,43.04704392,-89.44299398,7.628711006,-0.05833108,-0.111097805
83647,43.04704392,-89.44299398,7.628711006,0.13944232,0.05280712
83704,43.04704392,-89.44299398,7.628711006,-0.24726066,-0.09336827
83764,43.04698685,-89.44296375,7.264413799,-0.042102914,-0.04768922
83820,43.04698685,-89.44296375,7.264413799,0.1813975,0.0632423
83876,43.04698685,-89.44296375,7.264413799,-0.052511968,-0.29533496
83936,43.04698685,-89.44296375,7.264413799,0.08743715,0.03649461
83994,43.04698685,-89.44296375,7.264413799,0.047041014,-0.08347218
84051,43.04698685,-89.44296375,7.264413799,0.18598224,-0.10905546
84109,43.04698685,-89.44296375,7.264413799,0.1396257,-0.117550045
84166,43.04698685,-89.44296375,7.264413799,-0.06652989,0.0096849
84224,43.04698685,-89.44296375,7.264413799,0.023546921,0.011500875
84280,43.04698685,-89.44296375,7.264413799,0.010626976,-0.059643093
84335,43.04698685,-89.44296375,7.264413799,0.08705561,-0.067413986
84394,43.04698685,-89.44296375,7.264413799,0.030589093,-0.09317298
84453,43.04698685,-89.44296375,7.264413799,0.033939127,-0.014011856
84511,43.04698685,-89.44296375,7.264413799,0.099070184,-0.054175626
84568,43.04698685,-89.44296375,7.264413799,0.14147003,-0.069560476
84626,43.04698685,-89.44296375,7.264413799,-0.04472606,-0.11049596
84683,43.04698685,-89.44296375,7.264413799,0.092095725,-0.11749191
84738,43.04693362,-89.44294292,6.993312433,-0.026034083,-3.28E-04
84799,43.04693362,-89.44294292,6.993312433,0.07667205,-0.024396641
84856,43.04693362,-89.44294292,6.993312433,0.00342616,-0.10038024
84913,43.04693362,-89.44294292,6.993312433,-0.027528668,0.012306395
84970,43.04693362,-89.44294292,6.993312433,0.07753229,-0.08175492
85030,43.04693362,-89.44294292,6.993312433,0.022056546,-0.04457265
85093,43.04693362,-89.44294292,6.993312433,2.55E-04,-0.021824664
85149,43.04693362,-89.44294292,6.993312433,-0.005466438,-0.030351583
85207,43.04693362,-89.44294292,6.993312433,-0.07742076,-0.21782623
85268,43.04693362,-89.44294292,6.993312433,0.17679136,-0.08309202
85324,43.04693362,-89.44294292,6.993312433,0.06643557,0.024773901
85379,43.04693362,-89.44294292,6.993312433,-0.03095504,0.11168032
85437,43.04693362,-89.44294292,6.993312433,0.048343655,-0.07631705
85495,43.04693362,-89.44294292,6.993312433,0.05695793,-0.07248917
85553,43.04693362,-89.44294292,6.993312433,-0.119684406,0.04503942
85612,43.04693362,-89.44294292,6.993312433,0.06621123,-0.042187907
85670,43.04693362,-89.44294292,6.993312433,-0.025263732,-0.042288344
85729,43.04687367,-89.4429469,6.798871562,0.17984869,-0.12454121
85784,43.04687367,-89.4429469,6.798871562,0.016327629,-0.072376885
85839,43.04687367,-89.4429469,6.798871562,0.02918805,-0.11738911
85895,43.04687367,-89.4429469,6.798871562,0.09264665,-0.11901141
85949,43.04687367,-89.4429469,6.798871562,0.12460493,-0.12493302
86006,43.04687367,-89.4429469,6.798871562,-0.009676155,-0.21498913
86062,43.04687367,-89.4429469,6.798871562,-0.011734712,-0.10418116
86122,43.04687367,-89.4429469,6.798871562,0.04754373,-0.031967636
86179,43.04687367,-89.4429469,6.798871562,-0.039440818,0.08493164
86237,43.04687367,-89.4429469,6.798871562,0.06866239,-0.03153228
86296,43.04687367,-89.4429469,6.798871562,0.11015554,-0.0619252
86355,43.04687367,-89.4429469,6.798871562,0.13677785,0.07842988
86415,43.04687367,-89.4429469,6.798871562,0.09191333,0.04317096
86471,43.04687367,-89.4429469,6.798871562,-0.12870479,0.07893706
86528,43.04687367,-89.4429469,6.798871562,-0.034602802,-0.01087393
86589,43.04687367,-89.4429469,6.798871562,0.058026038,0.030897295
86647,43.04687367,-89.4429469,6.798871562,0.07046937,0.040394247
86705,43.04687367,-89.4429469,6.798871562,0.120761335,-0.031035608
86761,43.04681703,-89.44296471,6.593738869,0.18295409,0.14101043
86818,43.04681703,-89.44296471,6.593738869,0.18283187,0.10921268
86876,43.04681703,-89.44296471,6.593738869,0.023894086,-0.07344996
86932,43.04681703,-89.44296471,6.593738869,0.065259516,0.004577011
86986,43.04681703,-89.44296471,6.593738869,0.08866644,0.045179654
87041,43.04681703,-89.44296471,6.593738869,0.10759718,0.047530852
87100,43.04681703,-89.44296471,6.593738869,0.12473398,0.03076047
87155,43.04681703,-89.44296471,6.593738869,0.15542062,0.04002546
87209,43.04681703,-89.44296471,6.593738869,0.12784879,-0.015633302
87264,43.04681703,-89.44296471,6.593738869,0.098900564,0.014207361
87321,43.04681703,-89.44296471,6.593738869,0.11825276,5.23E-04
87381,43.04681703,-89.44296471,6.593738869,0.097867,0.091193825
87437,43.04681703,-89.44296471,6.593738869,0.045693398,0.0641804
87494,43.04681703,-89.44296471,6.593738869,0.12352282,0.058498718
87549,43.04681703,-89.44296471,6.593738869,0.09571388,0.03948139
87605,43.04681703,-89.44296471,6.593738869,0.05850069,0.00756142
87661,43.04681703,-89.44296471,6.593738869,0.06763054,0.027118333
87715,43.04676048,-89.44299907,6.783440968,0.10808994,0.03756946
87769,43.04676048,-89.44299907,6.783440968,0.10240909,0.035307225
87827,43.04676048,-89.44299907,6.783440968,0.17521428,0.028939972
87882,43.04676048,-89.44299907,6.783440968,0.078319445,0.016024139
87939,43.04676048,-89.44299907,6.783440968,0.071086,-1.86E-04
87996,43.04676048,-89.44299907,6.783440968,0.03292119,0.018861221
88060,43.04676048,-89.44299907,6.783440968,0.07412554,-0.011075636
88117,43.04676048,-89.44299907,6.783440968,0.06117451,0.008438596
88180,43.04676048,-89.44299907,6.783440968,0.006386697,0.021659873
88235,43.04676048,-89.44299907,6.783440968,-0.001126626,-0.008184423
88292,43.04676048,-89.44299907,6.783440968,0.015095979,-0.015587526
88347,43.04676048,-89.44299907,6.783440968,-0.027328491,0.008305741
88404,43.04676048,-89.44299907,6.783440968,-0.018794388,-0.024164777
88460,43.04676048,-89.44299907,6.783440968,0.018920412,-0.025959773
88517,43.04676048,-89.44299907,6.783440968,-0.06139585,-0.011872361
88575,43.04676048,-89.44299907,6.783440968,-0.094633475,0.008958056
88631,43.04676048,-89.44299907,6.783440968,-0.07672404,0.056301862
88688,43.04676048,-89.44299907,6.783440968,-0.006715634,-0.006957946
88746,43.04670202,-89.44305983,7.380067099,0.021335762,-0.032207776
88802,43.04670202,-89.44305983,7.380067099,-0.05186289,0.025613677
88860,43.04670202,-89.44305983,7.380067099,9.76E-04,-0.007597808
88916,43.04670202,-89.44305983,7.380067099,-0.059542622,-0.03463901
88973,43.04670202,-89.44305983,7.380067099,-0.062091473,0.01032427
89031,43.04670202,-89.44305983,7.380067099,-0.020931216,-0.026079515
89088,43.04670202,-89.44305983,7.380067099,-0.006665329,-0.04480883
89143,43.04670202,-89.44305983,7.380067099,-0.08288374,-0.005408184
89199,43.04670202,-89.44305983,7.380067099,-0.039199926,-0.036168385
89262,43.04670202,-89.44305983,7.380067099,-0.07925996,-0.06683101
89319,43.04670202,-89.44305983,7.380067099,-0.004486842,-0.09725353
89375,43.04670202,-89.44305983,7.380067099,-0.0761474,-0.06688804
89435,43.04670202,-89.44305983,7.380067099,-0.016745588,-0.11434474
89495,43.04670202,-89.44305983,7.380067099,-0.017504398,-0.12754887
89551,43.04670202,-89.44305983,7.380067099,-0.06287353,-0.03041782
89607,43.04670202,-89.44305983,7.380067099,-0.085369535,-0.055532463
89663,43.04670202,-89.44305983,7.380067099,-0.10798699,-0.095278725
89724,43.04664256,-89.44312778,8.018793433,-0.02604587,-0.11073505
89779,43.04664256,-89.44312778,8.018793433,0.02226806,-0.09976833
89836,43.04664256,-89.44312778,8.018793433,0.04975622,-0.09360383
89894,43.04664256,-89.44312778,8.018793433,-0.05971278,-0.07296857
89951,43.04664256,-89.44312778,8.018793433,-0.05948394,-0.07753508
90006,43.04664256,-89.44312778,8.018793433,-0.0418161,-0.09331793
90065,43.04664256,-89.44312778,8.018793433,-0.035362348,-0.070079654
90124,43.04664256,-89.44312778,8.018793433,6.80E-04,-0.07194326
90182,43.04664256,-89.44312778,8.018793433,-0.06825774,-0.10052018
90242,43.04664256,-89.44312778,8.018793433,-0.023208003,-0.0995503
90301,43.04664256,-89.44312778,8.018793433,-0.083744,-0.06462188
90360,43.04664256,-89.44312778,8.018793433,-0.06365936,-0.07435787
90417,43.04664256,-89.44312778,8.018793433,-0.08125867,-0.06620567
90474,43.04664256,-89.44312778,8.018793433,-0.050462764,-0.034285396
90532,43.04664256,-89.44312778,8.018793433,-0.054378152,-0.06306902
90589,43.04664256,-89.44312778,8.018793433,-0.04702956,-0.037844732
90649,43.04664256,-89.44312778,8.018793433,-0.046918344,-0.09718218
90717,43.04658047,-89.44320032,8.441126829,-0.036018897,-0.09542852
90775,43.04658047,-89.44320032,8.441126829,-0.046352047,-0.073044516
90836,43.04658047,-89.44320032,8.441126829,-0.06063779,-0.09314172
90897,43.04658047,-89.44320032,8.441126829,-0.030571673,-0.086774684
90954,43.04658047,-89.44320032,8.441126829,-0.04263097,-0.09221592
91015,43.04658047,-89.44320032,8.441126829,-0.057075,-0.093575194
91072,43.04658047,-89.44320032,8.441126829,-0.053285975,-0.07078866
91136,43.04658047,-89.44320032,8.441126829,-0.055216655,-0.120720565
91194,43.04658047,-89.44320032,8.441126829,-0.061041005,-0.09903843
91250,43.04658047,-89.44320032,8.441126829,-0.02497893,-0.07290388
91308,43.04658047,-89.44320032,8.441126829,-0.05843583,-0.07967276
91365,43.04658047,-89.44320032,8.441126829,-0.046072572,-0.092352815
91426,43.04658047,-89.44320032,8.441126829,-0.03206311,-0.055643063
91487,43.04658047,-89.44320032,8.441126829,-0.03287205,-0.12580404
91543,43.04658047,-89.44320032,8.441126829,-0.04910542,-0.10987504
91602,43.04658047,-89.44320032,8.441126829,-0.07154702,-0.066037595
91659,43.04658047,-89.44320032,8.441126829,-0.069392204,-0.09043143
91725,43.04651953,-89.44327204,8.658503536,-0.03847595,-0.079975516
91781,43.04651953,-89.44327204,8.658503536,-0.041152436,-0.065874055
91839,43.04651953,-89.44327204,8.658503536,-0.04505054,-0.09588422
91896,43.04651953,-89.44327204,8.658503536,-0.09108549,-0.042646967
91951,43.04651953,-89.44327204,8.658503536,-0.007945304,-0.08912837
92007,43.04651953,-89.44327204,8.658503536,-0.022252958,-0.09489137
92066,43.04651953,-89.44327204,8.658503536,-0.043239504,-0.11080423
92130,43.04651953,-89.44327204,8.658503536,-0.007589361,-0.083054096
92189,43.04651953,-89.44327204,8.658503536,-0.025200816,-0.09691231
92250,43.04651953,-89.44327204,8.658503536,-0.005130338,-0.1116646
92306,43.04651953,-89.44327204,8.658503536,0.009577488,-0.08799443
92362,43.04651953,-89.44327204,8.658503536,-0.007286514,-0.06776848
92422,43.04651953,-89.44327204,8.658503536,-0.052579336,-0.06709758
92481,43.04651953,-89.44327204,8.658503536,-0.06629772,-0.051544443
92538,43.04651953,-89.44327204,8.658503536,-0.034442026,-0.11852102
92601,43.04651953,-89.44327204,8.658503536,-0.005681919,-0.07872471
92660,43.04651953,-89.44327204,8.658503536,0.05556636,-0.06990962
92717,43.04646068,-89.44334133,8.670404245,0.030525286,-0.12236911
92772,43.04646068,-89.44334133,8.670404245,0.064821616,-0.1218576
92831,43.04646068,-89.44334133,8.670404245,0.015995072,-0.1331501
92888,43.04646068,-89.44334133,8.670404245,0.025964137,-0.06537105
92943,43.04646068,-89.44334133,8.670404245,0.091844484,-0.08218003
93001,43.04646068,-89.44334133,8.670404245,0.07451124,-0.111637115
93058,43.04646068,-89.44334133,8.670404245,0.11288394,-0.15878008
93113,43.04646068,-89.44334133,8.670404245,0.092820406,-0.11681775
93170,43.04646068,-89.44334133,8.670404245,0.20550089,-0.0905852
93229,43.04646068,-89.44334133,8.670404245,0.14817123,-0.09648815
93285,43.04646068,-89.44334133,8.670404245,0.14635034,-0.10356489
93339,43.04646068,-89.44334133,8.670404245,0.17570612,-0.106930815
93397,43.04646068,-89.44334133,8.670404245,0.20650892,-0.1032585
93453,43.04646068,-89.44334133,8.670404245,0.23544319,-0.15928677
93508,43.04646068,-89.44334133,8.670404245,0.25665206,-0.1543972
93566,43.04646068,-89.44334133,8.670404245,0.22350624,-0.0742421
93625,43.04646068,-89.44334133,8.670404245,0.26860553,-0.038218156
93680,43.04646068,-89.44334133,8.670404245,0.32344002,-0.064817555
93738,43.04640776,-89.443412,8.524965554,0.1593975,-0.09655381
93794,43.04640776,-89.443412,8.524965554,0.25908506,-0.12498033
93848,43.04640776,-89.443412,8.524965554,0.31496263,-0.14224495
93906,43.04640776,-89.443412,8.524965554,0.25335166,-0.162428
93965,43.04640776,-89.443412,8.524965554,0.30987713,-0.18666092
94022,43.04640776,-89.443412,8.524965554,0.20858276,-0.19452769
94077,43.04640776,-89.443412,8.524965554,0.2058884,-0.09579164
94133,43.04640776,-89.443412,8.524965554,0.24693193,-0.07602454
94193,43.04640776,-89.443412,8.524965554,0.36138988,-0.21346049
94252,43.04640776,-89.443412,8.524965554,0.17789656,-0.23725939
94310,43.04640776,-89.443412,8.524965554,0.27824944,-0.10075908
94368,43.04640776,-89.443412,8.524965554,0.29103783,-0.2228993
94428,43.04640776,-89.443412,8.524965554,0.14389007,-0.16179283
94484,43.04640776,-89.443412,8.524965554,0.27714375,-0.121751614
94539,43.04640776,-89.443412,8.524965554,0.30148813,-0.16382986
94597,43.04640776,-89.443412,8.524965554,0.1906315,-0.15449317
94658,43.04640776,-89.443412,8.524965554,0.12191515,-0.13783519
94714,43.04637558,-89.44349505,8.126685876,0.29209048,-0.17330828
94773,43.04637558,-89.44349505,8.126685876,0.110032886,-0.13832238
94833,43.04637558,-89.44349505,8.126685876,0.118607216,0.11371806
94892,43.04637558,-89.44349505,8.126685876,0.3827813,-0.17734219
94950,43.04637558,-89.44349505,8.126685876,0.1643519,-0.105529465
95007,43.04637558,-89.44349505,8.126685876,0.09361293,-0.05266963
95064,43.04637558,-89.44349505,8.126685876,0.27472216,-0.13690369
95120,43.04637558,-89.44349505,8.126685876,0.22692083,-0.08690032
95181,43.04637558,-89.44349505,8.126685876,0.3597445,-0.08246222
95241,43.04637558,-89.44349505,8.126685876,0.24516633,-0.25096262
95298,43.04637558,-89.44349505,8.126685876,0.38545504,-0.06471279
95353,43.04637558,-89.44349505,8.126685876,0.42127687,-0.19011194
95411,43.04637558,-89.44349505,8.126685876,0.16283384,-0.21547806
95472,43.04637558,-89.44349505,8.126685876,0.12214722,-0.18175825
95530,43.04637558,-89.44349505,8.126685876,0.054707352,-0.21459074
95588,43.04637558,-89.44349505,8.126685876,0.07153255,-0.116062835
95647,43.04637558,-89.44349505,8.126685876,0.042601697,0.010642172
95702,43.04637558,-89.44349505,8.126685876,0.15466455,-0.22066197
95762,43.04636958,-89.443584,7.692092,0.18064491,-0.14602625
95818,43.04636958,-89.443584,7.692092,0.09159701,-0.111011535
95873,43.04636958,-89.443584,7.692092,0.07957614,-0.12972479
95930,43.04636958,-89.443584,7.692092,-0.055204958,-0.16580333
95987,43.04636958,-89.443584,7.692092,-0.1310361,-0.090745784
96043,43.04636958,-89.443584,7.692092,-0.06135187,-0.1139548
96100,43.04636958,-89.443584,7.692092,-0.07877491,-0.01039197
96157,43.04636958,-89.443584,7.692092,-0.0339848,-0.054744586
96211,43.04636958,-89.443584,7.692092,0.028203202,-0.11547527
96269,43.04636958,-89.443584,7.692092,-0.009459782,-0.10117669
96327,43.04636958,-89.443584,7.692092,0.041899268,-0.10373411
96384,43.04636958,-89.443584,7.692092,0.002379119,-0.058880545
96440,43.04636958,-89.443584,7.692092,-0.016522659,-0.18678108
96496,43.04636958,-89.443584,7.692092,-0.03643528,-0.12977652
96552,43.04636958,-89.443584,7.692092,-0.09597842,-0.13213351
96609,43.04636958,-89.443584,7.692092,-0.016780699,-0.1878297
96665,43.04636958,-89.443584,7.692092,-0.009945334,-0.14807086
96726,43.04638104,-89.44366394,7.228261029,0.014644193,-0.09722706
96780,43.04638104,-89.44366394,7.228261029,0.001323445,-0.08121755
96835,43.04638104,-89.44366394,7.228261029,0.014809812,-0.11493792
96895,43.04638104,-89.44366394,7.228261029,0.008304398,0.13080871
96950,43.04638104,-89.44366394,7.228261029,-0.008872941,0.015749106
97006,43.04638104,-89.44366394,7.228261029,-0.028976597,0.046903722
97063,43.04638104,-89.44366394,7.228261029,0.046920825,0.06259178
97133,43.04638104,-89.44366394,7.228261029,0.029035836,0.029021036
97192,43.04638104,-89.44366394,7.228261029,-0.007730318,-0.016699424
97249,43.04638104,-89.44366394,7.228261029,-0.08974097,0.037879992
97308,43.04638104,-89.44366394,7.228261029,-0.030072507,0.008087224
97364,43.04638104,-89.44366394,7.228261029,-0.1253619,0.057032216
97420,43.04638104,-89.44366394,7.228261029,-0.11863646,0.035142977
97477,43.04638104,-89.44366394,7.228261029,0.14520296,-0.033733156
97532,43.04638104,-89.44366394,7.228261029,0.063815005,-0.04004841
97591,43.04638104,-89.44366394,7.228261029,-0.018912043,0.017718013
97648,43.04638104,-89.44366394,7.228261029,-0.10671193,0.01045303
97706,43.04639198,-89.44373199,6.87693865,-0.094141185,-0.056692645
97765,43.04639198,-89.44373199,6.87693865,-0.044630904,-0.07639387
97821,43.04639198,-89.44373199,6.87693865,-0.09303454,-0.034999203
97876,43.04639198,-89.44373199,6.87693865,0.004499235,-0.05362295
97932,43.04639198,-89.44373199,6.87693865,-0.08269268,-0.03419052
97991,43.04639198,-89.44373199,6.87693865,0.030800812,0.027666427
98045,43.04639198,-89.44373199,6.87693865,-0.05162878,-0.035834566
98102,43.04639198,-89.44373199,6.87693865,-0.002459862,-0.06788188
98158,43.04639198,-89.44373199,6.87693865,-0.0582662,-0.0246093
98214,43.04639198,-89.44373199,6.87693865,-0.028211774,-0.030469375
98272,43.04639198,-89.44373199,6.87693865,0.005822,-0.061017428
98333,43.04639198,-89.44373199,6.87693865,-0.037579555,-0.0758704
98390,43.04639198,-89.44373199,6.87693865,8.22E-04,-0.022466602
98446,43.04639198,-89.44373199,6.87693865,-0.003871641,-0.071348816
98506,43.04639198,-89.44373199,6.87693865,-0.017213585,-0.07817566
98562,43.04639198,-89.44373199,6.87693865,-0.009249212,-0.116594955
98620,43.04639198,-89.44373199,6.87693865,-0.031208737,-0.08947588
98675,43.04639198,-89.44373199,6.87693865,-0.026458614,-0.064041086
98730,43.04641231,-89.44380545,6.732255452,0.063507415,-0.18632321
98786,43.04641231,-89.44380545,6.732255452,0.13614792,-0.17648807
98842,43.04641231,-89.44380545,6.732255452,0.08158528,-0.12153871
98899,43.04641231,-89.44380545,6.732255452,0.011520143,-0.14681453
98955,43.04641231,-89.44380545,6.732255452,0.19052166,-0.078670464
99014,43.04641231,-89.44380545,6.732255452,-0.024010334,-0.056855172
99072,43.04641231,-89.44380545,6.732255452,0.018623834,-0.06708242
99131,43.04641231,-89.44380545,6.732255452,0.051776696,-0.14601022
99192,43.04641231,-89.44380545,6.732255452,0.0323438,-0.23892434
99254,43.04641231,-89.44380545,6.732255452,0.14540045,-0.13428497
99315,43.04641231,-89.44380545,6.732255452,0.072295725,-0.08332567
99375,43.04641231,-89.44380545,6.732255452,0.029677054,-0.14050367
99439,43.04641231,-89.44380545,6.732255452,0.16409135,-0.14810713
99502,43.04641231,-89.44380545,6.732255452,-0.018817069,-0.062157832
99561,43.04641231,-89.44380545,6.732255452,0.003208605,-0.12351211
99617,43.04641231,-89.44380545,6.732255452,0.024567766,-0.07225551
99677,43.04641231,-89.44380545,6.732255452,-0.027298948,-0.17674696
99745,43.04643653,-89.44387106,6.489939972,0.11040484,-0.083147965
99801,43.04643653,-89.44387106,6.489939972,0.013050849,-0.15990591
99861,43.04643653,-89.44387106,6.489939972,0.025363928,-0.13807733
99918,43.04643653,-89.44387106,6.489939972,0.09560302,-0.03939902
99977,43.04643653,-89.44387106,6.489939972,-0.13317546,-0.08877861
100032,43.04643653,-89.44387106,6.489939972,-0.10501008,-0.07678104
100091,43.04643653,-89.44387106,6.489939972,-0.11554796,-0.14212985
100152,43.04643653,-89.44387106,6.489939972,-0.28752184,-0.059613027
100208,43.04643653,-89.44387106,6.489939972,-0.015132662,-0.24228527
100267,43.04643653,-89.44387106,6.489939972,-0.024995139,-0.26821044
100325,43.04643653,-89.44387106,6.489939972,-0.034585945,-0.13513616
100383,43.04643653,-89.44387106,6.489939972,-0.035388064,-0.023243645
100440,43.04643653,-89.44387106,6.489939972,-0.05292587,-0.030188678
100498,43.04643653,-89.44387106,6.489939972,-0.24189523,0.011959361
100558,43.04643653,-89.44387106,6.489939972,-0.23693225,0.043553405
100615,43.04643653,-89.44387106,6.489939972,-0.22987531,-0.15087849
100675,43.04643653,-89.44387106,6.489939972,-0.10919118,-0.21853808
100733,43.04646403,-89.44393027,6.157414033,-0.11666625,-0.08923957
100790,43.04646403,-89.44393027,6.157414033,-0.097824015,-0.045406263
100847,43.04646403,-89.44393027,6.157414033,-0.19711098,-0.06631248
100913,43.04646403,-89.44393027,6.157414033,-0.15932015,-0.10378529
100970,43.04646403,-89.44393027,6.157414033,-0.16876787,-0.08112748
101031,43.04646403,-89.44393027,6.157414033,-0.15287592,0.007037583
101089,43.04646403,-89.44393027,6.157414033,-0.17634636,0.067558244
101146,43.04646403,-89.44393027,6.157414033,-0.1463962,0.064069964
101205,43.04646403,-89.44393027,6.157414033,-0.0748558,-0.08910071
101262,43.04646403,-89.44393027,6.157414033,-0.09832367,-0.09010472
101319,43.04646403,-89.44393027,6.157414033,-0.1454948,-0.049868815
101378,43.04646403,-89.44393027,6.157414033,-0.20882952,0.0954605
101437,43.04646403,-89.44393027,6.157414033,-0.14542432,-1.89E-04
101495,43.04646403,-89.44393027,6.157414033,-0.058351383,-0.07159581
101553,43.04646403,-89.44393027,6.157414033,-0.09652357,-0.01348882
101609,43.04646403,-89.44393027,6.157414033,-0.016569948,-0.11163711
101666,43.04646403,-89.44393027,6.157414033,0.028120972,-0.18766646
101725,43.04648749,-89.44398709,5.789170786,-0.11278355,-0.1173643
101781,43.04648749,-89.44398709,5.789170786,-0.048284106,0.062495522
101841,43.04648749,-89.44398709,5.789170786,-0.07801244,0.002674612
101899,43.04648749,-89.44398709,5.789170786,-0.113384135,-0.07111447
101956,43.04648749,-89.44398709,5.789170786,-0.01260112,0.003456834
102013,43.04648749,-89.44398709,5.789170786,-0.038004227,-0.09210094
102073,43.04648749,-89.44398709,5.789170786,-0.017000284,-0.1186132
102133,43.04648749,-89.44398709,5.789170786,-0.050865665,0.025755085
102192,43.04648749,-89.44398709,5.789170786,-0.12222984,-0.09427634
102254,43.04648749,-89.44398709,5.789170786,-0.2061178,-0.11913595
102312,43.04648749,-89.44398709,5.789170786,-0.09672816,-0.10541198
102370,43.04648749,-89.44398709,5.789170786,0.042997416,-0.13684866
102427,43.04648749,-89.44398709,5.789170786,0.087734856,-0.061894827
102488,43.04648749,-89.44398709,5.789170786,-0.03752142,-0.110532485
102549,43.04648749,-89.44398709,5.789170786,-0.005315702,-0.02637215
102608,43.04648749,-89.44398709,5.789170786,0.003416479,-0.039075226
102680,43.04648749,-89.44398709,5.789170786,-0.11975994,-0.1489959
102738,43.0465056,-89.4440411,5.32554734,-0.055130333,-0.12104062
102796,43.0465056,-89.4440411,5.32554734,-0.1912908,-0.17343846
102853,43.0465056,-89.4440411,5.32554734,-0.05298758,-0.100643545
102912,43.0465056,-89.4440411,5.32554734,-0.0926062,-0.12076424
102973,43.0465056,-89.4440411,5.32554734,0.12169882,-0.052787088
103032,43.0465056,-89.4440411,5.32554734,0.04670119,0.017070286
103093,43.0465056,-89.4440411,5.32554734,0.04439523,-0.09300714
103151,43.0465056,-89.4440411,5.32554734,-0.028368745,-0.1010378
103209,43.0465056,-89.4440411,5.32554734,-0.06088655,-0.10991935
103269,43.0465056,-89.4440411,5.32554734,-0.036026128,-0.13090448
103327,43.0465056,-89.4440411,5.32554734,-0.09866196,-0.11391951
103386,43.0465056,-89.4440411,5.32554734,-0.046926692,-0.03320334
103441,43.0465056,-89.4440411,5.32554734,0.021658124,-0.14263323
103498,43.0465056,-89.4440411,5.32554734,-0.044373866,-0.11772506
103567,43.0465056,-89.4440411,5.32554734,0.015197729,-0.05758776
103624,43.0465056,-89.4440411,5.32554734,-0.038730223,-0.019001735
103679,43.0465056,-89.4440411,5.32554734,-0.11745456,-0.10826367
103736,43.04652087,-89.44408659,4.784896924,0.09757513,-0.08819407
103794,43.04652087,-89.44408659,4.784896924,0.015848199,-0.061065335
103856,43.04652087,-89.44408659,4.784896924,-0.047530554,-0.03995992
103913,43.04652087,-89.44408659,4.784896924,-0.04490233,-0.08490656
103969,43.04652087,-89.44408659,4.784896924,-0.059100993,-0.031901207
104031,43.04652087,-89.44408659,4.784896924,-0.044680674,-0.057229374
104093,43.04652087,-89.44408659,4.784896924,0.014740528,-0.0765949
104154,43.04652087,-89.44408659,4.784896924,-0.026804036,-0.14051852
104213,43.04652087,-89.44408659,4.784896924,-0.005891842,-0.11313071
104274,43.04652087,-89.44408659,4.784896924,0.008732419,-0.10179371
104330,43.04652087,-89.44408659,4.784896924,-0.02323434,-0.10149428
104393,43.04652087,-89.44408659,4.784896924,-0.024327941,-0.114300005
104449,43.04652087,-89.44408659,4.784896924,-0.030277502,-0.104980126
104509,43.04652087,-89.44408659,4.784896924,-0.013030836,-0.06677283
104567,43.04652087,-89.44408659,4.784896924,-0.02416269,-0.07307354
104629,43.04652087,-89.44408659,4.784896924,-0.039058622,-0.083686
104686,43.04652087,-89.44408659,4.784896924,-2.16E-04,-0.08918553
104745,43.04653154,-89.44412206,4.116787382,-0.041580144,-0.04375598
104882,43.04653154,-89.44412206,4.116787382,-0.024671424,-0.07679298
104943,43.04653154,-89.44412206,4.116787382,-0.029949032,-0.1242547
105003,43.04653154,-89.44412206,4.116787382,-0.010385129,-0.11182992
105065,43.04653154,-89.44412206,4.116787382,-0.011157459,-0.12699652
105124,43.04653154,-89.44412206,4.116787382,-0.014295759,-0.13203484
105185,43.04653154,-89.44412206,4.116787382,-0.005882375,-0.12884744
105246,43.04653154,-89.44412206,4.116787382,-0.053125277,-0.07677218
105303,43.04653154,-89.44412206,4.116787382,-0.008017033,-0.07879522
105361,43.04653154,-89.44412206,4.116787382,-0.045953233,-0.07349528
105418,43.04653154,-89.44412206,4.116787382,-0.025908746,-0.11370271
105475,43.04653154,-89.44412206,4.116787382,-0.043285597,-0.073874295
105537,43.04653154,-89.44412206,4.116787382,-0.009658649,-0.11406007
105635,43.04653154,-89.44412206,4.116787382,-0.012998987,-0.10261775
105690,43.04653154,-89.44412206,4.116787382,-0.018467387,-0.08110845
105746,43.04653847,-89.44414512,3.231368988,-0.034539778,-0.105112806
105800,43.04653847,-89.44414512,3.231368988,-0.012795979,-0.0715195
105854,43.04653847,-89.44414512,3.231368988,-0.016643357,-0.07800964
105909,43.04653847,-89.44414512,3.231368988,-0.009097368,-0.08647199
105964,43.04653847,-89.44414512,3.231368988,-0.020573676,-0.08265702
106020,43.04653847,-89.44414512,3.231368988,-0.027265478,-0.08211197
106076,43.04653847,-89.44414512,3.231368988,-0.018044734,-0.09373649
106131,43.04653847,-89.44414512,3.231368988,-0.02034024,-0.0754358
106189,43.04653847,-89.44414512,3.231368988,-0.03569819,-0.0863275
106246,43.04653847,-89.44414512,3.231368988,-0.016485637,-0.072032675
106302,43.04653847,-89.44414512,3.231368988,-0.024333302,-0.0795598
106357,43.04653847,-89.44414512,3.231368988,-0.01988968,-0.069476396
106417,43.04653847,-89.44414512,3.231368988,-0.0195813,-0.030428302
106472,43.04653847,-89.44414512,3.231368988,-0.004246799,-0.031791158
106532,43.04653847,-89.44414512,3.231368988,-0.010718041,-0.030186132
106594,43.04653847,-89.44414512,3.231368988,-0.012633646,-0.024057087
106661,43.04653847,-89.44414512,3.231368988,-0.01448081,-0.030388674
106719,43.04653847,-89.44414512,3.231368988,-0.022857971,-0.01856725
106778,43.04654197,-89.4441537,2.238728624,-0.005491932,-0.017483046
106839,43.04654197,-89.4441537,2.238728624,-0.005307579,-0.03709991
106895,43.04654197,-89.4441537,2.238728624,-0.007046459,-0.019998895
106951,43.04654197,-89.4441537,2.238728624,-0.017744701,-0.011339656
107007,43.04654197,-89.4441537,2.238728624,-0.008183144,-0.01976512
107065,43.04654197,-89.4441537,2.238728624,-0.017611906,-0.004449414
107122,43.04654197,-89.4441537,2.238728624,-0.011416101,-0.010502744
107180,43.04654197,-89.4441537,2.238728624,-0.018903224,0.005514396
107236,43.04654197,-89.4441537,2.238728624,-0.008906767,0.011061393
107294,43.04654197,-89.4441537,2.238728624,-0.01894598,0.006868489
107355,43.04654197,-89.4441537,2.238728624,-0.013222228,-0.003776029
107412,43.04654197,-89.4441537,2.238728624,-0.01811618,0.016505515
107469,43.04654197,-89.4441537,2.238728624,-0.005571134,0.001575283
107526,43.04654197,-89.4441537,2.238728624,-0.012099723,0.010944109
107588,43.04654197,-89.4441537,2.238728624,-0.006521197,4.51E-04
107651,43.04654197,-89.4441537,2.238728624,-0.009964686,0.005302984
107710,43.04654179,-89.44415335,1.343237174,-0.003028972,0.018673228
107765,43.04654179,-89.44415335,1.343237174,-8.31E-04,0.004416875
107822,43.04654179,-89.44415335,1.343237174,-0.011207284,0.003150789
107887,43.04654179,-89.44415335,1.343237174,-0.01171158,-0.001984806
107943,43.04654179,-89.44415335,1.343237174,-0.028156042,0.012140162
108005,43.04654179,-89.44415335,1.343237174,-0.004780391,0.014360831
108064,43.04654179,-89.44415335,1.343237174,-0.008787085,0.014235264
108120,43.04654179,-89.44415335,1.343237174,-0.002547262,0.00378557
108178,43.04654179,-89.44415335,1.343237174,-0.015783975,0.010134577
108234,43.04654179,-89.44415335,1.343237174,-0.009436157,0.027112003
108295,43.04654179,-89.44415335,1.343237174,0.001029311,0.012720014
108352,43.04654179,-89.44415335,1.343237174,-0.001901087,0.006457506
108413,43.04654179,-89.44415335,1.343237174,-0.02162773,0.008779649
108472,43.04654179,-89.44415335,1.343237174,-0.009214667,0.00539758
108530,43.04654179,-89.44415335,1.343237174,-0.007518262,0.012827773
108594,43.04654179,-89.44415335,1.343237174,-0.015480742,0.008027867
108662,43.04654179,-89.44415335,1.343237174,-0.01046388,0.009010132
108719,43.04654042,-89.44414825,1.019075401,-0.025334207,-0.00226805
108776,43.04654042,-89.44414825,1.019075401,-0.022907892,0.034981225
108834,43.04654042,-89.44414825,1.019075401,-0.013419014,0.012077558
108897,43.04654042,-89.44414825,1.019075401,-0.00464958,0.002289017
108955,43.04654042,-89.44414825,1.019075401,0.004747425,0.012274103
109010,43.04654042,-89.44414825,1.019075401,-0.012078345,0.02061453
109067,43.04654042,-89.44414825,1.019075401,-0.001152876,0.042498283
109124,43.04654042,-89.44414825,1.019075401,-0.019323016,0.019616097
109188,43.04654042,-89.44414825,1.019075401,-0.007645753,0.044779018
109247,43.04654042,-89.44414825,1.019075401,-0.022100745,0.062761515
109306,43.04654042,-89.44414825,1.019075401,-0.015107431,0.06331965
109368,43.04654042,-89.44414825,1.019075401,-0.001526873,0.08929943
109430,43.04654042,-89.44414825,1.019075401,-0.010780693,0.1118995
109492,43.04654042,-89.44414825,1.019075401,0.002516206,0.11609849
109551,43.04654042,-89.44414825,1.019075401,0.002516206,0.11609849
109612,43.04654042,-89.44414825,1.019075401,-0.002497687,0.13902366
109672,43.04654042,-89.44414825,1.019075401,-0.012216399,0.1394387
109731,43.04653767,-89.44413802,0.971469312,5.99E-04,0.14985397
109787,43.04653767,-89.44413802,0.971469312,-0.015470458,0.14715311
109846,43.04653767,-89.44413802,0.971469312,-0.006005158,0.14710909
109903,43.04653767,-89.44413802,0.971469312,-0.009097611,0.13294227
109962,43.04653767,-89.44413802,0.971469312,0.004993544,0.13322674
110019,43.04653767,-89.44413802,0.971469312,-0.005636592,0.13605513
110076,43.04653767,-89.44413802,0.971469312,0.002934687,0.13480589
110136,43.04653767,-89.44413802,0.971469312,-0.002924338,0.12659821
110195,43.04653767,-89.44413802,0.971469312,-0.016525313,0.12654988
110255,43.04653767,-89.44413802,0.971469312,-0.002276384,0.12887162
110311,43.04653767,-89.44413802,0.971469312,-0.015813923,0.12059592
110370,43.04653767,-89.44413802,0.971469312,-0.014602261,0.102674924
110429,43.04653767,-89.44413802,0.971469312,0.00549697,0.043104753
110490,43.04653767,-89.44413802,0.971469312,-0.003041116,-0.005184566
110549,43.04653767,-89.44413802,0.971469312,-0.013596345,0.003865486
110606,43.04653767,-89.44413802,0.971469312,-0.02340757,0.016149623
110665,43.04653767,-89.44413802,0.971469312,-4.49E-04,0.061769485
110730,43.0465369,-89.44413466,0.708224969,-0.02042669,0.022598643
110786,43.0465369,-89.44413466,0.708224969,-0.01633009,0.008958009
110842,43.0465369,-89.44413466,0.708224969,-0.013539046,0.005548913
110900,43.0465369,-89.44413466,0.708224969,-4.21E-04,0.030592388
110956,43.0465369,-89.44413466,0.708224969,-6.88E-04,0.035496656
111011,43.0465369,-89.44413466,0.708224969,-0.004211358,0.039350387
111070,43.0465369,-89.44413466,0.708224969,-0.016616348,0.011667294
111129,43.0465369,-89.44413466,0.708224969,-0.005886848,0.014040227
111190,43.0465369,-89.44413466,0.708224969,-0.005119445,0.023263404
111250,43.0465369,-89.44413466,0.708224969,-0.011031013,0.029488176
111309,43.0465369,-89.44413466,0.708224969,-0.023574976,0.022386538
111368,43.0465369,-89.44413466,0.708224969,0.01534354,0.009079245
111423,43.0465369,-89.44413466,0.708224969,0.03546309,0.04215566
111482,43.0465369,-89.44413466,0.708224969,-0.04637193,0.09533377
111541,43.0465369,-89.44413466,0.708224969,-0.031594466,0.030426828
111600,43.0465369,-89.44413466,0.708224969,-0.17605343,0.10609971
111657,43.0465369,-89.44413466,0.708224969,-0.18495864,-0.4751092
111723,43.04653755,-89.44413532,0.424934982,-0.27808264,-0.376169
111778,43.04653755,-89.44413532,0.424934982,-0.039365266,0.06987872
111839,43.04653755,-89.44413532,0.424934982,-0.34477684,-0.21937096
111898,43.04653755,-89.44413532,0.424934982,0.105357155,-0.07901844
111957,43.04653755,-89.44413532,0.424934982,-0.23091859,0.2936591
112016,43.04653755,-89.44413532,0.424934982,-0.115728244,0.20635046
112073,43.04653755,-89.44413532,0.424934982,0.4176838,0.09083446
112132,43.04653755,-89.44413532,0.424934982,0.08553129,0.12424577
112191,43.04653755,-89.44413532,0.424934982,0.31658846,0.13382922
112253,43.04653755,-89.44413532,0.424934982,0.18711068,0.039477564
112312,43.04653755,-89.44413532,0.424934982,0.16949084,-0.007533984
112371,43.04653755,-89.44413532,0.424934982,0.21650302,0.15609305
112434,43.04653755,-89.44413532,0.424934982,-0.033190306,0.051790573
112493,43.04653755,-89.44413532,0.424934982,0.21922138,-0.14833413
112550,43.04653755,-89.44413532,0.424934982,0.003780604,0.13647878
112607,43.04653755,-89.44413532,0.424934982,0.08988714,-0.12660357
112668,43.04653755,-89.44413532,0.424934982,-0.027545495,-0.15129434
112726,43.04653755,-89.44413532,0.254960989,0.046205126,-0.06045699
112785,43.04653755,-89.44413532,0.254960989,0.03188636,0.079356715
112845,43.04653755,-89.44413532,0.254960989,0.02000877,-0.05800286
112903,43.04653755,-89.44413532,0.254960989,-0.03212726,0.097573414
112960,43.04653755,-89.44413532,0.254960989,-0.021501267,-0.008789817
113016,43.04653755,-89.44413532,0.254960989,-0.023004929,0.09241004
113076,43.04653755,-89.44413532,0.254960989,-0.020983696,-0.024837721
113134,43.04653755,-89.44413532,0.254960989,-0.022569368,0.05377215
113195,43.04653755,-89.44413532,0.254960989,-0.033060566,0.029049141
113254,43.04653755,-89.44413532,0.254960989,-0.003535208,0.004529633
113312,43.04653755,-89.44413532,0.254960989,0.004768539,0.044886723
113371,43.04653755,-89.44413532,0.254960989,-0.016605088,0.015446818
113429,43.04653755,-89.44413532,0.254960989,-0.023356533,-0.007723101
113503,43.04653755,-89.44413532,0.254960989,-0.021315958,0.020091001
113575,43.04653755,-89.44413532,0.254960989,-0.017590346,-0.007439503
113630,43.04653755,-89.44413532,0.254960989,-0.01452811,0.020396259
113685,43.04653755,-89.44413532,0.254960989,-0.001844183,0.014189906
113740,43.04653755,-89.44413532,0.152976593,-0.010476976,-0.007130627
113794,43.04653755,-89.44413532,0.152976593,2.75E-04,0.014584404
113850,43.04653755,-89.44413532,0.152976593,-0.009595964,-0.004183691
113905,43.04653755,-89.44413532,0.152976593,-0.002117802,0.03351548
113960,43.04653755,-89.44413532,0.152976593,-0.016093763,0.01689817
114013,43.04653755,-89.44413532,0.152976593,0.010458627,0.028858235
114070,43.04653755,-89.44413532,0.152976593,0.024671538,0.010390453
114127,43.04653755,-89.44413532,0.152976593,0.024107296,0.03259901
114181,43.04653755,-89.44413532,0.152976593,-6.01E-04,0.03043519
114239,43.04653755,-89.44413532,0.152976593,-0.007088812,0.002021761
114296,43.04653755,-89.44413532,0.152976593,-0.012105662,-7.90E-04
114354,43.04653755,-89.44413532,0.152976593,-0.023617929,0.011526455
114409,43.04653755,-89.44413532,0.152976593,-0.00176947,0.01948541
114468,43.04653755,-89.44413532,0.152976593,-0.00329339,0.002002952
114523,43.04653755,-89.44413532,0.152976593,-0.001854933,-0.009445125
114579,43.04653755,-89.44413532,0.152976593,0.0030561,-0.003366779
114639,43.04653755,-89.44413532,0.152976593,0.010086892,0.016408425
114702,43.04653755,-89.44413532,0.152976593,-0.015581057,0.013612295
114759,43.04653755,-89.44413532,0.091785956,-0.012034607,-0.009484366
114815,43.04653755,-89.44413532,0.091785956,-0.003825631,-0.019224953
114869,43.04653755,-89.44413532,0.091785956,-0.0097418,-0.009217882
114925,43.04653755,-89.44413532,0.091785956,6.71E-04,0.03211303
114982,43.04653755,-89.44413532,0.091785956,4.99E-04,0.03695875
115036,43.04653755,-89.44413532,0.091785956,-8.73E-04,0.031184541
115096,43.04653755,-89.44413532,0.091785956,-0.00531577,0.008368804
115157,43.04653755,-89.44413532,0.091785956,-0.005330088,0.011663555
115213,43.04653755,-89.44413532,0.091785956,-5.55E-04,0.008996234
115269,43.04653755,-89.44413532,0.091785956,-0.004277652,0.009789894
115324,43.04653755,-89.44413532,0.091785956,0.001831672,0.01437396
115379,43.04653755,-89.44413532,0.091785956,2.91E-05,0.009723992
115435,43.04653755,-89.44413532,0.091785956,-0.001650742,0.010973729
115489,43.04653755,-89.44413532,0.091785956,-0.005455633,0.017307198
115543,43.04653755,-89.44413532,0.091785956,-9.11E-04,0.011186615
115597,43.04653755,-89.44413532,0.091785956,-0.004734213,0.007659996
115654,43.04653755,-89.44413532,0.091785956,-0.010681101,-0.002106928
115710,43.04653755,-89.44413532,0.055071574,0.001691394,-0.004257744
115765,43.04653755,-89.44413532,0.055071574,-0.003795433,0.007289014
115819,43.04653755,-89.44413532,0.055071574,-0.002638955,0.008812467
115876,43.04653755,-89.44413532,0.055071574,-0.003458658,0.007898354
115943,43.04653755,-89.44413532,0.055071574,-0.005291005,0.008904111
116000,43.04653755,-89.44413532,0.055071574,-0.005125506,0.020162743
116057,43.04653755,-89.44413532,0.055071574,-0.004385852,0.009412232
116114,43.04653755,-89.44413532,0.055071574,0.001266356,0.008590247
116169,43.04653755,-89.44413532,0.055071574,-0.006036947,0.004556068
116225,43.04653755,-89.44413532,0.055071574,0.002607691,0.004781367
116280,43.04653755,-89.44413532,0.055071574,-0.006741636,0.013474783
116335,43.04653755,-89.44413532,0.055071574,-0.00322823,0.014233587
116395,43.04653755,-89.44413532,0.055071574,-0.00497306,0.010224743
116451,43.04653755,-89.44413532,0.055071574,0.009659601,0.016847724
116506,43.04653755,-89.44413532,0.055071574,0.043187093,0.055940654
116563,43.04653755,-89.44413532,0.055071574,1.26E-04,-0.010392658
116622,43.04653755,-89.44413532,0.055071574,0.004463895,0.022895312
116677,43.04653755,-89.44413532,0.055071574,-0.007137506,-0.04068136
116733,43.04653755,-89.44413532,0.033042944,-0.00562217,-0.007286683
116789,43.04653755,-89.44413532,0.033042944,-0.016742568,-0.005696415
116845,43.04653755,-89.44413532,0.033042944,-0.010633417,0.03072224
116902,43.04653755,-89.44413532,0.033042944,-0.005929412,0.021826888
116961,43.04653755,-89.44413532,0.033042944,-0.020150483,-0.003230204
117018,43.04653755,-89.44413532,0.033042944,-0.012342006,-0.015283472
117073,43.04653755,-89.44413532,0.033042944,-0.006189075,-0.003533231
117129,43.04653755,-89.44413532,0.033042944,-0.006189075,-0.003533231
117187,43.04653755,-89.44413532,0.033042944,0.006141108,0.01396899
117249,43.04653755,-89.44413532,0.033042944,0.001271925,0.020861045
117310,43.04653755,-89.44413532,0.033042944,0.003465221,-0.008889878
117368,43.04653755,-89.44413532,0.033042944,-0.025096636,0.019212771
117423,43.04653755,-89.44413532,0.033042944,-0.008264092,-0.010517258
117479,43.04653755,-89.44413532,0.033042944,0.01994485,-0.001982247
117536,43.04653755,-89.44413532,0.033042944,0.002621908,-0.009294015
117590,43.04653755,-89.44413532,0.033042944,9.96E-04,0.002718482
117648,43.04653755,-89.44413532,0.033042944,0.002733998,0.02928153
117702,43.04653755,-89.44413532,0.033042944,-0.034256924,0.026069514
117768,43.04653755,-89.44413532,0.019825766,-0.028709382,-0.007076955
117824,43.04653755,-89.44413532,0.019825766,-0.020980548,-0.004905167
117881,43.04653755,-89.44413532,0.019825766,-0.003026733,0.006106611
117938,43.04653755,-89.44413532,0.019825766,0.030974397,-0.004483935
117994,43.04653755,-89.44413532,0.019825766,0.013534995,0.018757815
118048,43.04653755,-89.44413532,0.019825766,0.009971579,0.012723182
118102,43.04653755,-89.44413532,0.019825766,-0.003462107,0.03236123
118158,43.04653755,-89.44413532,0.019825766,-0.013278715,0.018073833
118213,43.04653755,-89.44413532,0.019825766,0.00159106,-0.02724482
118267,43.04653755,-89.44413532,0.019825766,0.009211493,0.02066154
118321,43.04653755,-89.44413532,0.019825766,-0.00486684,0.011199551
118375,43.04653755,-89.44413532,0.019825766,0.002356587,9.66E-04
118431,43.04653755,-89.44413532,0.019825766,0.005926886,-0.005675374
118486,43.04653755,-89.44413532,0.019825766,0.001600272,-0.001589613
118541,43.04653755,-89.44413532,0.019825766,-0.012226793,0.006526786
118595,43.04653755,-89.44413532,0.019825766,-0.019369684,0.002012224
118653,43.04653755,-89.44413532,0.019825766,0.003804294,-0.022368332
118707,43.04653755,-89.44413532,0.019825766,0.016168246,0.020298079
118763,43.04653755,-89.44413532,0.01189546,0.003813293,0.004887548
118818,43.04653755,-89.44413532,0.01189546,-0.0351329,0.04852191
118880,43.04653755,-89.44413532,0.01189546,-0.027429199,-0.025134997
118934,43.04653755,-89.44413532,0.01189546,-0.008600289,-0.002963889
118992,43.04653755,-89.44413532,0.01189546,-0.002033418,0.011268572
119046,43.04653755,-89.44413532,0.01189546,0.01609647,5.86E-04
119102,43.04653755,-89.44413532,0.01189546,0.023783635,0.002808356
119156,43.04653755,-89.44413532,0.01189546,-0.008450564,-4.91E-05
119212,43.04653755,-89.44413532,0.01189546,-0.01682845,-0.020849727
119267,43.04653755,-89.44413532,0.01189546,-0.034555558,0.018654263
119321,43.04653755,-89.44413532,0.01189546,-0.051522963,0.014949149
119376,43.04653755,-89.44413532,0.01189546,-0.007713509,0.034227822
119431,43.04653755,-89.44413532,0.01189546,0.024548536,0.007910399
119486,43.04653755,-89.44413532,0.01189546,0.04649562,0.014230913
119546,43.04653755,-89.44413532,0.01189546,0.02200418,2.36E-05
119603,43.04653755,-89.44413532,0.01189546,-0.002062365,0.007267701
119661,43.04653755,-89.44413532,0.01189546,-0.00197888,-0.014874691
119718,43.04653755,-89.44413532,0.007137276,-0.011007295,0.001560702
119773,43.04653755,-89.44413532,0.007137276,0.005559838,0.004136861
119830,43.04653755,-89.44413532,0.007137276,-0.002876358,0.012296603
119886,43.04653755,-89.44413532,0.007137276,4.63E-04,0.005310135
119945,43.04653755,-89.44413532,0.007137276,-0.004705886,0.005824299
120001,43.04653755,-89.44413532,0.007137276,9.10E-04,-0.004866131
120067,43.04653755,-89.44413532,0.007137276,0.003472162,0.023648083
120126,43.04653755,-89.44413532,0.007137276,0.007641729,0.007236423
120184,43.04653755,-89.44413532,0.007137276,-0.008881865,-0.009336076
120244,43.04653755,-89.44413532,0.007137276,-0.015017685,-0.001368687
120303,43.04653755,-89.44413532,0.007137276,-0.010393146,0.025640573
120363,43.04653755,-89.44413532,0.007137276,-0.005752938,0.013678353
120420,43.04653755,-89.44413532,0.007137276,-0.012010866,-0.002744668
120477,43.04653755,-89.44413532,0.007137276,-0.001329588,-0.008049752
120538,43.04653755,-89.44413532,0.007137276,0.009774516,-0.02031674
120597,43.04653755,-89.44413532,0.007137276,0.002743006,0.007329654
120657,43.04653755,-89.44413532,0.007137276,-0.010390905,0.007711999
120712,43.04653755,-89.44413532,0.004282366,0.024881372,0.016656293
120768,43.04653755,-89.44413532,0.004282366,0.052924857,0.013624785
120826,43.04653755,-89.44413532,0.004282366,0.014916795,0.021298984
120883,43.04653755,-89.44413532,0.004282366,-0.062335182,-0.014577065
120937,43.04653755,-89.44413532,0.004282366,-0.057076648,0.014065411
120992,43.04653755,-89.44413532,0.004282366,-0.012354291,-0.02096367
121046,43.04653755,-89.44413532,0.004282366,0.019247754,-0.022501528
121104,43.04653755,-89.44413532,0.004282366,0.03514492,0.017265836
121161,43.04653755,-89.44413532,0.004282366,0.018057944,0.006537395
121220,43.04653755,-89.44413532,0.004282366,0.012060608,-0.015325483
121276,43.04653755,-89.44413532,0.004282366,-0.06446782,-0.023906944
121331,43.04653755,-89.44413532,0.004282366,-0.04108562,0.010025613
121386,43.04653755,-89.44413532,0.004282366,0.006100453,0.014255802
121441,43.04653755,-89.44413532,0.004282366,0.019792182,0.032816406
121500,43.04653755,-89.44413532,0.004282366,0.015945312,0.025818143
121555,43.04653755,-89.44413532,0.004282366,0.008666367,0.005568586
121610,43.04653755,-89.44413532,0.004282366,0.0114866,-0.01594572
121667,43.04653755,-89.44413532,0.004282366,0.007158752,-0.024776882
121726,43.04653755,-89.44413532,0.002569419,-7.39E-05,0.021475617
121781,43.04653755,-89.44413532,0.002569419,-0.012561721,0.002247223
121839,43.04653755,-89.44413532,0.002569419,-0.014509422,0.006315256
121896,43.04653755,-89.44413532,0.002569419,-0.012674017,0.030185632
121953,43.04653755,-89.44413532,0.002569419,-0.006406715,0.012760306
122011,43.04653755,-89.44413532,0.002569419,-0.006755333,0.003190487
122068,43.04653755,-89.44413532,0.002569419,0.010424971,0.094819725
122123,43.04653755,-89.44413532,0.002569419,-0.024797382,-0.019716874
